-- phpMyAdmin SQL Dump
-- version 4.9.5
-- https://www.phpmyadmin.net/
--
-- Servidor: localhost:3306
-- Tiempo de generación: 19-11-2020 a las 17:54:23
-- Versión del servidor: 10.3.25-MariaDB-cll-lve
-- Versión de PHP: 7.3.6

SET SQL_MODE = "NO_AUTO_VALUE_ON_ZERO";
SET AUTOCOMMIT = 0;
START TRANSACTION;
SET time_zone = "+00:00";


/*!40101 SET @OLD_CHARACTER_SET_CLIENT=@@CHARACTER_SET_CLIENT */;
/*!40101 SET @OLD_CHARACTER_SET_RESULTS=@@CHARACTER_SET_RESULTS */;
/*!40101 SET @OLD_COLLATION_CONNECTION=@@COLLATION_CONNECTION */;
/*!40101 SET NAMES utf8mb4 */;

--
-- Base de datos: `juanfher_teranfinal`
--

-- --------------------------------------------------------

--
-- Estructura de tabla para la tabla `activations`
--

CREATE TABLE `activations` (
  `id` int(10) UNSIGNED NOT NULL,
  `user_id` int(10) UNSIGNED NOT NULL,
  `code` varchar(191) COLLATE utf8mb4_unicode_ci NOT NULL,
  `completed` tinyint(1) NOT NULL DEFAULT 0,
  `completed_at` datetime DEFAULT NULL,
  `created_at` timestamp NULL DEFAULT NULL,
  `updated_at` timestamp NULL DEFAULT NULL
) ENGINE=InnoDB DEFAULT CHARSET=utf8mb4 COLLATE=utf8mb4_unicode_ci;

--
-- Volcado de datos para la tabla `activations`
--

INSERT INTO `activations` (`id`, `user_id`, `code`, `completed`, `completed_at`, `created_at`, `updated_at`) VALUES
(1, 1, 'ca2N6a1zXEEXcPS5Z6igqbB585MTd58h', 1, '2019-08-04 18:34:30', '2019-08-05 00:34:30', '2019-08-05 00:34:30'),
(10, 10, 'AGETyHWMfafWiqATxPOGb0mG3pUo2WGI', 1, '2020-04-28 20:32:19', '2020-04-28 20:32:19', '2020-04-28 20:32:19'),
(11, 11, 'owaalwmaP1qvcA6gkJsjjeYxMEIutqFD', 1, '2020-05-13 19:20:16', '2020-05-13 19:20:16', '2020-05-13 19:20:16'),
(12, 12, 'vWbb6Ybo6AI4d6DAuTBVTNsJeqUnkj7n', 1, '2020-06-27 21:17:45', '2020-06-28 03:17:45', '2020-06-28 03:17:45'),
(13, 13, 'PY4LC589o7cWBobkPA3olzAGrW7BIBUa', 1, '2020-07-15 16:20:25', '2020-07-15 22:20:25', '2020-07-15 22:20:25'),
(14, 14, '0RABjthHKnyrOFKgelOyce0vgo66eE62', 1, '2020-08-05 22:06:42', '2020-08-06 04:06:42', '2020-08-06 04:06:42'),
(15, 15, 'CJwNNdJAn7yCRbsLjI2SgTWDkrrMnPhw', 1, '2020-08-11 14:27:51', '2020-08-11 20:27:51', '2020-08-11 20:27:51'),
(16, 16, 'q96UVLISo3sa6uJCdUzqknr8Tckc6P41', 1, '2020-08-18 17:53:09', '2020-08-18 23:53:09', '2020-08-18 23:53:09'),
(17, 17, 'ah6PZPEPEk4HtpshtDr6BPncc6SctzLZ', 1, '2020-08-19 17:04:25', '2020-08-19 23:04:25', '2020-08-19 23:04:25'),
(18, 18, 'j8jTmTJsW1WZqaCtIwLP1ylXKVLA5d1T', 1, '2020-08-31 20:25:47', '2020-09-01 02:25:47', '2020-09-01 02:25:47'),
(19, 19, 'AnEnhwNazNa5Fg0TBGiDEOHCys1wDwiS', 1, '2020-11-06 07:14:45', '2020-11-06 14:14:45', '2020-11-06 14:14:45');

-- --------------------------------------------------------

--
-- Estructura de tabla para la tabla `attributes`
--

CREATE TABLE `attributes` (
  `id` int(10) UNSIGNED NOT NULL,
  `attribute_set_id` int(10) UNSIGNED NOT NULL,
  `is_filterable` tinyint(1) NOT NULL,
  `created_at` timestamp NULL DEFAULT NULL,
  `updated_at` timestamp NULL DEFAULT NULL
) ENGINE=InnoDB DEFAULT CHARSET=utf8mb4 COLLATE=utf8mb4_unicode_ci;

--
-- Volcado de datos para la tabla `attributes`
--

INSERT INTO `attributes` (`id`, `attribute_set_id`, `is_filterable`, `created_at`, `updated_at`) VALUES
(1, 4, 1, '2019-09-06 19:09:13', '2019-09-06 20:40:48'),
(2, 4, 1, '2019-09-06 21:04:50', '2019-09-06 21:04:50'),
(3, 4, 1, '2019-09-06 21:06:40', '2019-09-06 21:06:40'),
(4, 4, 1, '2019-09-06 21:07:11', '2019-09-06 21:07:11'),
(5, 4, 1, '2019-09-06 21:07:37', '2019-09-06 21:07:37'),
(6, 2, 1, '2019-09-06 21:19:25', '2019-09-06 21:19:25'),
(7, 8, 0, '2019-09-17 15:37:38', '2019-09-17 15:37:38'),
(8, 3, 0, '2019-09-17 15:39:40', '2019-09-17 15:39:40'),
(9, 1, 0, '2019-09-24 23:18:21', '2019-09-24 23:18:21'),
(10, 4, 0, '2019-09-25 00:12:07', '2019-09-25 00:12:07'),
(11, 9, 1, '2020-01-13 09:53:29', '2020-01-13 10:12:37'),
(12, 4, 0, '2020-01-13 11:41:42', '2020-01-13 11:41:42'),
(13, 2, 1, '2020-01-23 09:50:28', '2020-01-23 09:50:28'),
(14, 2, 0, '2020-01-23 10:04:41', '2020-01-23 10:04:41'),
(15, 2, 0, '2020-01-23 10:06:33', '2020-01-23 10:06:33'),
(16, 2, 0, '2020-01-23 10:07:43', '2020-01-23 10:07:43'),
(17, 1, 0, '2020-01-23 10:18:08', '2020-01-23 10:18:08'),
(18, 1, 0, '2020-01-23 10:18:59', '2020-01-23 10:18:59'),
(19, 4, 1, '2020-01-24 11:11:23', '2020-01-24 11:11:23'),
(20, 4, 1, '2020-01-24 11:13:49', '2020-01-24 11:13:49'),
(21, 1, 0, '2020-01-24 16:39:33', '2020-01-24 16:39:33'),
(22, 2, 1, '2020-01-25 15:04:30', '2020-01-25 15:04:30'),
(23, 2, 0, '2020-01-25 15:05:25', '2020-01-25 15:05:25'),
(25, 2, 0, '2020-08-14 23:22:37', '2020-08-14 23:22:37'),
(26, 2, 0, '2020-08-14 23:23:15', '2020-08-14 23:23:15'),
(27, 2, 0, '2020-08-14 23:23:44', '2020-08-14 23:23:44'),
(28, 2, 0, '2020-08-14 23:24:04', '2020-08-14 23:24:04'),
(29, 2, 0, '2020-08-14 23:24:33', '2020-08-14 23:24:33'),
(30, 2, 0, '2020-08-14 23:24:54', '2020-08-14 23:24:54'),
(31, 2, 0, '2020-08-14 23:25:27', '2020-08-14 23:25:27'),
(32, 2, 0, '2020-08-14 23:26:27', '2020-08-14 23:26:27'),
(33, 10, 0, '2020-09-07 20:53:31', '2020-09-07 20:53:31'),
(34, 10, 0, '2020-09-07 20:55:38', '2020-09-07 20:55:38'),
(35, 10, 0, '2020-09-07 20:59:50', '2020-09-07 20:59:50'),
(36, 10, 0, '2020-09-07 21:02:39', '2020-09-07 21:02:39'),
(37, 10, 0, '2020-09-07 21:03:41', '2020-09-07 21:03:41'),
(38, 10, 0, '2020-09-07 21:04:14', '2020-09-07 21:04:14'),
(39, 10, 0, '2020-09-07 21:06:51', '2020-09-07 21:06:51');

-- --------------------------------------------------------

--
-- Estructura de tabla para la tabla `attribute_categories`
--

CREATE TABLE `attribute_categories` (
  `attribute_id` int(10) UNSIGNED NOT NULL,
  `category_id` int(10) UNSIGNED NOT NULL
) ENGINE=InnoDB DEFAULT CHARSET=utf8mb4 COLLATE=utf8mb4_unicode_ci;

--
-- Volcado de datos para la tabla `attribute_categories`
--

INSERT INTO `attribute_categories` (`attribute_id`, `category_id`) VALUES
(1, 1),
(2, 1),
(3, 1),
(4, 1),
(5, 1),
(6, 1),
(6, 2),
(6, 4),
(6, 5),
(13, 19),
(14, 19),
(15, 19),
(16, 19),
(17, 19),
(18, 19);

-- --------------------------------------------------------

--
-- Estructura de tabla para la tabla `attribute_sets`
--

CREATE TABLE `attribute_sets` (
  `id` int(10) UNSIGNED NOT NULL,
  `created_at` timestamp NULL DEFAULT NULL,
  `updated_at` timestamp NULL DEFAULT NULL
) ENGINE=InnoDB DEFAULT CHARSET=utf8mb4 COLLATE=utf8mb4_unicode_ci;

--
-- Volcado de datos para la tabla `attribute_sets`
--

INSERT INTO `attribute_sets` (`id`, `created_at`, `updated_at`) VALUES
(1, '2019-09-06 05:34:50', '2019-09-06 05:34:50'),
(2, '2019-09-06 05:35:02', '2019-09-06 05:35:02'),
(3, '2019-09-06 05:35:19', '2019-09-06 05:35:19'),
(4, '2019-09-06 19:08:14', '2019-09-06 19:08:14'),
(7, '2019-09-17 15:35:44', '2019-09-17 15:35:44'),
(8, '2019-09-17 15:36:00', '2019-09-17 15:36:00'),
(9, '2020-01-13 10:02:46', '2020-01-13 10:02:46'),
(10, '2020-09-07 20:51:39', '2020-09-07 20:51:39');

-- --------------------------------------------------------

--
-- Estructura de tabla para la tabla `attribute_set_translations`
--

CREATE TABLE `attribute_set_translations` (
  `id` int(10) UNSIGNED NOT NULL,
  `attribute_set_id` int(10) UNSIGNED NOT NULL,
  `locale` varchar(191) COLLATE utf8mb4_unicode_ci NOT NULL,
  `name` varchar(191) COLLATE utf8mb4_unicode_ci NOT NULL
) ENGINE=InnoDB DEFAULT CHARSET=utf8mb4 COLLATE=utf8mb4_unicode_ci;

--
-- Volcado de datos para la tabla `attribute_set_translations`
--

INSERT INTO `attribute_set_translations` (`id`, `attribute_set_id`, `locale`, `name`) VALUES
(1, 1, 'en', 'Especificaciones'),
(2, 2, 'en', 'Características'),
(3, 3, 'en', 'Tipo de Tela'),
(4, 4, 'en', 'Tamaños'),
(7, 7, 'en', 'Material'),
(8, 8, 'en', 'Garantía'),
(9, 9, 'en', 'Confort*'),
(10, 10, 'en', '¿Que incluye el Combo?');

-- --------------------------------------------------------

--
-- Estructura de tabla para la tabla `attribute_translations`
--

CREATE TABLE `attribute_translations` (
  `id` int(10) UNSIGNED NOT NULL,
  `attribute_id` int(10) UNSIGNED NOT NULL,
  `locale` varchar(191) COLLATE utf8mb4_unicode_ci NOT NULL,
  `name` varchar(191) COLLATE utf8mb4_unicode_ci NOT NULL
) ENGINE=InnoDB DEFAULT CHARSET=utf8mb4 COLLATE=utf8mb4_unicode_ci;

--
-- Volcado de datos para la tabla `attribute_translations`
--

INSERT INTO `attribute_translations` (`id`, `attribute_id`, `locale`, `name`) VALUES
(1, 1, 'en', '1 Plaza'),
(2, 2, 'en', '1½ Plaza'),
(3, 3, 'en', '2 Plazas'),
(4, 4, 'en', '2½ Plazas'),
(5, 5, 'en', '3 Plazas'),
(6, 6, 'en', 'Color'),
(7, 7, 'en', 'Garantía'),
(8, 8, 'en', 'Tipo de Tela'),
(9, 9, 'en', 'Recomendado para personas con peso máximo individual de'),
(10, 10, 'en', 'Altura'),
(11, 11, 'en', 'Nivel'),
(12, 12, 'en', '1¼ Plaza'),
(13, 13, 'en', 'Puertas'),
(14, 14, 'en', 'Tamaño'),
(15, 15, 'en', 'Espejos'),
(16, 16, 'en', 'Piezas'),
(17, 17, 'en', 'Gavetero'),
(18, 18, 'en', 'Maletero'),
(19, 19, 'en', '3 plazas (2 Piezas)'),
(20, 20, 'en', '2½ Plazas (2 Piezas)'),
(21, 21, 'en', 'Aroma'),
(22, 22, 'en', 'Peso'),
(23, 23, 'en', 'Pulgadas'),
(25, 25, 'en', 'Motor'),
(26, 26, 'en', 'Arranque'),
(27, 27, 'en', 'Potencia máxima'),
(28, 28, 'en', 'Tipo de freno'),
(29, 29, 'en', 'Velocidad máxima'),
(30, 30, 'en', 'Capacidad del Tanque'),
(31, 31, 'en', 'Consumo por galón'),
(32, 32, 'en', 'Llantas'),
(33, 33, 'en', 'Cobertor Piel de Cordero'),
(34, 34, 'en', 'Sábanas'),
(35, 35, 'en', '2 Almohadas Nórdicas'),
(36, 36, 'en', 'Envío a Domicilio'),
(37, 37, 'en', 'Servicio de Armado'),
(38, 38, 'en', 'Protector de Colchón'),
(39, 39, 'en', 'Colchón Antiácaros');

-- --------------------------------------------------------

--
-- Estructura de tabla para la tabla `attribute_values`
--

CREATE TABLE `attribute_values` (
  `id` int(10) UNSIGNED NOT NULL,
  `attribute_id` int(10) UNSIGNED NOT NULL,
  `position` int(10) UNSIGNED NOT NULL,
  `created_at` timestamp NULL DEFAULT NULL,
  `updated_at` timestamp NULL DEFAULT NULL
) ENGINE=InnoDB DEFAULT CHARSET=utf8mb4 COLLATE=utf8mb4_unicode_ci;

--
-- Volcado de datos para la tabla `attribute_values`
--

INSERT INTO `attribute_values` (`id`, `attribute_id`, `position`, `created_at`, `updated_at`) VALUES
(1, 1, 1, '2019-09-06 19:09:13', '2019-09-06 20:42:03'),
(3, 1, 0, '2019-09-06 19:12:55', '2019-09-06 20:42:03'),
(6, 2, 0, '2019-09-06 21:04:50', '2019-09-06 21:04:50'),
(7, 3, 0, '2019-09-06 21:06:40', '2019-09-06 21:06:40'),
(8, 4, 0, '2019-09-06 21:07:11', '2019-09-06 21:07:11'),
(9, 5, 0, '2019-09-06 21:07:37', '2019-09-06 21:07:37'),
(10, 6, 0, '2019-09-06 21:19:25', '2019-09-06 21:19:25'),
(11, 6, 2, '2019-09-06 21:19:25', '2020-01-24 09:47:41'),
(12, 6, 3, '2019-09-06 21:19:25', '2020-01-24 09:47:41'),
(13, 6, 4, '2019-09-06 21:19:25', '2020-01-24 09:47:41'),
(14, 6, 5, '2019-09-06 21:19:25', '2020-01-24 09:47:41'),
(15, 6, 6, '2019-09-06 21:19:25', '2020-01-24 09:47:41'),
(16, 6, 7, '2019-09-06 21:19:25', '2020-01-24 09:47:41'),
(17, 6, 8, '2019-09-06 21:19:25', '2020-01-24 09:47:41'),
(18, 1, 2, '2019-09-06 22:37:30', '2019-09-06 22:37:30'),
(19, 1, 3, '2019-09-06 22:37:30', '2019-09-06 22:37:30'),
(20, 2, 1, '2019-09-06 22:38:05', '2019-09-06 22:38:05'),
(21, 2, 2, '2019-09-06 22:38:05', '2019-09-06 22:38:05'),
(22, 3, 1, '2019-09-06 22:38:30', '2019-09-06 22:38:30'),
(23, 3, 2, '2019-09-06 22:38:30', '2019-09-06 22:38:30'),
(24, 4, 1, '2019-09-06 22:39:02', '2019-09-06 22:39:02'),
(25, 4, 2, '2019-09-06 22:39:02', '2019-09-06 22:39:02'),
(26, 5, 1, '2019-09-06 22:39:32', '2019-09-06 22:39:32'),
(27, 5, 2, '2019-09-06 22:39:32', '2019-09-06 22:39:32'),
(28, 1, 4, '2019-09-06 22:42:48', '2019-09-06 22:42:48'),
(29, 1, 5, '2019-09-06 22:42:48', '2019-09-06 22:42:48'),
(30, 7, 0, '2019-09-17 15:37:38', '2019-09-17 15:37:38'),
(31, 7, 2, '2019-09-17 15:37:38', '2019-09-24 23:34:23'),
(32, 7, 4, '2019-09-17 15:37:38', '2020-01-15 17:39:34'),
(33, 7, 5, '2019-09-17 15:37:38', '2020-01-15 17:39:34'),
(34, 7, 6, '2019-09-17 15:37:38', '2020-01-15 17:39:34'),
(35, 7, 7, '2019-09-17 15:37:38', '2020-01-15 17:39:34'),
(36, 8, 0, '2019-09-17 15:39:40', '2019-09-17 15:39:40'),
(37, 8, 1, '2019-09-17 15:39:40', '2019-09-17 15:39:40'),
(38, 8, 2, '2019-09-17 15:39:40', '2019-09-17 15:39:40'),
(39, 8, 3, '2019-09-17 15:39:40', '2019-09-17 15:39:40'),
(40, 6, 9, '2019-09-18 17:55:38', '2020-01-24 09:47:41'),
(41, 6, 10, '2019-09-18 17:55:38', '2020-01-24 09:47:41'),
(42, 6, 11, '2019-09-18 18:12:29', '2020-01-24 09:47:41'),
(43, 9, 1, '2019-09-24 23:18:21', '2020-01-13 17:59:42'),
(44, 9, 2, '2019-09-24 23:18:21', '2020-01-13 17:59:42'),
(45, 9, 4, '2019-09-24 23:18:21', '2020-01-13 17:59:42'),
(46, 7, 1, '2019-09-24 23:34:23', '2019-09-24 23:34:23'),
(47, 10, 0, '2019-09-25 00:12:07', '2019-09-25 00:12:07'),
(48, 10, 1, '2019-09-25 00:12:07', '2019-09-25 00:12:07'),
(49, 10, 3, '2019-09-25 00:12:07', '2019-09-25 00:15:52'),
(50, 10, 5, '2019-09-25 00:12:07', '2020-01-15 13:21:30'),
(51, 10, 6, '2019-09-25 00:12:07', '2020-01-15 13:21:30'),
(52, 10, 8, '2019-09-25 00:12:07', '2020-01-15 13:21:30'),
(53, 10, 9, '2019-09-25 00:12:07', '2020-01-15 13:21:30'),
(54, 10, 10, '2019-09-25 00:12:07', '2020-01-15 13:21:30'),
(55, 10, 11, '2019-09-25 00:12:07', '2020-01-15 13:21:30'),
(56, 10, 2, '2019-09-25 00:15:52', '2019-09-25 00:15:52'),
(57, 6, 12, '2019-09-25 00:26:39', '2020-01-24 09:47:41'),
(58, 6, 13, '2019-09-25 00:26:39', '2020-01-24 09:47:41'),
(59, 9, 3, '2019-09-25 00:35:28', '2020-01-13 17:59:42'),
(60, 10, 7, '2019-09-25 00:37:15', '2020-01-15 13:21:30'),
(61, 11, 0, '2020-01-13 09:53:29', '2020-01-13 09:53:29'),
(62, 11, 1, '2020-01-13 09:53:29', '2020-01-13 09:53:29'),
(63, 11, 2, '2020-01-13 09:53:29', '2020-01-13 09:53:29'),
(64, 12, 0, '2020-01-13 11:46:44', '2020-01-13 11:46:44'),
(65, 9, 0, '2020-01-13 17:59:42', '2020-01-13 17:59:42'),
(66, 10, 12, '2020-01-15 10:45:50', '2020-01-15 13:21:30'),
(67, 10, 13, '2020-01-15 10:45:50', '2020-01-15 13:21:30'),
(68, 10, 4, '2020-01-15 13:21:29', '2020-01-15 13:21:29'),
(69, 7, 3, '2020-01-15 17:39:34', '2020-01-15 17:39:34'),
(70, 13, 0, '2020-01-23 09:50:28', '2020-01-23 09:50:28'),
(71, 13, 1, '2020-01-23 09:50:28', '2020-01-23 09:50:28'),
(72, 13, 2, '2020-01-23 09:50:28', '2020-01-23 09:50:28'),
(73, 13, 3, '2020-01-23 09:50:28', '2020-01-23 09:50:28'),
(74, 14, 0, '2020-01-23 10:04:41', '2020-01-23 10:04:41'),
(75, 14, 1, '2020-01-23 10:04:41', '2020-01-23 10:04:41'),
(76, 14, 2, '2020-01-23 10:04:41', '2020-01-23 10:04:41'),
(77, 14, 3, '2020-01-23 10:04:41', '2020-01-23 10:04:41'),
(78, 15, 0, '2020-01-23 10:06:33', '2020-01-23 10:06:33'),
(79, 15, 1, '2020-01-23 10:06:33', '2020-01-23 10:06:33'),
(80, 15, 2, '2020-01-23 10:06:33', '2020-01-23 10:06:33'),
(81, 16, 0, '2020-01-23 10:07:43', '2020-01-23 10:07:43'),
(82, 16, 1, '2020-01-23 10:07:43', '2020-01-23 10:07:43'),
(83, 16, 2, '2020-01-23 10:07:43', '2020-01-23 10:07:43'),
(84, 17, 3, '2020-01-23 10:18:09', '2020-01-23 13:01:12'),
(85, 17, 4, '2020-01-23 10:18:09', '2020-01-23 13:01:12'),
(86, 17, 5, '2020-01-23 10:18:09', '2020-01-23 13:01:12'),
(87, 17, 6, '2020-01-23 10:18:09', '2020-01-23 13:01:12'),
(88, 17, 7, '2020-01-23 10:18:09', '2020-01-23 13:01:12'),
(89, 17, 8, '2020-01-23 10:18:09', '2020-01-23 13:01:12'),
(90, 18, 0, '2020-01-23 10:18:59', '2020-01-23 10:18:59'),
(91, 18, 1, '2020-01-23 10:18:59', '2020-01-23 10:18:59'),
(92, 17, 0, '2020-01-23 13:01:12', '2020-01-23 13:01:12'),
(93, 17, 1, '2020-01-23 13:01:12', '2020-01-23 13:01:12'),
(94, 17, 2, '2020-01-23 13:01:12', '2020-01-23 13:01:12'),
(95, 6, 1, '2020-01-24 09:47:41', '2020-01-24 09:47:41'),
(96, 19, 0, '2020-01-24 11:11:23', '2020-01-24 11:11:23'),
(97, 20, 0, '2020-01-24 11:13:49', '2020-01-24 11:13:49'),
(98, 10, 14, '2020-01-24 11:15:52', '2020-01-24 11:15:52'),
(99, 10, 15, '2020-01-24 11:15:52', '2020-01-24 11:15:52'),
(100, 10, 16, '2020-01-24 11:15:52', '2020-01-24 11:15:52'),
(101, 10, 17, '2020-01-24 11:15:52', '2020-01-24 11:15:52'),
(102, 10, 18, '2020-01-24 11:15:52', '2020-01-24 11:15:52'),
(103, 10, 19, '2020-01-24 11:15:52', '2020-01-24 11:15:52'),
(104, 10, 20, '2020-01-24 11:15:52', '2020-01-24 11:15:52'),
(105, 10, 21, '2020-01-24 11:15:52', '2020-01-24 11:15:52'),
(106, 10, 22, '2020-01-24 11:15:52', '2020-01-24 11:15:52'),
(107, 10, 23, '2020-01-24 11:15:52', '2020-01-24 11:15:52'),
(108, 8, 4, '2020-01-24 11:17:07', '2020-01-24 11:17:07'),
(109, 14, 4, '2020-01-24 12:40:35', '2020-01-24 12:40:35'),
(110, 14, 5, '2020-01-24 12:40:35', '2020-01-24 12:40:35'),
(111, 14, 6, '2020-01-24 12:40:35', '2020-01-24 12:40:35'),
(112, 14, 7, '2020-01-24 12:40:35', '2020-01-24 12:40:35'),
(113, 2, 3, '2020-01-24 12:46:32', '2020-01-24 12:46:32'),
(114, 3, 3, '2020-01-24 12:46:54', '2020-01-24 12:46:54'),
(115, 4, 3, '2020-01-24 12:47:07', '2020-01-24 12:47:07'),
(116, 5, 3, '2020-01-24 12:47:16', '2020-01-24 12:47:16'),
(117, 14, 8, '2020-01-24 16:38:55', '2020-01-24 16:38:55'),
(118, 21, 0, '2020-01-24 16:39:33', '2020-01-24 16:39:33'),
(119, 21, 1, '2020-01-24 16:39:33', '2020-01-24 16:39:33'),
(120, 14, 9, '2020-01-24 16:58:22', '2020-01-24 16:58:22'),
(121, 14, 10, '2020-01-25 10:57:45', '2020-01-25 10:57:45'),
(122, 21, 2, '2020-01-25 11:02:15', '2020-01-25 11:02:15'),
(123, 14, 11, '2020-01-25 13:06:09', '2020-01-25 13:06:09'),
(124, 14, 12, '2020-01-25 13:06:09', '2020-01-25 13:06:09'),
(125, 14, 13, '2020-01-25 15:03:31', '2020-01-25 15:03:31'),
(126, 14, 14, '2020-01-25 15:03:31', '2020-01-25 15:03:31'),
(127, 14, 15, '2020-01-25 15:03:31', '2020-01-25 15:03:31'),
(128, 14, 16, '2020-01-25 15:03:31', '2020-01-25 15:03:31'),
(129, 14, 17, '2020-01-25 15:03:31', '2020-01-25 15:03:31'),
(130, 14, 18, '2020-01-25 15:03:31', '2020-01-25 15:03:31'),
(131, 14, 19, '2020-01-25 15:03:31', '2020-01-25 15:03:31'),
(132, 22, 0, '2020-01-25 15:04:30', '2020-01-25 15:04:30'),
(133, 23, 0, '2020-01-25 15:05:25', '2020-01-25 15:05:25'),
(134, 23, 1, '2020-01-25 15:05:25', '2020-01-25 15:05:25'),
(135, 23, 2, '2020-01-25 15:05:25', '2020-01-25 15:05:25'),
(136, 23, 3, '2020-01-25 15:05:25', '2020-01-25 15:05:25'),
(137, 23, 4, '2020-01-25 15:05:25', '2020-01-25 15:05:25'),
(138, 14, 20, '2020-07-16 16:52:29', '2020-07-16 16:52:29'),
(139, 10, 24, '2020-07-20 20:34:13', '2020-07-20 20:34:13'),
(140, 10, 25, '2020-07-20 20:34:13', '2020-07-20 20:34:13'),
(141, 9, 5, '2020-07-20 20:36:50', '2020-07-20 20:36:50'),
(142, 7, 8, '2020-07-20 20:37:39', '2020-07-20 20:37:39'),
(143, 10, 26, '2020-07-20 22:00:19', '2020-07-20 22:00:19'),
(144, 9, 6, '2020-07-20 22:04:38', '2020-07-20 22:04:38'),
(145, 9, 7, '2020-07-20 22:04:38', '2020-07-20 22:04:38'),
(146, 7, 9, '2020-07-20 22:09:29', '2020-07-20 22:09:29'),
(147, 10, 27, '2020-07-31 17:36:10', '2020-07-31 17:36:10'),
(148, 8, 5, '2020-08-11 18:40:48', '2020-08-11 18:40:48'),
(157, 25, 0, '2020-08-14 23:22:37', '2020-08-14 23:22:37'),
(158, 26, 0, '2020-08-14 23:23:15', '2020-08-14 23:23:15'),
(159, 27, 0, '2020-08-14 23:23:44', '2020-08-14 23:23:44'),
(160, 28, 0, '2020-08-14 23:24:04', '2020-08-14 23:24:04'),
(161, 29, 0, '2020-08-14 23:24:33', '2020-08-14 23:24:33'),
(162, 30, 0, '2020-08-14 23:24:54', '2020-08-14 23:24:54'),
(163, 31, 0, '2020-08-14 23:25:27', '2020-08-14 23:25:27'),
(164, 32, 0, '2020-08-14 23:26:27', '2020-08-14 23:26:27'),
(166, 25, 1, '2020-08-14 23:58:14', '2020-08-14 23:58:14'),
(167, 27, 1, '2020-08-14 23:58:48', '2020-08-14 23:58:48'),
(168, 29, 1, '2020-08-14 23:59:01', '2020-08-14 23:59:01'),
(169, 30, 1, '2020-08-14 23:59:12', '2020-08-14 23:59:12'),
(170, 31, 1, '2020-08-14 23:59:25', '2020-08-14 23:59:25'),
(171, 32, 1, '2020-08-14 23:59:36', '2020-08-14 23:59:36'),
(172, 25, 2, '2020-08-15 00:13:58', '2020-08-15 00:13:58'),
(173, 27, 2, '2020-08-15 00:14:26', '2020-08-15 00:14:26'),
(174, 29, 2, '2020-08-15 00:14:53', '2020-08-15 00:14:53'),
(175, 30, 2, '2020-08-15 00:15:07', '2020-08-15 00:15:07'),
(176, 31, 2, '2020-08-15 00:15:17', '2020-08-15 00:15:17'),
(177, 32, 2, '2020-08-15 00:15:32', '2020-08-15 00:15:32'),
(178, 25, 3, '2020-08-17 15:52:44', '2020-08-17 15:52:44'),
(179, 27, 3, '2020-08-17 15:53:25', '2020-08-17 15:53:25'),
(180, 30, 3, '2020-08-17 15:54:14', '2020-08-17 15:54:14'),
(181, 32, 3, '2020-08-17 15:55:03', '2020-08-17 15:55:03'),
(182, 25, 4, '2020-08-17 16:27:24', '2020-08-17 16:27:24'),
(183, 27, 4, '2020-08-17 16:27:42', '2020-08-17 16:27:42'),
(184, 30, 4, '2020-08-17 16:28:14', '2020-08-17 16:28:14'),
(185, 32, 4, '2020-08-17 16:28:31', '2020-08-17 16:28:31'),
(186, 31, 3, '2020-08-17 17:17:22', '2020-08-17 17:17:22'),
(187, 32, 5, '2020-08-17 17:17:37', '2020-08-17 17:17:37'),
(188, 14, 21, '2020-08-17 23:19:16', '2020-08-17 23:19:16'),
(189, 33, 0, '2020-09-07 20:53:31', '2020-09-07 20:53:31'),
(190, 34, 0, '2020-09-07 20:55:38', '2020-09-07 20:55:38'),
(191, 35, 0, '2020-09-07 20:59:50', '2020-09-07 20:59:50'),
(192, 35, 1, '2020-09-07 20:59:50', '2020-09-07 20:59:50'),
(193, 35, 2, '2020-09-07 20:59:50', '2020-09-07 20:59:50'),
(194, 35, 3, '2020-09-07 20:59:50', '2020-09-07 20:59:50'),
(195, 35, 4, '2020-09-07 21:00:49', '2020-09-07 21:00:49'),
(196, 36, 0, '2020-09-07 21:02:39', '2020-09-07 21:02:39'),
(197, 37, 0, '2020-09-07 21:03:41', '2020-09-07 21:03:41'),
(198, 38, 0, '2020-09-07 21:04:14', '2020-09-07 21:04:14'),
(200, 39, 0, '2020-09-07 21:07:43', '2020-09-08 00:12:16'),
(201, 38, 1, '2020-09-08 00:11:29', '2020-09-08 00:11:29');

-- --------------------------------------------------------

--
-- Estructura de tabla para la tabla `attribute_value_translations`
--

CREATE TABLE `attribute_value_translations` (
  `id` int(10) UNSIGNED NOT NULL,
  `attribute_value_id` int(10) UNSIGNED NOT NULL,
  `locale` varchar(191) COLLATE utf8mb4_unicode_ci NOT NULL,
  `value` varchar(191) COLLATE utf8mb4_unicode_ci NOT NULL
) ENGINE=InnoDB DEFAULT CHARSET=utf8mb4 COLLATE=utf8mb4_unicode_ci;

--
-- Volcado de datos para la tabla `attribute_value_translations`
--

INSERT INTO `attribute_value_translations` (`id`, `attribute_value_id`, `locale`, `value`) VALUES
(1, 1, 'en', '23 cm x 90 cm x 190 cm'),
(3, 3, 'en', '90 cm x 190 cm'),
(6, 6, 'en', '105 cm x 190 cm'),
(7, 7, 'en', '135 cm x 190 cm'),
(8, 8, 'en', '160 cm x 200 cm'),
(9, 9, 'en', '200 cm x 200 cm'),
(10, 10, 'en', 'Negro'),
(11, 11, 'en', 'Azul'),
(12, 12, 'en', 'Beige'),
(13, 13, 'en', 'Rosa'),
(14, 14, 'en', 'Café'),
(15, 15, 'en', 'Gris'),
(16, 16, 'en', 'Rojo'),
(17, 17, 'en', 'Celeste'),
(18, 18, 'en', '18 cm x 90 cm x 190 cm'),
(19, 19, 'en', '80 cm x 190 cm'),
(20, 20, 'en', '23 cm x 105 cm x 190 cm'),
(21, 21, 'en', '18 cm x 105 cm x 190 cm'),
(22, 22, 'en', '23 cm x 135 cm x 190 cm'),
(23, 23, 'en', '18 cm x 135 cm x 190 cm'),
(24, 24, 'en', '23cm x 160 cm x 200 cm'),
(25, 25, 'en', '18 cm x 160 cm x 200 cm'),
(26, 26, 'en', '23 cm x 200 cm x 200 cm'),
(27, 27, 'en', '18 cm x 200 cm x 200 cm'),
(28, 28, 'en', '23 cm x 80 cm x 190 cm'),
(29, 29, 'en', '18 cm x 80 cm x 190 cm'),
(30, 30, 'en', '10 años'),
(31, 31, 'en', '6 años'),
(32, 32, 'en', '4 años'),
(33, 33, 'en', '3 años'),
(34, 34, 'en', '2 años'),
(35, 35, 'en', '1 año'),
(36, 36, 'en', 'Micro Cuero'),
(37, 37, 'en', 'Micro Fibra'),
(38, 38, 'en', 'Gamuza'),
(39, 39, 'en', '30 % Algodón - 70% Poliester'),
(40, 40, 'en', 'Blanco'),
(41, 41, 'en', 'Verde'),
(42, 42, 'en', 'Naranja'),
(43, 43, 'en', '160Lb'),
(44, 44, 'en', '175Lb'),
(45, 45, 'en', '220Lb'),
(46, 46, 'en', '8 años'),
(47, 47, 'en', '18cm'),
(48, 48, 'en', '20cm'),
(49, 49, 'en', '23cm'),
(50, 50, 'en', '27cm'),
(51, 51, 'en', '28cm'),
(52, 52, 'en', '30cm'),
(53, 53, 'en', '31cm'),
(54, 54, 'en', '32cm'),
(55, 55, 'en', '33cm'),
(56, 56, 'en', '22cm'),
(57, 57, 'en', 'Franjas Vino'),
(58, 58, 'en', 'Franjas Azules'),
(59, 59, 'en', '190Lb'),
(60, 60, 'en', '29cm'),
(61, 61, 'en', 'SUAVE*'),
(62, 62, 'en', 'INTERMEDIO*'),
(63, 63, 'en', 'FIRME*'),
(64, 64, 'en', '90 cm x 190 cm'),
(65, 65, 'en', '120Lb'),
(66, 66, 'en', '34cm'),
(67, 67, 'en', '35cm'),
(68, 68, 'en', '25cm'),
(69, 69, 'en', '5 años'),
(70, 70, 'en', '2 Puertas'),
(71, 71, 'en', '3 Puertas'),
(72, 72, 'en', '4 Puertas'),
(73, 73, 'en', '5 Puertas'),
(74, 74, 'en', '200 cm (Anchura) x 200 cm (Altura) x 50 cm (Fondo)'),
(75, 75, 'en', '158 cm (Anchura) x 200 cm (Altura) x 50 cm (Fondo)'),
(76, 76, 'en', '125 cm (Anchura) x 200 cm (Altura) x 50 cm (Fondo)'),
(77, 77, 'en', '115 cm (Anchura) x 200 cm (Altura) x 50 cm (Fondo)'),
(78, 78, 'en', '1 espejo'),
(79, 79, 'en', '2 espejos'),
(80, 80, 'en', '3 espejos'),
(81, 81, 'en', 'Maletero'),
(82, 82, 'en', 'Ropero'),
(83, 83, 'en', 'Gavetero'),
(84, 84, 'en', '6'),
(85, 85, 'en', '5'),
(86, 86, 'en', '4'),
(87, 87, 'en', '3'),
(88, 88, 'en', '2'),
(89, 89, 'en', '1'),
(90, 90, 'en', '2'),
(91, 91, 'en', '1'),
(92, 92, 'en', '9'),
(93, 93, 'en', '8'),
(94, 94, 'en', '7'),
(95, 95, 'en', 'Chocolate'),
(96, 96, 'en', '100 cm x 200 cm / 100cm x 200 (2 Piezas)'),
(97, 97, 'en', '80 cm x 200 cm / 80cm x 200 (2 Piezas)'),
(98, 98, 'en', '17cm'),
(99, 99, 'en', '16cm'),
(100, 100, 'en', '15cm'),
(101, 101, 'en', '14cm'),
(102, 102, 'en', '13cm'),
(103, 103, 'en', '12cm'),
(104, 104, 'en', '11cm'),
(105, 105, 'en', '10cm'),
(106, 106, 'en', '9cm'),
(107, 107, 'en', '8cm'),
(108, 108, 'en', 'Bramante'),
(109, 109, 'en', '105 cm (Anchura) x 80 cm (Altura)'),
(110, 110, 'en', '135 cm (Anchura) x 80 cm (Altura)'),
(111, 111, 'en', '160 cm (Anchura) x 80 cm (Altura)'),
(112, 112, 'en', '200 cm (Anchura) x 80 cm (Altura)'),
(113, 113, 'en', '105 cm (Anchura) x 80 cm (Altura)'),
(114, 114, 'en', '135 cm (Anchura) x 80 cm (Altura)'),
(115, 115, 'en', '160 cm (Anchura) x 80 cm (Altura)'),
(116, 116, 'en', '200 cm (Anchura) x 80 cm (Altura)'),
(117, 117, 'en', '60 cm x 40 cm x 14 cm'),
(118, 118, 'en', 'Manzanilla'),
(119, 119, 'en', 'Lavanda'),
(120, 120, 'en', '60 cm x 38 cm'),
(121, 121, 'en', '60 cm x 40 cm x 10 cm'),
(122, 122, 'en', 'Original'),
(123, 123, 'en', '60 cm x 40 cm'),
(124, 124, 'en', '70 cm x 50 cm'),
(125, 125, 'en', '108.93 cm x 67.82 cm x 68.75 cm'),
(126, 126, 'en', '14 pies'),
(127, 127, 'en', '15 pies'),
(128, 128, 'en', '16 pies'),
(129, 129, 'en', '17 pies'),
(130, 130, 'en', '18 pies'),
(131, 131, 'en', '19 pies'),
(132, 132, 'en', '49.9 kg'),
(133, 133, 'en', '32\"'),
(134, 134, 'en', '40\"'),
(135, 135, 'en', '49\"'),
(136, 136, 'en', '\"50'),
(137, 137, 'en', '55\"'),
(138, 138, 'en', '78cm x 68cm x 17cm'),
(139, 139, 'en', '22cm'),
(140, 140, 'en', '21cm'),
(141, 141, 'en', '140Lb'),
(142, 142, 'en', 'No aplica'),
(143, 143, 'en', '35cm'),
(144, 144, 'en', '180Lb'),
(145, 145, 'en', '170Lb'),
(146, 146, 'en', '12 años'),
(147, 147, 'en', '40cm'),
(148, 148, 'en', 'Tapiz'),
(157, 157, 'en', 'CB 150 cc /Cadenilla'),
(158, 158, 'en', 'Eléctrico y Pedal'),
(159, 159, 'en', '8,58 HP/7000 RPM'),
(160, 160, 'en', 'Disco/Tambor'),
(161, 161, 'en', '75 Km/h'),
(162, 162, 'en', '5,5 L'),
(163, 163, 'en', '146 km'),
(164, 164, 'en', 'DEL 130/90/10/ POST 130/90/10'),
(166, 166, 'en', 'CG150 cc /Palillo'),
(167, 167, 'en', '11,12/8500 HP/RPM'),
(168, 168, 'en', '90 Km/h'),
(169, 169, 'en', '12,5L'),
(170, 170, 'en', '164 km'),
(171, 171, 'en', '2,75/19 – 4,10/17'),
(172, 172, 'en', 'CB250 cc /Cadenilla'),
(173, 173, 'en', '10,2/7500 HP/RPM'),
(174, 174, 'en', '120 Km/h'),
(175, 175, 'en', '17 L'),
(176, 176, 'en', '130 km'),
(177, 177, 'en', 'DEL 110-80-17 POST 130-70-17'),
(178, 178, 'en', 'CG200 cc /Palillo'),
(179, 179, 'en', '13,67/7500 HP/RPM'),
(180, 180, 'en', '12 L'),
(181, 181, 'en', 'DEL 2,75-21/ POST 4,10-18'),
(182, 182, 'en', 'CB200cc/Cadenillas'),
(183, 183, 'en', '12.7/8000 HP/RPM'),
(184, 184, 'en', '15 L'),
(185, 185, 'en', 'DEL 80/90-17 POST110-80-17'),
(186, 186, 'en', '157 km'),
(187, 187, 'en', 'DEL 80/100/18/ POST 110/90/18'),
(188, 188, 'en', '120 cm (Anchura) x 166 cm  (Fondo)'),
(189, 189, 'en', '1 1/2 plz  -  2 plz  -   2 plz  -  3plz.'),
(190, 190, 'en', '1 1/2plz  -  2 plz  -  2 plz  -  3plz.'),
(191, 191, 'en', 'Tela antiácaros'),
(192, 192, 'en', 'Aroma Aloe Vera'),
(193, 193, 'en', 'Tamaño 60cm x 40cm'),
(194, 194, 'en', 'Relleno de Plumón'),
(195, 195, 'en', 'Color Blanco'),
(196, 196, 'en', 'Le entregamos en la comodidad de su domicilio sin ningún recargo'),
(197, 197, 'en', 'Dejamos totalmente armada su cama sin ningún recargo'),
(198, 198, 'en', 'Impermeable'),
(200, 200, 'en', 'Colchón de GAMA ALTA'),
(201, 201, 'en', 'Color Blanco');

-- --------------------------------------------------------

--
-- Estructura de tabla para la tabla `categories`
--

CREATE TABLE `categories` (
  `id` int(10) UNSIGNED NOT NULL,
  `parent_id` int(10) UNSIGNED DEFAULT NULL,
  `slug` varchar(191) COLLATE utf8mb4_unicode_ci NOT NULL,
  `position` int(10) UNSIGNED DEFAULT NULL,
  `is_searchable` tinyint(1) NOT NULL,
  `is_active` tinyint(1) NOT NULL,
  `created_at` timestamp NULL DEFAULT NULL,
  `updated_at` timestamp NULL DEFAULT NULL
) ENGINE=InnoDB DEFAULT CHARSET=utf8mb4 COLLATE=utf8mb4_unicode_ci;

--
-- Volcado de datos para la tabla `categories`
--

INSERT INTO `categories` (`id`, `parent_id`, `slug`, `position`, `is_searchable`, `is_active`, `created_at`, `updated_at`) VALUES
(1, NULL, 'juegos-de-sala', 16, 1, 1, '2019-09-04 03:54:44', '2020-11-11 19:00:27'),
(2, NULL, 'juegos-de-comedor', 17, 1, 1, '2019-09-04 03:55:04', '2020-11-11 19:00:27'),
(4, NULL, 'electrodomésticos', 19, 1, 1, '2019-09-04 03:55:36', '2020-11-11 19:00:27'),
(5, NULL, 'motocicletas', 20, 1, 1, '2019-09-04 03:59:16', '2020-11-11 19:00:27'),
(13, NULL, '/products?category=colchones&sort=latest&page=1', 2, 1, 1, '2020-01-14 10:52:24', '2020-11-11 19:00:27'),
(14, 13, 'chaide', 3, 1, 1, '2020-01-21 08:54:08', '2020-11-11 19:00:27'),
(15, 13, 'simmons', 4, 1, 1, '2020-01-21 08:55:44', '2020-11-11 19:00:27'),
(16, 13, 'paraiso', 5, 1, 1, '2020-01-21 08:56:37', '2020-11-11 19:00:27'),
(17, 13, 'lamitex', 6, 1, 1, '2020-01-21 08:57:01', '2020-11-11 19:00:27'),
(18, 20, 'camas', 8, 1, 1, '2020-01-21 09:28:50', '2020-11-11 19:00:27'),
(19, NULL, 'armarios', 18, 1, 1, '2020-01-23 09:35:15', '2020-11-11 19:00:27'),
(20, NULL, 'dormitorio', 7, 1, 1, '2020-01-23 14:00:18', '2020-11-11 19:00:27'),
(21, 20, 'bases', 11, 1, 1, '2020-01-23 14:00:53', '2020-11-11 19:00:27'),
(22, 20, 'veladores', 12, 1, 1, '2020-01-23 14:01:10', '2020-11-11 19:00:27'),
(23, 20, 'cabeceras', 13, 1, 1, '2020-01-23 14:01:33', '2020-11-11 19:00:27'),
(24, 20, 'cómodas', 14, 1, 1, '2020-01-23 14:02:35', '2020-11-11 19:00:27'),
(25, 20, 'complementos', 15, 1, 1, '2020-01-24 14:01:33', '2020-11-11 19:00:27'),
(26, 20, 'litera', 10, 1, 1, '2020-08-14 17:44:37', '2020-11-11 19:00:27'),
(27, 5, 'shineray', 21, 1, 1, '2020-08-14 18:59:59', '2020-11-11 19:00:27'),
(28, 20, 'combos', 9, 1, 1, '2020-09-07 20:42:45', '2020-11-11 19:00:27'),
(29, NULL, 'reclinables', 1, 1, 1, '2020-11-06 17:20:39', '2020-11-11 19:00:27'),
(30, NULL, 'black-friday', 0, 1, 1, '2020-11-11 19:00:17', '2020-11-11 19:00:27');

-- --------------------------------------------------------

--
-- Estructura de tabla para la tabla `category_translations`
--

CREATE TABLE `category_translations` (
  `id` int(10) UNSIGNED NOT NULL,
  `category_id` int(10) UNSIGNED NOT NULL,
  `locale` varchar(191) COLLATE utf8mb4_unicode_ci NOT NULL,
  `name` varchar(191) COLLATE utf8mb4_unicode_ci NOT NULL
) ENGINE=InnoDB DEFAULT CHARSET=utf8mb4 COLLATE=utf8mb4_unicode_ci;

--
-- Volcado de datos para la tabla `category_translations`
--

INSERT INTO `category_translations` (`id`, `category_id`, `locale`, `name`) VALUES
(1, 1, 'en', 'Juegos de Sala'),
(2, 2, 'en', 'Juegos de Comedor'),
(4, 4, 'en', 'Electrodomésticos'),
(5, 5, 'en', 'Motocicletas'),
(13, 13, 'en', 'Colchones'),
(14, 14, 'en', 'Chaide'),
(15, 15, 'en', 'Simmons'),
(16, 16, 'en', 'Paraiso'),
(17, 17, 'en', 'Lamitex'),
(18, 18, 'en', 'Camas'),
(19, 19, 'en', 'Armarios'),
(20, 20, 'en', 'Dormitorio'),
(21, 21, 'en', 'Bases'),
(22, 22, 'en', 'Veladores'),
(23, 23, 'en', 'Cabeceras'),
(24, 24, 'en', 'Cómodas'),
(25, 25, 'en', 'Complementos'),
(26, 26, 'en', 'Litera'),
(27, 27, 'en', 'Shineray'),
(28, 28, 'en', 'Combos'),
(29, 29, 'en', 'Reclinables'),
(30, 30, 'en', 'Black Friday');

-- --------------------------------------------------------

--
-- Estructura de tabla para la tabla `coupons`
--

CREATE TABLE `coupons` (
  `id` int(10) UNSIGNED NOT NULL,
  `code` varchar(191) COLLATE utf8mb4_unicode_ci NOT NULL,
  `value` decimal(18,4) UNSIGNED DEFAULT NULL,
  `is_percent` tinyint(1) NOT NULL,
  `free_shipping` tinyint(1) NOT NULL,
  `minimum_spend` decimal(18,4) UNSIGNED DEFAULT NULL,
  `maximum_spend` decimal(18,4) UNSIGNED DEFAULT NULL,
  `usage_limit_per_coupon` int(10) UNSIGNED DEFAULT NULL,
  `usage_limit_per_customer` int(10) UNSIGNED DEFAULT NULL,
  `used` int(11) NOT NULL DEFAULT 0,
  `is_active` tinyint(1) NOT NULL,
  `start_date` date DEFAULT NULL,
  `end_date` date DEFAULT NULL,
  `deleted_at` timestamp NULL DEFAULT NULL,
  `created_at` timestamp NULL DEFAULT NULL,
  `updated_at` timestamp NULL DEFAULT NULL
) ENGINE=InnoDB DEFAULT CHARSET=utf8mb4 COLLATE=utf8mb4_unicode_ci;

--
-- Volcado de datos para la tabla `coupons`
--

INSERT INTO `coupons` (`id`, `code`, `value`, `is_percent`, `free_shipping`, `minimum_spend`, `maximum_spend`, `usage_limit_per_coupon`, `usage_limit_per_customer`, `used`, `is_active`, `start_date`, `end_date`, `deleted_at`, `created_at`, `updated_at`) VALUES
(1, 'Sabana', 10.0000, 1, 0, NULL, NULL, 10, 1, 1, 0, '2019-09-18', '2020-08-26', NULL, '2019-09-09 15:18:20', '2020-07-15 23:59:43');

-- --------------------------------------------------------

--
-- Estructura de tabla para la tabla `coupon_categories`
--

CREATE TABLE `coupon_categories` (
  `coupon_id` int(10) UNSIGNED NOT NULL,
  `category_id` int(10) UNSIGNED NOT NULL,
  `exclude` tinyint(1) NOT NULL DEFAULT 0
) ENGINE=InnoDB DEFAULT CHARSET=utf8mb4 COLLATE=utf8mb4_unicode_ci;

-- --------------------------------------------------------

--
-- Estructura de tabla para la tabla `coupon_products`
--

CREATE TABLE `coupon_products` (
  `coupon_id` int(10) UNSIGNED NOT NULL,
  `product_id` int(10) UNSIGNED NOT NULL,
  `exclude` tinyint(1) NOT NULL DEFAULT 0
) ENGINE=InnoDB DEFAULT CHARSET=utf8mb4 COLLATE=utf8mb4_unicode_ci;

-- --------------------------------------------------------

--
-- Estructura de tabla para la tabla `coupon_translations`
--

CREATE TABLE `coupon_translations` (
  `id` int(10) UNSIGNED NOT NULL,
  `coupon_id` int(10) UNSIGNED NOT NULL,
  `locale` varchar(191) COLLATE utf8mb4_unicode_ci NOT NULL,
  `name` varchar(191) COLLATE utf8mb4_unicode_ci NOT NULL
) ENGINE=InnoDB DEFAULT CHARSET=utf8mb4 COLLATE=utf8mb4_unicode_ci;

--
-- Volcado de datos para la tabla `coupon_translations`
--

INSERT INTO `coupon_translations` (`id`, `coupon_id`, `locale`, `name`) VALUES
(1, 1, 'en', 'Descuento 5 minutos');

-- --------------------------------------------------------

--
-- Estructura de tabla para la tabla `cross_sell_products`
--

CREATE TABLE `cross_sell_products` (
  `product_id` int(10) UNSIGNED NOT NULL,
  `cross_sell_product_id` int(10) UNSIGNED NOT NULL
) ENGINE=InnoDB DEFAULT CHARSET=utf8mb4 COLLATE=utf8mb4_unicode_ci;

--
-- Volcado de datos para la tabla `cross_sell_products`
--

INSERT INTO `cross_sell_products` (`product_id`, `cross_sell_product_id`) VALUES
(4, 6),
(4, 7),
(4, 10),
(5, 8),
(5, 9),
(5, 10),
(6, 8),
(6, 9),
(6, 10),
(7, 1),
(7, 4),
(7, 5),
(8, 5),
(8, 6),
(8, 7),
(8, 13),
(8, 14),
(8, 15),
(9, 7),
(9, 8),
(9, 10),
(10, 7),
(10, 8),
(10, 9),
(11, 16),
(11, 17),
(11, 18),
(12, 13),
(12, 14),
(12, 15),
(19, 9),
(19, 10),
(20, 1),
(20, 5),
(20, 10),
(21, 1),
(21, 4),
(21, 5),
(22, 1),
(22, 4),
(22, 5),
(40, 38),
(40, 39),
(40, 41),
(41, 38),
(41, 39),
(41, 40),
(44, 42),
(44, 43),
(45, 42),
(45, 43),
(45, 44),
(46, 42),
(46, 43),
(46, 44),
(47, 42),
(47, 43),
(47, 44),
(48, 45),
(48, 46),
(48, 47),
(49, 10),
(49, 36),
(49, 46),
(50, 40),
(50, 45),
(50, 46),
(51, 41),
(51, 42),
(51, 43),
(52, 46),
(52, 47),
(52, 48),
(53, 46),
(53, 47),
(53, 48),
(54, 48),
(54, 49),
(54, 50),
(55, 45),
(55, 46),
(55, 47),
(56, 46),
(56, 47),
(56, 48),
(58, 35),
(58, 36),
(58, 37),
(59, 39),
(59, 41),
(59, 42),
(61, 42),
(61, 55),
(61, 56),
(63, 58),
(63, 60),
(64, 58),
(64, 60),
(65, 58),
(65, 59),
(65, 60),
(68, 58),
(68, 59),
(68, 60),
(69, 35),
(69, 36),
(69, 39),
(69, 40),
(69, 41),
(69, 59),
(69, 60),
(74, 61),
(74, 62),
(74, 65),
(74, 67),
(81, 64),
(81, 65),
(81, 66),
(81, 80);

-- --------------------------------------------------------

--
-- Estructura de tabla para la tabla `currency_rates`
--

CREATE TABLE `currency_rates` (
  `id` int(10) UNSIGNED NOT NULL,
  `currency` varchar(191) COLLATE utf8mb4_unicode_ci NOT NULL,
  `rate` decimal(8,4) DEFAULT NULL,
  `created_at` timestamp NULL DEFAULT NULL,
  `updated_at` timestamp NULL DEFAULT NULL
) ENGINE=InnoDB DEFAULT CHARSET=utf8mb4 COLLATE=utf8mb4_unicode_ci;

--
-- Volcado de datos para la tabla `currency_rates`
--

INSERT INTO `currency_rates` (`id`, `currency`, `rate`, `created_at`, `updated_at`) VALUES
(1, 'USD', 1.0000, '2019-08-05 00:34:30', '2019-08-05 00:34:30'),
(2, 'MXN', 1.0000, '2020-04-28 20:52:23', '2020-04-28 20:52:23');

-- --------------------------------------------------------

--
-- Estructura de tabla para la tabla `entity_files`
--

CREATE TABLE `entity_files` (
  `id` int(10) UNSIGNED NOT NULL,
  `file_id` int(10) UNSIGNED NOT NULL,
  `entity_type` varchar(191) COLLATE utf8mb4_unicode_ci NOT NULL,
  `entity_id` bigint(20) UNSIGNED NOT NULL,
  `zone` varchar(191) COLLATE utf8mb4_unicode_ci NOT NULL,
  `created_at` timestamp NULL DEFAULT NULL,
  `updated_at` timestamp NULL DEFAULT NULL
) ENGINE=InnoDB DEFAULT CHARSET=utf8mb4 COLLATE=utf8mb4_unicode_ci;

--
-- Volcado de datos para la tabla `entity_files`
--

INSERT INTO `entity_files` (`id`, `file_id`, `entity_type`, `entity_id`, `zone`, `created_at`, `updated_at`) VALUES
(399, 65, 'Modules\\Product\\Entities\\Product', 11, 'additional_images', '2020-01-21 09:52:09', '2020-01-21 09:52:09'),
(400, 63, 'Modules\\Product\\Entities\\Product', 11, 'additional_images', '2020-01-21 09:52:09', '2020-01-21 09:52:09'),
(402, 63, 'Modules\\Product\\Entities\\Product', 12, 'additional_images', '2020-01-21 09:52:27', '2020-01-21 09:52:27'),
(403, 65, 'Modules\\Product\\Entities\\Product', 12, 'additional_images', '2020-01-21 09:52:27', '2020-01-21 09:52:27'),
(547, 149, 'Modules\\Product\\Entities\\Product', 57, 'base_image', '2020-06-22 05:35:44', '2020-06-22 05:35:44'),
(548, 150, 'Modules\\Product\\Entities\\Product', 57, 'additional_images', '2020-06-22 05:35:44', '2020-06-22 05:35:44'),
(682, 81, 'Modules\\Product\\Entities\\Product', 24, 'base_image', '2020-07-17 23:10:15', '2020-07-17 23:10:15'),
(970, 39, 'Modules\\Product\\Entities\\Product', 13, 'base_image', '2020-08-17 19:00:12', '2020-08-17 19:00:12'),
(971, 40, 'Modules\\Product\\Entities\\Product', 13, 'additional_images', '2020-08-17 19:00:12', '2020-08-17 19:00:12'),
(972, 41, 'Modules\\Product\\Entities\\Product', 13, 'additional_images', '2020-08-17 19:00:12', '2020-08-17 19:00:12'),
(973, 42, 'Modules\\Product\\Entities\\Product', 14, 'base_image', '2020-08-17 19:00:30', '2020-08-17 19:00:30'),
(974, 46, 'Modules\\Product\\Entities\\Product', 14, 'additional_images', '2020-08-17 19:00:30', '2020-08-17 19:00:30'),
(975, 44, 'Modules\\Product\\Entities\\Product', 14, 'additional_images', '2020-08-17 19:00:30', '2020-08-17 19:00:30'),
(976, 43, 'Modules\\Product\\Entities\\Product', 14, 'additional_images', '2020-08-17 19:00:30', '2020-08-17 19:00:30'),
(977, 47, 'Modules\\Product\\Entities\\Product', 15, 'base_image', '2020-08-17 19:00:48', '2020-08-17 19:00:48'),
(978, 48, 'Modules\\Product\\Entities\\Product', 15, 'additional_images', '2020-08-17 19:00:48', '2020-08-17 19:00:48'),
(979, 49, 'Modules\\Product\\Entities\\Product', 15, 'additional_images', '2020-08-17 19:00:48', '2020-08-17 19:00:48'),
(980, 50, 'Modules\\Product\\Entities\\Product', 16, 'base_image', '2020-08-17 19:01:04', '2020-08-17 19:01:04'),
(981, 53, 'Modules\\Product\\Entities\\Product', 16, 'additional_images', '2020-08-17 19:01:04', '2020-08-17 19:01:04'),
(982, 52, 'Modules\\Product\\Entities\\Product', 16, 'additional_images', '2020-08-17 19:01:04', '2020-08-17 19:01:04'),
(983, 51, 'Modules\\Product\\Entities\\Product', 16, 'additional_images', '2020-08-17 19:01:04', '2020-08-17 19:01:04'),
(984, 54, 'Modules\\Product\\Entities\\Product', 17, 'base_image', '2020-08-17 19:01:18', '2020-08-17 19:01:18'),
(985, 58, 'Modules\\Product\\Entities\\Product', 17, 'additional_images', '2020-08-17 19:01:18', '2020-08-17 19:01:18'),
(986, 57, 'Modules\\Product\\Entities\\Product', 17, 'additional_images', '2020-08-17 19:01:18', '2020-08-17 19:01:18'),
(987, 55, 'Modules\\Product\\Entities\\Product', 17, 'additional_images', '2020-08-17 19:01:18', '2020-08-17 19:01:18'),
(988, 56, 'Modules\\Product\\Entities\\Product', 17, 'additional_images', '2020-08-17 19:01:18', '2020-08-17 19:01:18'),
(989, 59, 'Modules\\Product\\Entities\\Product', 18, 'base_image', '2020-08-17 19:01:34', '2020-08-17 19:01:34'),
(990, 60, 'Modules\\Product\\Entities\\Product', 18, 'additional_images', '2020-08-17 19:01:34', '2020-08-17 19:01:34'),
(991, 62, 'Modules\\Product\\Entities\\Product', 18, 'additional_images', '2020-08-17 19:01:34', '2020-08-17 19:01:34'),
(992, 61, 'Modules\\Product\\Entities\\Product', 18, 'additional_images', '2020-08-17 19:01:34', '2020-08-17 19:01:34'),
(1179, 71, 'Modules\\Product\\Entities\\Product', 6, 'base_image', '2020-08-24 18:44:42', '2020-08-24 18:44:42'),
(1265, 232, 'Modules\\Product\\Entities\\Product', 81, 'base_image', '2020-08-24 23:01:20', '2020-08-24 23:01:20'),
(1282, 262, 'Modules\\Product\\Entities\\Product', 88, 'base_image', '2020-08-28 15:53:28', '2020-08-28 15:53:28'),
(1283, 278, 'Modules\\Product\\Entities\\Product', 88, 'additional_images', '2020-08-28 15:53:28', '2020-08-28 15:53:28'),
(1284, 280, 'Modules\\Product\\Entities\\Product', 88, 'additional_images', '2020-08-28 15:53:28', '2020-08-28 15:53:28'),
(1285, 279, 'Modules\\Product\\Entities\\Product', 88, 'additional_images', '2020-08-28 15:53:28', '2020-08-28 15:53:28'),
(1339, 311, 'Modules\\Product\\Entities\\Product', 94, 'base_image', '2020-09-08 00:01:39', '2020-09-08 00:01:39'),
(1747, 142, 'Modules\\Product\\Entities\\Product', 50, 'base_image', '2020-09-23 00:01:00', '2020-09-23 00:01:00'),
(1748, 143, 'Modules\\Product\\Entities\\Product', 51, 'base_image', '2020-09-23 00:01:42', '2020-09-23 00:01:42'),
(1749, 144, 'Modules\\Product\\Entities\\Product', 52, 'base_image', '2020-09-23 00:03:02', '2020-09-23 00:03:02'),
(1750, 145, 'Modules\\Product\\Entities\\Product', 53, 'base_image', '2020-09-23 14:36:10', '2020-09-23 14:36:10'),
(1751, 146, 'Modules\\Product\\Entities\\Product', 54, 'base_image', '2020-09-23 14:37:19', '2020-09-23 14:37:19'),
(1752, 147, 'Modules\\Product\\Entities\\Product', 55, 'base_image', '2020-09-23 14:38:23', '2020-09-23 14:38:23'),
(1753, 148, 'Modules\\Product\\Entities\\Product', 56, 'base_image', '2020-09-23 14:39:09', '2020-09-23 14:39:09'),
(1755, 149, 'Modules\\Product\\Entities\\Product', 58, 'base_image', '2020-09-23 14:43:11', '2020-09-23 14:43:11'),
(1756, 152, 'Modules\\Product\\Entities\\Product', 59, 'base_image', '2020-09-23 14:46:47', '2020-09-23 14:46:47'),
(1757, 153, 'Modules\\Product\\Entities\\Product', 60, 'base_image', '2020-09-23 14:49:37', '2020-09-23 14:49:37'),
(1758, 157, 'Modules\\Product\\Entities\\Product', 61, 'base_image', '2020-09-23 14:52:00', '2020-09-23 14:52:00'),
(1776, 163, 'Modules\\Product\\Entities\\Product', 1, 'base_image', '2020-09-23 15:49:37', '2020-09-23 15:49:37'),
(1777, 164, 'Modules\\Product\\Entities\\Product', 1, 'additional_images', '2020-09-23 15:49:37', '2020-09-23 15:49:37'),
(1778, 165, 'Modules\\Product\\Entities\\Product', 1, 'additional_images', '2020-09-23 15:49:37', '2020-09-23 15:49:37'),
(1779, 166, 'Modules\\Product\\Entities\\Product', 4, 'base_image', '2020-09-23 15:51:13', '2020-09-23 15:51:13'),
(1780, 168, 'Modules\\Product\\Entities\\Product', 4, 'additional_images', '2020-09-23 15:51:13', '2020-09-23 15:51:13'),
(1781, 167, 'Modules\\Product\\Entities\\Product', 4, 'additional_images', '2020-09-23 15:51:13', '2020-09-23 15:51:13'),
(1782, 72, 'Modules\\Product\\Entities\\Product', 5, 'base_image', '2020-09-23 15:53:02', '2020-09-23 15:53:02'),
(1783, 170, 'Modules\\Product\\Entities\\Product', 5, 'additional_images', '2020-09-23 15:53:02', '2020-09-23 15:53:02'),
(1784, 70, 'Modules\\Product\\Entities\\Product', 7, 'base_image', '2020-09-23 15:56:11', '2020-09-23 15:56:11'),
(1785, 171, 'Modules\\Product\\Entities\\Product', 7, 'additional_images', '2020-09-23 15:56:11', '2020-09-23 15:56:11'),
(1786, 172, 'Modules\\Product\\Entities\\Product', 7, 'additional_images', '2020-09-23 15:56:11', '2020-09-23 15:56:11'),
(1787, 69, 'Modules\\Product\\Entities\\Product', 8, 'base_image', '2020-09-23 15:57:07', '2020-09-23 15:57:07'),
(1788, 173, 'Modules\\Product\\Entities\\Product', 8, 'additional_images', '2020-09-23 15:57:07', '2020-09-23 15:57:07'),
(1789, 68, 'Modules\\Product\\Entities\\Product', 9, 'base_image', '2020-09-23 15:59:02', '2020-09-23 15:59:02'),
(1790, 176, 'Modules\\Product\\Entities\\Product', 9, 'additional_images', '2020-09-23 15:59:02', '2020-09-23 15:59:02'),
(1791, 67, 'Modules\\Product\\Entities\\Product', 10, 'base_image', '2020-09-23 15:59:34', '2020-09-23 15:59:34'),
(1792, 177, 'Modules\\Product\\Entities\\Product', 10, 'additional_images', '2020-09-23 15:59:34', '2020-09-23 15:59:34'),
(1793, 76, 'Modules\\Product\\Entities\\Product', 19, 'base_image', '2020-09-23 16:01:50', '2020-09-23 16:01:50'),
(1794, 178, 'Modules\\Product\\Entities\\Product', 19, 'additional_images', '2020-09-23 16:01:50', '2020-09-23 16:01:50'),
(1799, 77, 'Modules\\Product\\Entities\\Product', 20, 'base_image', '2020-09-23 16:08:06', '2020-09-23 16:08:06'),
(1800, 172, 'Modules\\Product\\Entities\\Product', 20, 'additional_images', '2020-09-23 16:08:06', '2020-09-23 16:08:06'),
(1803, 79, 'Modules\\Product\\Entities\\Product', 22, 'base_image', '2020-09-23 16:10:56', '2020-09-23 16:10:56'),
(1804, 80, 'Modules\\Product\\Entities\\Product', 23, 'base_image', '2020-09-23 16:44:48', '2020-09-23 16:44:48'),
(1805, 182, 'Modules\\Product\\Entities\\Product', 23, 'additional_images', '2020-09-23 16:44:48', '2020-09-23 16:44:48'),
(1806, 97, 'Modules\\Product\\Entities\\Product', 25, 'base_image', '2020-09-23 16:46:41', '2020-09-23 16:46:41'),
(1807, 197, 'Modules\\Product\\Entities\\Product', 25, 'additional_images', '2020-09-23 16:46:41', '2020-09-23 16:46:41'),
(1810, 98, 'Modules\\Product\\Entities\\Product', 26, 'base_image', '2020-09-23 16:47:31', '2020-09-23 16:47:31'),
(1811, 196, 'Modules\\Product\\Entities\\Product', 26, 'additional_images', '2020-09-23 16:47:31', '2020-09-23 16:47:31'),
(1812, 99, 'Modules\\Product\\Entities\\Product', 27, 'base_image', '2020-09-23 16:48:22', '2020-09-23 16:48:22'),
(1813, 195, 'Modules\\Product\\Entities\\Product', 27, 'additional_images', '2020-09-23 16:48:22', '2020-09-23 16:48:22'),
(1814, 100, 'Modules\\Product\\Entities\\Product', 28, 'base_image', '2020-09-23 16:49:21', '2020-09-23 16:49:21'),
(1815, 184, 'Modules\\Product\\Entities\\Product', 28, 'additional_images', '2020-09-23 16:49:21', '2020-09-23 16:49:21'),
(1816, 101, 'Modules\\Product\\Entities\\Product', 29, 'base_image', '2020-09-23 16:50:29', '2020-09-23 16:50:29'),
(1817, 185, 'Modules\\Product\\Entities\\Product', 29, 'additional_images', '2020-09-23 16:50:29', '2020-09-23 16:50:29'),
(1818, 102, 'Modules\\Product\\Entities\\Product', 30, 'base_image', '2020-09-23 16:50:53', '2020-09-23 16:50:53'),
(1819, 186, 'Modules\\Product\\Entities\\Product', 30, 'additional_images', '2020-09-23 16:50:53', '2020-09-23 16:50:53'),
(1820, 103, 'Modules\\Product\\Entities\\Product', 31, 'base_image', '2020-09-23 16:51:43', '2020-09-23 16:51:43'),
(1821, 187, 'Modules\\Product\\Entities\\Product', 31, 'additional_images', '2020-09-23 16:51:43', '2020-09-23 16:51:43'),
(1822, 104, 'Modules\\Product\\Entities\\Product', 32, 'base_image', '2020-09-23 16:53:47', '2020-09-23 16:53:47'),
(1823, 188, 'Modules\\Product\\Entities\\Product', 32, 'additional_images', '2020-09-23 16:53:47', '2020-09-23 16:53:47'),
(1824, 112, 'Modules\\Product\\Entities\\Product', 33, 'base_image', '2020-09-23 16:54:21', '2020-09-23 16:54:21'),
(1825, 189, 'Modules\\Product\\Entities\\Product', 33, 'additional_images', '2020-09-23 16:54:21', '2020-09-23 16:54:21'),
(1826, 329, 'Modules\\Product\\Entities\\Product', 33, 'additional_images', '2020-09-23 16:54:21', '2020-09-23 16:54:21'),
(1827, 113, 'Modules\\Product\\Entities\\Product', 34, 'base_image', '2020-09-23 17:00:36', '2020-09-23 17:00:36'),
(1844, 155, 'Modules\\Product\\Entities\\Product', 62, 'base_image', '2020-09-23 17:16:03', '2020-09-23 17:16:03'),
(1845, 233, 'Modules\\Product\\Entities\\Product', 62, 'additional_images', '2020-09-23 17:16:03', '2020-09-23 17:16:03'),
(1846, 234, 'Modules\\Product\\Entities\\Product', 62, 'additional_images', '2020-09-23 17:16:03', '2020-09-23 17:16:03'),
(1848, 158, 'Modules\\Product\\Entities\\Product', 64, 'base_image', '2020-09-23 17:17:38', '2020-09-23 17:17:38'),
(1849, 156, 'Modules\\Product\\Entities\\Product', 63, 'base_image', '2020-09-23 17:17:52', '2020-09-23 17:17:52'),
(1850, 159, 'Modules\\Product\\Entities\\Product', 65, 'base_image', '2020-09-23 17:18:27', '2020-09-23 17:18:27'),
(1851, 157, 'Modules\\Product\\Entities\\Product', 65, 'additional_images', '2020-09-23 17:18:27', '2020-09-23 17:18:27'),
(1852, 156, 'Modules\\Product\\Entities\\Product', 65, 'additional_images', '2020-09-23 17:18:27', '2020-09-23 17:18:27'),
(1853, 160, 'Modules\\Product\\Entities\\Product', 66, 'base_image', '2020-09-23 17:20:49', '2020-09-23 17:20:49'),
(1854, 162, 'Modules\\Product\\Entities\\Product', 67, 'base_image', '2020-09-23 17:22:47', '2020-09-23 17:22:47'),
(1855, 190, 'Modules\\Product\\Entities\\Product', 68, 'base_image', '2020-09-23 17:23:53', '2020-09-23 17:23:53'),
(1856, 191, 'Modules\\Product\\Entities\\Product', 68, 'additional_images', '2020-09-23 17:23:53', '2020-09-23 17:23:53'),
(1857, 192, 'Modules\\Product\\Entities\\Product', 68, 'additional_images', '2020-09-23 17:23:53', '2020-09-23 17:23:53'),
(1860, 193, 'Modules\\Product\\Entities\\Product', 69, 'base_image', '2020-09-23 17:27:45', '2020-09-23 17:27:45'),
(1861, 194, 'Modules\\Product\\Entities\\Product', 69, 'additional_images', '2020-09-23 17:27:45', '2020-09-23 17:27:45'),
(1862, 198, 'Modules\\Product\\Entities\\Product', 70, 'base_image', '2020-09-23 17:29:21', '2020-09-23 17:29:21'),
(1863, 199, 'Modules\\Product\\Entities\\Product', 70, 'additional_images', '2020-09-23 17:29:21', '2020-09-23 17:29:21'),
(1866, 200, 'Modules\\Product\\Entities\\Product', 71, 'base_image', '2020-09-23 17:33:40', '2020-09-23 17:33:40'),
(1867, 201, 'Modules\\Product\\Entities\\Product', 71, 'additional_images', '2020-09-23 17:33:40', '2020-09-23 17:33:40'),
(1868, 202, 'Modules\\Product\\Entities\\Product', 72, 'base_image', '2020-09-23 17:34:13', '2020-09-23 17:34:13'),
(1869, 204, 'Modules\\Product\\Entities\\Product', 72, 'additional_images', '2020-09-23 17:34:13', '2020-09-23 17:34:13'),
(1870, 205, 'Modules\\Product\\Entities\\Product', 73, 'base_image', '2020-09-23 17:34:55', '2020-09-23 17:34:55'),
(1871, 206, 'Modules\\Product\\Entities\\Product', 73, 'additional_images', '2020-09-23 17:34:55', '2020-09-23 17:34:55'),
(1872, 207, 'Modules\\Product\\Entities\\Product', 74, 'base_image', '2020-09-23 17:35:36', '2020-09-23 17:35:36'),
(1873, 208, 'Modules\\Product\\Entities\\Product', 74, 'additional_images', '2020-09-23 17:35:36', '2020-09-23 17:35:36'),
(1882, 78, 'Modules\\Product\\Entities\\Product', 21, 'base_image', '2020-09-23 18:07:56', '2020-09-23 18:07:56'),
(1883, 180, 'Modules\\Product\\Entities\\Product', 21, 'additional_images', '2020-09-23 18:07:56', '2020-09-23 18:07:56'),
(1886, 223, 'Modules\\Product\\Entities\\Product', 79, 'base_image', '2020-09-23 18:13:14', '2020-09-23 18:13:14'),
(1891, 235, 'Modules\\Product\\Entities\\Product', 82, 'base_image', '2020-09-23 18:31:41', '2020-09-23 18:31:41'),
(1892, 236, 'Modules\\Product\\Entities\\Product', 83, 'base_image', '2020-09-23 18:33:33', '2020-09-23 18:33:33'),
(1893, 239, 'Modules\\Product\\Entities\\Product', 83, 'additional_images', '2020-09-23 18:33:33', '2020-09-23 18:33:33'),
(1894, 238, 'Modules\\Product\\Entities\\Product', 83, 'additional_images', '2020-09-23 18:33:33', '2020-09-23 18:33:33'),
(1895, 237, 'Modules\\Product\\Entities\\Product', 83, 'additional_images', '2020-09-23 18:33:33', '2020-09-23 18:33:33'),
(1896, 240, 'Modules\\Product\\Entities\\Product', 83, 'additional_images', '2020-09-23 18:33:33', '2020-09-23 18:33:33'),
(1897, 259, 'Modules\\Product\\Entities\\Product', 85, 'base_image', '2020-09-23 18:34:39', '2020-09-23 18:34:39'),
(1898, 268, 'Modules\\Product\\Entities\\Product', 85, 'additional_images', '2020-09-23 18:34:39', '2020-09-23 18:34:39'),
(1899, 269, 'Modules\\Product\\Entities\\Product', 85, 'additional_images', '2020-09-23 18:34:39', '2020-09-23 18:34:39'),
(1900, 270, 'Modules\\Product\\Entities\\Product', 85, 'additional_images', '2020-09-23 18:34:39', '2020-09-23 18:34:39'),
(1901, 260, 'Modules\\Product\\Entities\\Product', 86, 'base_image', '2020-09-23 18:35:21', '2020-09-23 18:35:21'),
(1902, 272, 'Modules\\Product\\Entities\\Product', 86, 'additional_images', '2020-09-23 18:35:21', '2020-09-23 18:35:21'),
(1903, 274, 'Modules\\Product\\Entities\\Product', 86, 'additional_images', '2020-09-23 18:35:21', '2020-09-23 18:35:21'),
(1904, 273, 'Modules\\Product\\Entities\\Product', 86, 'additional_images', '2020-09-23 18:35:21', '2020-09-23 18:35:21'),
(1905, 275, 'Modules\\Product\\Entities\\Product', 86, 'additional_images', '2020-09-23 18:35:21', '2020-09-23 18:35:21'),
(1906, 261, 'Modules\\Product\\Entities\\Product', 87, 'base_image', '2020-09-23 18:36:15', '2020-09-23 18:36:15'),
(1907, 276, 'Modules\\Product\\Entities\\Product', 87, 'additional_images', '2020-09-23 18:36:15', '2020-09-23 18:36:15'),
(1908, 277, 'Modules\\Product\\Entities\\Product', 87, 'additional_images', '2020-09-23 18:36:15', '2020-09-23 18:36:15'),
(1909, 282, 'Modules\\Product\\Entities\\Product', 89, 'base_image', '2020-09-23 18:37:05', '2020-09-23 18:37:05'),
(1910, 284, 'Modules\\Product\\Entities\\Product', 89, 'additional_images', '2020-09-23 18:37:05', '2020-09-23 18:37:05'),
(1911, 283, 'Modules\\Product\\Entities\\Product', 89, 'additional_images', '2020-09-23 18:37:05', '2020-09-23 18:37:05'),
(1912, 285, 'Modules\\Product\\Entities\\Product', 89, 'additional_images', '2020-09-23 18:37:05', '2020-09-23 18:37:05'),
(1913, 265, 'Modules\\Product\\Entities\\Product', 90, 'base_image', '2020-09-23 18:38:52', '2020-09-23 18:38:52'),
(1914, 271, 'Modules\\Product\\Entities\\Product', 90, 'additional_images', '2020-09-23 18:38:52', '2020-09-23 18:38:52'),
(1915, 267, 'Modules\\Product\\Entities\\Product', 90, 'additional_images', '2020-09-23 18:38:52', '2020-09-23 18:38:52'),
(1916, 266, 'Modules\\Product\\Entities\\Product', 90, 'additional_images', '2020-09-23 18:38:52', '2020-09-23 18:38:52'),
(1923, 292, 'Modules\\Product\\Entities\\Product', 92, 'base_image', '2020-09-23 18:45:06', '2020-09-23 18:45:06'),
(1924, 293, 'Modules\\Product\\Entities\\Product', 92, 'additional_images', '2020-09-23 18:45:06', '2020-09-23 18:45:06'),
(1925, 294, 'Modules\\Product\\Entities\\Product', 92, 'additional_images', '2020-09-23 18:45:06', '2020-09-23 18:45:06'),
(1926, 295, 'Modules\\Product\\Entities\\Product', 93, 'base_image', '2020-09-23 19:53:12', '2020-09-23 19:53:12'),
(1927, 296, 'Modules\\Product\\Entities\\Product', 93, 'additional_images', '2020-09-23 19:53:12', '2020-09-23 19:53:12'),
(1928, 306, 'Modules\\Product\\Entities\\Product', 93, 'additional_images', '2020-09-23 19:53:12', '2020-09-23 19:53:12'),
(1929, 305, 'Modules\\Product\\Entities\\Product', 93, 'additional_images', '2020-09-23 19:53:12', '2020-09-23 19:53:12'),
(1930, 310, 'Modules\\Product\\Entities\\Product', 93, 'additional_images', '2020-09-23 19:53:12', '2020-09-23 19:53:12'),
(1931, 301, 'Modules\\Product\\Entities\\Product', 93, 'additional_images', '2020-09-23 19:53:12', '2020-09-23 19:53:12'),
(1932, 303, 'Modules\\Product\\Entities\\Product', 93, 'additional_images', '2020-09-23 19:53:12', '2020-09-23 19:53:12'),
(1933, 304, 'Modules\\Product\\Entities\\Product', 93, 'additional_images', '2020-09-23 19:53:12', '2020-09-23 19:53:12'),
(1934, 311, 'Modules\\Product\\Entities\\Product', 95, 'base_image', '2020-09-23 19:53:56', '2020-09-23 19:53:56'),
(1935, 312, 'Modules\\Product\\Entities\\Product', 95, 'additional_images', '2020-09-23 19:53:56', '2020-09-23 19:53:56'),
(1936, 306, 'Modules\\Product\\Entities\\Product', 95, 'additional_images', '2020-09-23 19:53:56', '2020-09-23 19:53:56'),
(1937, 305, 'Modules\\Product\\Entities\\Product', 95, 'additional_images', '2020-09-23 19:53:56', '2020-09-23 19:53:56'),
(1938, 310, 'Modules\\Product\\Entities\\Product', 95, 'additional_images', '2020-09-23 19:53:56', '2020-09-23 19:53:56'),
(1939, 301, 'Modules\\Product\\Entities\\Product', 95, 'additional_images', '2020-09-23 19:53:56', '2020-09-23 19:53:56'),
(1940, 303, 'Modules\\Product\\Entities\\Product', 95, 'additional_images', '2020-09-23 19:53:56', '2020-09-23 19:53:56'),
(1941, 304, 'Modules\\Product\\Entities\\Product', 95, 'additional_images', '2020-09-23 19:53:56', '2020-09-23 19:53:56'),
(1942, 313, 'Modules\\Product\\Entities\\Product', 96, 'base_image', '2020-09-23 19:54:49', '2020-09-23 19:54:49'),
(1943, 314, 'Modules\\Product\\Entities\\Product', 96, 'additional_images', '2020-09-23 19:54:49', '2020-09-23 19:54:49'),
(1944, 306, 'Modules\\Product\\Entities\\Product', 96, 'additional_images', '2020-09-23 19:54:49', '2020-09-23 19:54:49'),
(1945, 305, 'Modules\\Product\\Entities\\Product', 96, 'additional_images', '2020-09-23 19:54:49', '2020-09-23 19:54:49'),
(1946, 310, 'Modules\\Product\\Entities\\Product', 96, 'additional_images', '2020-09-23 19:54:49', '2020-09-23 19:54:49'),
(1947, 301, 'Modules\\Product\\Entities\\Product', 96, 'additional_images', '2020-09-23 19:54:49', '2020-09-23 19:54:49'),
(1948, 303, 'Modules\\Product\\Entities\\Product', 96, 'additional_images', '2020-09-23 19:54:49', '2020-09-23 19:54:49'),
(1949, 304, 'Modules\\Product\\Entities\\Product', 96, 'additional_images', '2020-09-23 19:54:49', '2020-09-23 19:54:49'),
(1950, 315, 'Modules\\Product\\Entities\\Product', 97, 'base_image', '2020-09-23 19:55:32', '2020-09-23 19:55:32'),
(1951, 316, 'Modules\\Product\\Entities\\Product', 97, 'additional_images', '2020-09-23 19:55:32', '2020-09-23 19:55:32'),
(1952, 306, 'Modules\\Product\\Entities\\Product', 97, 'additional_images', '2020-09-23 19:55:32', '2020-09-23 19:55:32'),
(1953, 305, 'Modules\\Product\\Entities\\Product', 97, 'additional_images', '2020-09-23 19:55:32', '2020-09-23 19:55:32'),
(1954, 310, 'Modules\\Product\\Entities\\Product', 97, 'additional_images', '2020-09-23 19:55:32', '2020-09-23 19:55:32'),
(1955, 301, 'Modules\\Product\\Entities\\Product', 97, 'additional_images', '2020-09-23 19:55:32', '2020-09-23 19:55:32'),
(1956, 303, 'Modules\\Product\\Entities\\Product', 97, 'additional_images', '2020-09-23 19:55:32', '2020-09-23 19:55:32'),
(1957, 304, 'Modules\\Product\\Entities\\Product', 97, 'additional_images', '2020-09-23 19:55:32', '2020-09-23 19:55:32'),
(1958, 317, 'Modules\\Product\\Entities\\Product', 98, 'base_image', '2020-09-23 19:56:12', '2020-09-23 19:56:12'),
(1959, 318, 'Modules\\Product\\Entities\\Product', 98, 'additional_images', '2020-09-23 19:56:12', '2020-09-23 19:56:12'),
(1960, 306, 'Modules\\Product\\Entities\\Product', 98, 'additional_images', '2020-09-23 19:56:12', '2020-09-23 19:56:12'),
(1961, 305, 'Modules\\Product\\Entities\\Product', 98, 'additional_images', '2020-09-23 19:56:12', '2020-09-23 19:56:12'),
(1962, 310, 'Modules\\Product\\Entities\\Product', 98, 'additional_images', '2020-09-23 19:56:12', '2020-09-23 19:56:12'),
(1963, 301, 'Modules\\Product\\Entities\\Product', 98, 'additional_images', '2020-09-23 19:56:12', '2020-09-23 19:56:12'),
(1964, 303, 'Modules\\Product\\Entities\\Product', 98, 'additional_images', '2020-09-23 19:56:12', '2020-09-23 19:56:12'),
(1965, 304, 'Modules\\Product\\Entities\\Product', 98, 'additional_images', '2020-09-23 19:56:12', '2020-09-23 19:56:12'),
(1991, 117, 'Modules\\Product\\Entities\\Product', 36, 'base_image', '2020-09-23 20:00:06', '2020-09-23 20:00:06'),
(1992, 118, 'Modules\\Product\\Entities\\Product', 37, 'base_image', '2020-09-23 20:00:45', '2020-09-23 20:00:45'),
(1993, 119, 'Modules\\Product\\Entities\\Product', 38, 'base_image', '2020-09-23 20:01:26', '2020-09-23 20:01:26'),
(1994, 209, 'Modules\\Product\\Entities\\Product', 39, 'base_image', '2020-09-23 20:02:17', '2020-09-23 20:02:17'),
(1995, 121, 'Modules\\Product\\Entities\\Product', 40, 'base_image', '2020-09-23 20:02:53', '2020-09-23 20:02:53'),
(1996, 122, 'Modules\\Product\\Entities\\Product', 41, 'base_image', '2020-09-23 20:03:14', '2020-09-23 20:03:14'),
(2002, 123, 'Modules\\Product\\Entities\\Product', 42, 'base_image', '2020-09-23 20:07:21', '2020-09-23 20:07:21'),
(2003, 217, 'Modules\\Product\\Entities\\Product', 76, 'base_image', '2020-09-23 20:08:19', '2020-09-23 20:08:19'),
(2004, 219, 'Modules\\Product\\Entities\\Product', 76, 'additional_images', '2020-09-23 20:08:19', '2020-09-23 20:08:19'),
(2005, 241, 'Modules\\Product\\Entities\\Product', 84, 'base_image', '2020-09-23 21:32:13', '2020-09-23 21:32:13'),
(2006, 244, 'Modules\\Product\\Entities\\Product', 84, 'additional_images', '2020-09-23 21:32:13', '2020-09-23 21:32:13'),
(2007, 242, 'Modules\\Product\\Entities\\Product', 84, 'additional_images', '2020-09-23 21:32:13', '2020-09-23 21:32:13'),
(2008, 243, 'Modules\\Product\\Entities\\Product', 84, 'additional_images', '2020-09-23 21:32:13', '2020-09-23 21:32:13'),
(2009, 248, 'Modules\\Product\\Entities\\Product', 84, 'additional_images', '2020-09-23 21:32:13', '2020-09-23 21:32:13'),
(2010, 247, 'Modules\\Product\\Entities\\Product', 84, 'additional_images', '2020-09-23 21:32:13', '2020-09-23 21:32:13'),
(2011, 249, 'Modules\\Product\\Entities\\Product', 84, 'additional_images', '2020-09-23 21:32:13', '2020-09-23 21:32:13'),
(2012, 125, 'Modules\\Product\\Entities\\Product', 44, 'base_image', '2020-09-23 21:33:55', '2020-09-23 21:33:55'),
(2013, 126, 'Modules\\Product\\Entities\\Product', 44, 'additional_images', '2020-09-23 21:33:55', '2020-09-23 21:33:55'),
(2014, 127, 'Modules\\Product\\Entities\\Product', 44, 'additional_images', '2020-09-23 21:33:55', '2020-09-23 21:33:55'),
(2015, 128, 'Modules\\Product\\Entities\\Product', 44, 'additional_images', '2020-09-23 21:33:55', '2020-09-23 21:33:55'),
(2016, 129, 'Modules\\Product\\Entities\\Product', 45, 'base_image', '2020-09-23 21:34:39', '2020-09-23 21:34:39'),
(2017, 132, 'Modules\\Product\\Entities\\Product', 45, 'additional_images', '2020-09-23 21:34:39', '2020-09-23 21:34:39'),
(2018, 131, 'Modules\\Product\\Entities\\Product', 45, 'additional_images', '2020-09-23 21:34:39', '2020-09-23 21:34:39'),
(2019, 133, 'Modules\\Product\\Entities\\Product', 45, 'additional_images', '2020-09-23 21:34:39', '2020-09-23 21:34:39'),
(2020, 130, 'Modules\\Product\\Entities\\Product', 45, 'additional_images', '2020-09-23 21:34:39', '2020-09-23 21:34:39'),
(2021, 138, 'Modules\\Product\\Entities\\Product', 46, 'base_image', '2020-09-23 21:35:11', '2020-09-23 21:35:11'),
(2022, 139, 'Modules\\Product\\Entities\\Product', 47, 'base_image', '2020-09-23 21:35:41', '2020-09-23 21:35:41'),
(2023, 140, 'Modules\\Product\\Entities\\Product', 48, 'base_image', '2020-09-23 21:53:23', '2020-09-23 21:53:23'),
(2024, 220, 'Modules\\Product\\Entities\\Product', 77, 'base_image', '2020-09-23 21:55:17', '2020-09-23 21:55:17'),
(2025, 228, 'Modules\\Product\\Entities\\Product', 80, 'base_image', '2020-09-23 21:55:59', '2020-09-23 21:55:59'),
(2026, 229, 'Modules\\Product\\Entities\\Product', 80, 'additional_images', '2020-09-23 21:55:59', '2020-09-23 21:55:59'),
(2027, 230, 'Modules\\Product\\Entities\\Product', 80, 'additional_images', '2020-09-23 21:55:59', '2020-09-23 21:55:59'),
(2028, 231, 'Modules\\Product\\Entities\\Product', 80, 'additional_images', '2020-09-23 21:55:59', '2020-09-23 21:55:59'),
(2029, 116, 'Modules\\Product\\Entities\\Product', 35, 'base_image', '2020-09-23 21:56:28', '2020-09-23 21:56:28'),
(2030, 141, 'Modules\\Product\\Entities\\Product', 49, 'base_image', '2020-09-23 21:57:41', '2020-09-23 21:57:41'),
(2067, 286, 'Modules\\Product\\Entities\\Product', 91, 'base_image', '2020-09-23 23:07:03', '2020-09-23 23:07:03'),
(2068, 289, 'Modules\\Product\\Entities\\Product', 91, 'additional_images', '2020-09-23 23:07:03', '2020-09-23 23:07:03'),
(2069, 290, 'Modules\\Product\\Entities\\Product', 91, 'additional_images', '2020-09-23 23:07:03', '2020-09-23 23:07:03'),
(2070, 291, 'Modules\\Product\\Entities\\Product', 91, 'additional_images', '2020-09-23 23:07:03', '2020-09-23 23:07:03'),
(2071, 288, 'Modules\\Product\\Entities\\Product', 91, 'additional_images', '2020-09-23 23:07:03', '2020-09-23 23:07:03'),
(2072, 287, 'Modules\\Product\\Entities\\Product', 91, 'additional_images', '2020-09-23 23:07:03', '2020-09-23 23:07:03'),
(2093, 222, 'Modules\\Product\\Entities\\Product', 78, 'base_image', '2020-09-24 17:33:00', '2020-09-24 17:33:00'),
(2094, 221, 'Modules\\Product\\Entities\\Product', 78, 'additional_images', '2020-09-24 17:33:00', '2020-09-24 17:33:00'),
(2095, 210, 'Modules\\Product\\Entities\\Product', 75, 'base_image', '2020-09-24 17:33:45', '2020-09-24 17:33:45'),
(2096, 213, 'Modules\\Product\\Entities\\Product', 75, 'additional_images', '2020-09-24 17:33:45', '2020-09-24 17:33:45'),
(2097, 214, 'Modules\\Product\\Entities\\Product', 75, 'additional_images', '2020-09-24 17:33:45', '2020-09-24 17:33:45'),
(2098, 215, 'Modules\\Product\\Entities\\Product', 75, 'additional_images', '2020-09-24 17:33:45', '2020-09-24 17:33:45'),
(2099, 216, 'Modules\\Product\\Entities\\Product', 75, 'additional_images', '2020-09-24 17:33:45', '2020-09-24 17:33:45'),
(2105, 336, 'Modules\\Product\\Entities\\Product', 108, 'base_image', '2020-09-25 23:40:23', '2020-09-25 23:40:23'),
(2111, 335, 'Modules\\Product\\Entities\\Product', 107, 'base_image', '2020-10-23 19:14:43', '2020-10-23 19:14:43'),
(2112, 327, 'Modules\\Product\\Entities\\Product', 103, 'base_image', '2020-10-23 19:17:23', '2020-10-23 19:17:23'),
(2113, 328, 'Modules\\Product\\Entities\\Product', 103, 'additional_images', '2020-10-23 19:17:23', '2020-10-23 19:17:23'),
(2114, 306, 'Modules\\Product\\Entities\\Product', 103, 'additional_images', '2020-10-23 19:17:23', '2020-10-23 19:17:23'),
(2115, 305, 'Modules\\Product\\Entities\\Product', 103, 'additional_images', '2020-10-23 19:17:23', '2020-10-23 19:17:23'),
(2116, 310, 'Modules\\Product\\Entities\\Product', 103, 'additional_images', '2020-10-23 19:17:23', '2020-10-23 19:17:23'),
(2117, 301, 'Modules\\Product\\Entities\\Product', 103, 'additional_images', '2020-10-23 19:17:23', '2020-10-23 19:17:23'),
(2118, 304, 'Modules\\Product\\Entities\\Product', 103, 'additional_images', '2020-10-23 19:17:23', '2020-10-23 19:17:23'),
(2119, 303, 'Modules\\Product\\Entities\\Product', 103, 'additional_images', '2020-10-23 19:17:23', '2020-10-23 19:17:23'),
(2120, 332, 'Modules\\Product\\Entities\\Product', 106, 'base_image', '2020-10-23 19:22:07', '2020-10-23 19:22:07'),
(2121, 330, 'Modules\\Product\\Entities\\Product', 104, 'base_image', '2020-10-23 19:22:46', '2020-10-23 19:22:46'),
(2122, 331, 'Modules\\Product\\Entities\\Product', 104, 'additional_images', '2020-10-23 19:22:46', '2020-10-23 19:22:46'),
(2123, 325, 'Modules\\Product\\Entities\\Product', 102, 'base_image', '2020-10-23 19:23:15', '2020-10-23 19:23:15'),
(2124, 326, 'Modules\\Product\\Entities\\Product', 102, 'additional_images', '2020-10-23 19:23:15', '2020-10-23 19:23:15'),
(2125, 306, 'Modules\\Product\\Entities\\Product', 102, 'additional_images', '2020-10-23 19:23:15', '2020-10-23 19:23:15'),
(2126, 305, 'Modules\\Product\\Entities\\Product', 102, 'additional_images', '2020-10-23 19:23:15', '2020-10-23 19:23:15'),
(2127, 310, 'Modules\\Product\\Entities\\Product', 102, 'additional_images', '2020-10-23 19:23:15', '2020-10-23 19:23:15'),
(2128, 301, 'Modules\\Product\\Entities\\Product', 102, 'additional_images', '2020-10-23 19:23:15', '2020-10-23 19:23:15'),
(2129, 304, 'Modules\\Product\\Entities\\Product', 102, 'additional_images', '2020-10-23 19:23:15', '2020-10-23 19:23:15'),
(2130, 303, 'Modules\\Product\\Entities\\Product', 102, 'additional_images', '2020-10-23 19:23:15', '2020-10-23 19:23:15'),
(2139, 323, 'Modules\\Product\\Entities\\Product', 101, 'base_image', '2020-10-23 19:30:02', '2020-10-23 19:30:02'),
(2140, 324, 'Modules\\Product\\Entities\\Product', 101, 'additional_images', '2020-10-23 19:30:02', '2020-10-23 19:30:02'),
(2141, 306, 'Modules\\Product\\Entities\\Product', 101, 'additional_images', '2020-10-23 19:30:02', '2020-10-23 19:30:02'),
(2142, 305, 'Modules\\Product\\Entities\\Product', 101, 'additional_images', '2020-10-23 19:30:02', '2020-10-23 19:30:02'),
(2143, 310, 'Modules\\Product\\Entities\\Product', 101, 'additional_images', '2020-10-23 19:30:02', '2020-10-23 19:30:02'),
(2144, 301, 'Modules\\Product\\Entities\\Product', 101, 'additional_images', '2020-10-23 19:30:02', '2020-10-23 19:30:02'),
(2145, 303, 'Modules\\Product\\Entities\\Product', 101, 'additional_images', '2020-10-23 19:30:02', '2020-10-23 19:30:02'),
(2146, 304, 'Modules\\Product\\Entities\\Product', 101, 'additional_images', '2020-10-23 19:30:02', '2020-10-23 19:30:02'),
(2147, 321, 'Modules\\Product\\Entities\\Product', 100, 'base_image', '2020-10-23 19:31:54', '2020-10-23 19:31:54'),
(2148, 322, 'Modules\\Product\\Entities\\Product', 100, 'additional_images', '2020-10-23 19:31:54', '2020-10-23 19:31:54'),
(2149, 306, 'Modules\\Product\\Entities\\Product', 100, 'additional_images', '2020-10-23 19:31:54', '2020-10-23 19:31:54'),
(2150, 305, 'Modules\\Product\\Entities\\Product', 100, 'additional_images', '2020-10-23 19:31:54', '2020-10-23 19:31:54'),
(2151, 310, 'Modules\\Product\\Entities\\Product', 100, 'additional_images', '2020-10-23 19:31:54', '2020-10-23 19:31:54'),
(2152, 301, 'Modules\\Product\\Entities\\Product', 100, 'additional_images', '2020-10-23 19:31:54', '2020-10-23 19:31:54'),
(2153, 303, 'Modules\\Product\\Entities\\Product', 100, 'additional_images', '2020-10-23 19:31:54', '2020-10-23 19:31:54'),
(2154, 304, 'Modules\\Product\\Entities\\Product', 100, 'additional_images', '2020-10-23 19:31:54', '2020-10-23 19:31:54'),
(2155, 319, 'Modules\\Product\\Entities\\Product', 99, 'base_image', '2020-10-23 19:36:01', '2020-10-23 19:36:01'),
(2156, 320, 'Modules\\Product\\Entities\\Product', 99, 'additional_images', '2020-10-23 19:36:01', '2020-10-23 19:36:01'),
(2157, 306, 'Modules\\Product\\Entities\\Product', 99, 'additional_images', '2020-10-23 19:36:01', '2020-10-23 19:36:01'),
(2158, 305, 'Modules\\Product\\Entities\\Product', 99, 'additional_images', '2020-10-23 19:36:01', '2020-10-23 19:36:01'),
(2159, 310, 'Modules\\Product\\Entities\\Product', 99, 'additional_images', '2020-10-23 19:36:01', '2020-10-23 19:36:01'),
(2160, 301, 'Modules\\Product\\Entities\\Product', 99, 'additional_images', '2020-10-23 19:36:01', '2020-10-23 19:36:01'),
(2161, 303, 'Modules\\Product\\Entities\\Product', 99, 'additional_images', '2020-10-23 19:36:01', '2020-10-23 19:36:01'),
(2162, 304, 'Modules\\Product\\Entities\\Product', 99, 'additional_images', '2020-10-23 19:36:01', '2020-10-23 19:36:01'),
(2168, 124, 'Modules\\Product\\Entities\\Product', 43, 'base_image', '2020-11-06 17:31:27', '2020-11-06 17:31:27'),
(2169, 226, 'Modules\\Product\\Entities\\Product', 43, 'additional_images', '2020-11-06 17:31:27', '2020-11-06 17:31:27'),
(2170, 225, 'Modules\\Product\\Entities\\Product', 43, 'additional_images', '2020-11-06 17:31:27', '2020-11-06 17:31:27'),
(2171, 224, 'Modules\\Product\\Entities\\Product', 43, 'additional_images', '2020-11-06 17:31:27', '2020-11-06 17:31:27'),
(2172, 227, 'Modules\\Product\\Entities\\Product', 43, 'additional_images', '2020-11-06 17:31:27', '2020-11-06 17:31:27'),
(2257, 351, 'Modules\\Product\\Entities\\Product', 111, 'base_image', '2020-11-11 19:01:14', '2020-11-11 19:01:14'),
(2258, 226, 'Modules\\Product\\Entities\\Product', 111, 'additional_images', '2020-11-11 19:01:14', '2020-11-11 19:01:14'),
(2259, 224, 'Modules\\Product\\Entities\\Product', 111, 'additional_images', '2020-11-11 19:01:14', '2020-11-11 19:01:14'),
(2260, 225, 'Modules\\Product\\Entities\\Product', 111, 'additional_images', '2020-11-11 19:01:14', '2020-11-11 19:01:14'),
(2261, 227, 'Modules\\Product\\Entities\\Product', 111, 'additional_images', '2020-11-11 19:01:14', '2020-11-11 19:01:14'),
(2262, 349, 'Modules\\Product\\Entities\\Product', 110, 'base_image', '2020-11-11 19:01:39', '2020-11-11 19:01:39'),
(2263, 350, 'Modules\\Product\\Entities\\Product', 110, 'additional_images', '2020-11-11 19:01:39', '2020-11-11 19:01:39'),
(2264, 338, 'Modules\\Product\\Entities\\Product', 109, 'base_image', '2020-11-11 19:01:55', '2020-11-11 19:01:55'),
(2265, 348, 'Modules\\Product\\Entities\\Product', 109, 'additional_images', '2020-11-11 19:01:55', '2020-11-11 19:01:55'),
(2266, 345, 'Modules\\Product\\Entities\\Product', 109, 'additional_images', '2020-11-11 19:01:55', '2020-11-11 19:01:55'),
(2267, 344, 'Modules\\Product\\Entities\\Product', 109, 'additional_images', '2020-11-11 19:01:55', '2020-11-11 19:01:55'),
(2268, 341, 'Modules\\Product\\Entities\\Product', 109, 'additional_images', '2020-11-11 19:01:55', '2020-11-11 19:01:55');

-- --------------------------------------------------------

--
-- Estructura de tabla para la tabla `files`
--

CREATE TABLE `files` (
  `id` int(10) UNSIGNED NOT NULL,
  `user_id` int(10) UNSIGNED NOT NULL,
  `filename` varchar(191) COLLATE utf8mb4_unicode_ci NOT NULL,
  `disk` varchar(191) COLLATE utf8mb4_unicode_ci NOT NULL,
  `path` varchar(191) COLLATE utf8mb4_unicode_ci NOT NULL,
  `extension` varchar(191) COLLATE utf8mb4_unicode_ci NOT NULL,
  `mime` varchar(191) COLLATE utf8mb4_unicode_ci NOT NULL,
  `size` varchar(191) COLLATE utf8mb4_unicode_ci NOT NULL,
  `created_at` timestamp NULL DEFAULT NULL,
  `updated_at` timestamp NULL DEFAULT NULL
) ENGINE=InnoDB DEFAULT CHARSET=utf8mb4 COLLATE=utf8mb4_unicode_ci;

--
-- Volcado de datos para la tabla `files`
--

INSERT INTO `files` (`id`, `user_id`, `filename`, `disk`, `path`, `extension`, `mime`, `size`, `created_at`, `updated_at`) VALUES
(3, 1, 'logo bn.png', 'public_storage', 'media/1mrj7GxXOUfxKbaIGYhWNI3sEueNCoDx3FHVKvg6.png', 'png', 'image/png', '26611', '2019-09-04 02:38:41', '2019-09-04 02:38:41'),
(4, 1, 'logo.png', 'public_storage', 'media/KZDSC0tgDQQ4pYBar7XZBPisld78YqZG9MR7TcnF.png', 'png', 'image/png', '79550', '2019-09-04 02:38:41', '2019-09-04 02:38:41'),
(5, 1, 'Logo Teran.png', 'public_storage', 'media/1AoLw44kFt9iec58o0W0s9LouHOzNLN2Pea4BPdg.png', 'png', 'image/png', '15217', '2019-09-04 02:39:02', '2019-09-04 02:39:02'),
(6, 1, 'Logo Teran2.png', 'public_storage', 'media/LhYhgySbbAIQEH5iPOmHobOPsSOqhSDtsOR7K2L5.png', 'png', 'image/png', '199472', '2019-09-04 02:39:02', '2019-09-04 02:39:02'),
(7, 1, 'Logo Teran3.png', 'public_storage', 'media/Ca5wh3HvOAUWhXraUgCyNHgikAW9QPH7etmzelIv.png', 'png', 'image/png', '156942', '2019-09-04 02:39:03', '2019-09-04 02:39:03'),
(8, 1, 'Logotipo Terán.Png.png', 'public_storage', 'media/optqh88xywm7MbCaSuZ10OA5kSzxbAQQ8ZlbSJyD.png', 'png', 'image/png', '79651', '2019-09-04 02:39:03', '2019-09-04 02:39:03'),
(12, 1, 'Slider Electrodoméstico.png', 'public_storage', 'media/rlDbSSgc7DF1CdYFqJpa4NerkrnJpbrAs6LfkzAQ.png', 'png', 'image/png', '210882', '2019-09-04 23:57:06', '2019-09-04 23:57:06'),
(39, 4, 'Axxo F51 WEB.jpg', 'public_storage', 'media/Sb8LNEtGprDFkhfLarriToQtgEjbkj6bMWJt44C3.jpeg', 'jpeg', 'image/jpeg', '2674150', '2019-09-17 22:30:35', '2019-09-17 22:30:35'),
(40, 4, 'Axxo F51 WEB naranja.jpg', 'public_storage', 'media/u0v7lIXu686ZHF2rjeuRjqQDEIpHKoMl2GkLlHz4.jpeg', 'jpeg', 'image/jpeg', '1145259', '2019-09-18 16:31:48', '2019-09-18 16:31:48'),
(41, 4, 'Axxo F51 WEB blanca.jpg', 'public_storage', 'media/PugY35dUkUTUVYS7JQ6tlGkNPAGLah5IiLX94hPw.jpeg', 'jpeg', 'image/jpeg', '1066984', '2019-09-18 16:31:48', '2019-09-18 16:31:48'),
(42, 4, 'Axxo R9 WEB.jpg', 'public_storage', 'media/JYOQqudDNAflC8nuh42F2t3bgbujVN5G9QG6KsAe.jpeg', 'jpeg', 'image/jpeg', '2759312', '2019-09-18 16:57:59', '2019-09-18 16:57:59'),
(43, 4, 'Axxo R9 Roja Azul.jpg', 'public_storage', 'media/6Xop7T95yoPmiDwIJlWa1k34TeJQA50A8vRrMw64.jpeg', 'jpeg', 'image/jpeg', '968356', '2019-09-18 17:06:18', '2019-09-18 17:06:18'),
(44, 4, 'Axxo R9 Blanca.jpg', 'public_storage', 'media/1rNx5ltvAbUqELSYL56fY5LhC6ozg4KrTROKY2qW.jpeg', 'jpeg', 'image/jpeg', '979391', '2019-09-18 17:06:22', '2019-09-18 17:06:22'),
(46, 4, 'Axxo R9 Roja.jpg', 'public_storage', 'media/6xkvSANrR6mYyE2gC6AseAJWthMTtqIqXXskWgph.jpeg', 'jpeg', 'image/jpeg', '1030713', '2019-09-18 17:09:09', '2019-09-18 17:09:09'),
(47, 4, 'Axxo Raptor Credito WEB.jpg', 'public_storage', 'media/mkmDPexHgdM0kycnItpY5SKK92jap38VACnZhQz1.jpeg', 'jpeg', 'image/jpeg', '2088874', '2019-09-18 17:29:31', '2019-09-18 17:29:31'),
(48, 4, 'Axxo Raptor Blanca.jpg', 'public_storage', 'media/pLBdOBkPjrnibi0u9YpDD5DZujRP6TNCeVRIyuDS.jpeg', 'jpeg', 'image/jpeg', '1073621', '2019-09-18 17:47:41', '2019-09-18 17:47:41'),
(49, 4, 'Axxo Raptor negra.jpg', 'public_storage', 'media/caSqfrWzUKyZs5Fx2pVly3jWHYkUIqmIt7b7dqo6.jpeg', 'jpeg', 'image/jpeg', '1065727', '2019-09-18 17:47:44', '2019-09-18 17:47:44'),
(50, 4, 'Axxo Tracker WEB.jpg', 'public_storage', 'media/20i9LmOCzA006LfzBO97H5Pnu7MFT3jHtiJb3vqO.jpeg', 'jpeg', 'image/jpeg', '2015121', '2019-09-18 18:07:48', '2019-09-18 18:07:48'),
(51, 4, 'Axxo Tracker Blanca.jpg', 'public_storage', 'media/R81o4nCDRHXttSWtPnyEQXDaN9pr5npQR7tVIKPa.jpeg', 'jpeg', 'image/jpeg', '1152483', '2019-09-18 18:11:24', '2019-09-18 18:11:24'),
(52, 4, 'Axxo Tracker Naranja.jpg', 'public_storage', 'media/nrrYQMxuN9KZRy0XAver2ZxUiNDzkrlWxA5mTXuD.jpeg', 'jpeg', 'image/jpeg', '1062821', '2019-09-18 18:11:26', '2019-09-18 18:11:26'),
(53, 4, 'Axxo Tracker Roja.jpg', 'public_storage', 'media/GSlKBBWkJkjsXOdOm9NOZHDBKUsw92kzPl5PgF2V.jpeg', 'jpeg', 'image/jpeg', '1248406', '2019-09-18 18:11:27', '2019-09-18 18:11:27'),
(54, 4, 'Axxo TRX 200 WEB.jpg', 'public_storage', 'media/HNkWb0Om1P8zyMI7ynS87F3B97K1vuVRH39164BH.jpeg', 'jpeg', 'image/jpeg', '4612729', '2019-09-18 18:30:14', '2019-09-18 18:30:14'),
(55, 4, 'Axxo TRX blanca y roja.jpg', 'public_storage', 'media/zMs50YIyTvTI0exkwK9Ld9NuUxkVJHvHq76InZYp.jpeg', 'jpeg', 'image/jpeg', '1144360', '2019-09-18 18:30:37', '2019-09-18 18:30:37'),
(56, 4, 'Axxo TRX Azul.jpg', 'public_storage', 'media/aj5xNhuykD4XKkQOHX9d5MMxEbBaiNAn1HCelPrR.jpeg', 'jpeg', 'image/jpeg', '1169433', '2019-09-18 18:30:37', '2019-09-18 18:30:37'),
(57, 4, 'Axxo TRX Blanca.jpg', 'public_storage', 'media/voNpbJc0TsYb6joSxzYjh40MGX0CLB7RC8wmUKW5.jpeg', 'jpeg', 'image/jpeg', '1148075', '2019-09-18 18:30:40', '2019-09-18 18:30:40'),
(58, 4, 'Axxo TRX Roja y negro.jpg', 'public_storage', 'media/fn4uxuaiXnpgJV16G6QGZxMWnNUfxRV2H82L18aO.jpeg', 'jpeg', 'image/jpeg', '1178690', '2019-09-18 18:30:41', '2019-09-18 18:30:41'),
(59, 4, 'Axxo TRZ WEB.jpg', 'public_storage', 'media/Oc2oOFd0lcsoIXaj3zsdXyy5AFqm19jmbKYRLb9e.jpeg', 'jpeg', 'image/jpeg', '3733003', '2019-09-18 18:39:50', '2019-09-18 18:39:50'),
(60, 4, 'Axxo TRZ Azul.jpg', 'public_storage', 'media/0DnbJMce1FjbZabaaTZGNhsQPIJk0yo54iQi5cYr.jpeg', 'jpeg', 'image/jpeg', '1246758', '2019-09-18 18:40:10', '2019-09-18 18:40:10'),
(61, 4, 'Axxo TRZ blanca.jpg', 'public_storage', 'media/WyXo4LE1u9f2WbHdecZdOnlKPZ7EKgNTn1MzvA7h.jpeg', 'jpeg', 'image/jpeg', '1199638', '2019-09-18 18:40:13', '2019-09-18 18:40:13'),
(62, 4, 'Axxo TRZ roja.jpg', 'public_storage', 'media/xNJwk9P7gHO7HKUhVoJaLC16htN1C26WsBiVYvQP.jpeg', 'jpeg', 'image/jpeg', '1262783', '2019-09-18 18:40:13', '2019-09-18 18:40:13'),
(63, 4, 'IMG_20190611_101949.jpg', 'public_storage', 'media/ugcIRD01HXe1cgLnxt6JcInsTfHHL0oInK18Qc11.jpeg', 'jpeg', 'image/jpeg', '3575527', '2019-09-24 22:43:47', '2019-09-24 22:43:47'),
(65, 4, 'IMG_20190611_101353.jpg', 'public_storage', 'media/nTLyoVRvX3fO8ojHBm0sy7sWGRld0dJqFhc95tK7.jpeg', 'jpeg', 'image/jpeg', '6546738', '2019-09-24 22:46:19', '2019-09-24 22:46:19'),
(66, 1, 'Home - Movil.jpg', 'public_storage', 'media/gHfzhIJvkQszCKF9CQbRDoG7EZa9V9tmgTEsoHAc.jpeg', 'jpeg', 'image/jpeg', '162277', '2020-01-10 17:30:34', '2020-01-10 17:30:34'),
(67, 4, 'Web-Colchones-Zafiro-23.jpg', 'public_storage', 'media/JgR1WjoVkje0EkEtSlN7KNNF0P3DyvdoMFIOudff.jpeg', 'jpeg', 'image/jpeg', '393430', '2020-01-10 17:49:04', '2020-01-10 17:49:04'),
(68, 4, 'Web-Colchones-Suave-brisa.jpg', 'public_storage', 'media/ySSTVYVYSwAn1pkN56b5qMC5AGBdAcec0D9S2hNU.jpeg', 'jpeg', 'image/jpeg', '346273', '2020-01-11 09:45:34', '2020-01-11 09:45:34'),
(69, 4, 'Web-Colchones-Prensado.jpg', 'public_storage', 'media/TCkKrF9942Fz0NE5ya8rNQOFwYTXz9lmKFS8rxLb.jpeg', 'jpeg', 'image/jpeg', '350743', '2020-01-11 09:46:02', '2020-01-11 09:46:02'),
(70, 4, 'Web-Colchones-imperial-azul-y-rojo.jpg', 'public_storage', 'media/YCZzJ1Sw81xz8Yd6jLw4pck0fijdCCialI8Cme8I.jpeg', 'jpeg', 'image/jpeg', '409319', '2020-01-11 10:38:48', '2020-01-11 10:38:48'),
(71, 4, 'Web-Colchones-imperial-rojo.jpg', 'public_storage', 'media/k2wlLcOK3ecH4lprhCUsfV9yOVt5NwmF6GWa8znh.jpeg', 'jpeg', 'image/jpeg', '406009', '2020-01-11 10:40:18', '2020-01-11 10:40:18'),
(72, 4, 'Web-Colchones-Continental-Tra.jpg', 'public_storage', 'media/AX9boRwcgZGx8l3iXcr6ETo78tBv18nPxFgv8gMm.jpeg', 'jpeg', 'image/jpeg', '310606', '2020-01-13 08:40:45', '2020-01-13 08:40:45'),
(74, 4, 'Web-Colchones-Fussion.jpg', 'public_storage', 'media/CXHW25U3jGBh9AiSJzuKzzI7fjwEjzEUQvXdfSlL.jpeg', 'jpeg', 'image/jpeg', '301205', '2020-01-13 08:59:22', '2020-01-13 08:59:22'),
(76, 4, 'Web-Colchones-Zafiro-27.jpg', 'public_storage', 'media/hOAyUn0GI36Bc99OvB0isKu7jJiWL7eIAsV1FWAI.jpeg', 'jpeg', 'image/jpeg', '377903', '2020-01-13 09:22:33', '2020-01-13 09:22:33'),
(77, 4, 'Web-Colchones-imperial-azul.jpg', 'public_storage', 'media/1Oif2ZkbX7uC1wSYh3z5mqFJ4TAVpG1D8B3RLZms.jpeg', 'jpeg', 'image/jpeg', '376751', '2020-01-13 12:53:11', '2020-01-13 12:53:11'),
(78, 4, 'Web-Colchones-Continental-FB.jpg', 'public_storage', 'media/nEz0gxwj1AgKBDLhwfvjhnbBEj0HXGflIaMkQpDo.jpeg', 'jpeg', 'image/jpeg', '294277', '2020-01-13 13:06:51', '2020-01-13 13:06:51'),
(79, 4, 'Web-Colchones-Fussion.jpg', 'public_storage', 'media/xOLSo5Gp52QrIatdgLc8UHQRY5XMTLHQQvY87VkX.jpeg', 'jpeg', 'image/jpeg', '301205', '2020-01-13 13:17:24', '2020-01-13 13:17:24'),
(80, 4, 'Web-Colchones-imperial-NF-Beige.jpg', 'public_storage', 'media/CFoxi6q3x1tnPUnZOPHSfICaCt5ZL6rU1OROQEuE.jpeg', 'jpeg', 'image/jpeg', '324103', '2020-01-13 14:16:21', '2020-01-13 14:16:21'),
(81, 4, 'Web-Colchones-SemiOrtopedíco.jpg', 'public_storage', 'media/IdqoRvw2z52WhNsdr1tl3yiMrzR8xG1FMylOswFZ.jpeg', 'jpeg', 'image/jpeg', '595290', '2020-01-13 17:50:18', '2020-01-13 17:50:18'),
(86, 4, 'display Web Colchones.jpg', 'public_storage', 'media/l7Ki05eOcAQOjnrWr385F6pscB4VCTwXOgXuFZS5.jpeg', 'jpeg', 'image/jpeg', '261590', '2020-01-14 13:32:34', '2020-01-14 13:32:34'),
(87, 4, 'display Web madera.jpg', 'public_storage', 'media/I5qkAhe5RxacHZIth0LukycIaSI515ZNPScazw6s.jpeg', 'jpeg', 'image/jpeg', '259414', '2020-01-14 13:32:47', '2020-01-14 13:32:47'),
(88, 4, 'display Web MOTOS', 'public_storage', 'media/4NFfWEWJo1hL8a4CB7z6V7hxqTz1AuKRWiwIDqAD.jpeg', 'bin', 'application/octet-stream', '482668', '2020-01-14 14:10:49', '2020-01-14 14:10:49'),
(89, 4, 'display Web MOTOS.JPG', 'public_storage', 'media/dLTYOB8ORsOf1AU3hm9kU3iJge7zX4TFAjwflxGw.jpeg', 'jpeg', 'image/jpeg', '482668', '2020-01-14 14:11:32', '2020-01-14 14:11:32'),
(90, 4, 'display Web electrodomésticos.jpg', 'public_storage', 'media/qoh6E3ZTJIJGzRLYhly8ZRecSh9iH9XOrA5EVjgZ.jpeg', 'jpeg', 'image/jpeg', '329120', '2020-01-14 17:03:29', '2020-01-14 17:03:29'),
(97, 4, 'Web-Colchones-Andrea.jpg', 'public_storage', 'media/BeQKZh4Kkz9YoHgcitWqLhns5tePyFuzpI1IVenO.jpeg', 'jpeg', 'image/jpeg', '352161', '2020-01-15 09:18:46', '2020-01-15 09:18:46'),
(98, 4, 'Web-Colchones-Erica.jpg', 'public_storage', 'media/uEIPQakYvPINP0mzNSzRIC5JV6Qgn0s11wjPTEmX.jpeg', 'jpeg', 'image/jpeg', '376835', '2020-01-15 09:27:51', '2020-01-15 09:27:51'),
(99, 4, 'Web-Colchones-Erica-PT.jpg', 'public_storage', 'media/12HtRQD0HVDQv7in1qRM9RLY0ov0kta6Q0dSrngc.jpeg', 'jpeg', 'image/jpeg', '393367', '2020-01-15 09:39:08', '2020-01-15 09:39:08'),
(100, 4, 'Web-Colchones-Caressa.jpg', 'public_storage', 'media/54DbaGdgT112gsOia8dNOSe1WZ9nfcrsCMWfgpRv.jpeg', 'jpeg', 'image/jpeg', '257874', '2020-01-15 09:54:55', '2020-01-15 09:54:55'),
(101, 4, 'Web-Colchones-Escape.jpg', 'public_storage', 'media/pFLZkBl2uSpeJP7uYwwm577ktv0L2VGDvJwCAkra.jpeg', 'jpeg', 'image/jpeg', '346981', '2020-01-15 10:39:00', '2020-01-15 10:39:00'),
(102, 4, 'Web-Colchones-excellence.jpg', 'public_storage', 'media/FdKRArZ43LzkU68At947RUtKgZws7flNDB07wyJ6.jpeg', 'jpeg', 'image/jpeg', '412654', '2020-01-15 11:27:02', '2020-01-15 11:27:02'),
(103, 4, 'Web-Colchones-Gold.jpg', 'public_storage', 'media/sFjN0fVHPb0wlo685LPpPVUw7HV7AnsNOnhn9Fkb.jpeg', 'jpeg', 'image/jpeg', '371817', '2020-01-15 11:55:28', '2020-01-15 11:55:28'),
(104, 4, 'Web-Colchones-interlude.jpg', 'public_storage', 'media/NstKhyoY9BaVWE524aBqVvOAhhTNAashjhCeE1wU.jpeg', 'jpeg', 'image/jpeg', '303796', '2020-01-15 13:16:10', '2020-01-15 13:16:10'),
(106, 4, 'Logos Chaide.png', 'public_storage', 'media/fBiBiJQpZ65SmLznTFsFiQKhYdzPwX90EVh2Dt5x.png', 'png', 'image/png', '12013', '2020-01-15 15:46:44', '2020-01-15 15:46:44'),
(107, 4, 'logos Lamitex.png', 'public_storage', 'media/wGCsHliOjM9C626RdESoRR6ZlcyEAXJLctmGv438.png', 'png', 'image/png', '9331', '2020-01-15 15:46:44', '2020-01-15 15:46:44'),
(108, 4, 'Logos Simmons.png', 'public_storage', 'media/RwR8jKDNfnrwrBLDf7lowstIgBkg2gIetqYUAdKp.png', 'png', 'image/png', '10465', '2020-01-15 15:46:44', '2020-01-15 15:46:44'),
(109, 4, 'Logos edisart.png', 'public_storage', 'media/tsECsyhoal6n50bq5BKPcFh9QxlqUhaRDXtdhtYD.png', 'png', 'image/png', '19307', '2020-01-15 15:46:44', '2020-01-15 15:46:44'),
(110, 4, 'Logos Teran.png', 'public_storage', 'media/bWy8yHusnOqxob08DTVBAu1phKD8jzCVwSX1cW1n.png', 'png', 'image/png', '8818', '2020-01-15 15:46:44', '2020-01-15 15:46:44'),
(111, 4, 'Logos Axxo.png', 'public_storage', 'media/LZgFZIWNXEwd5z2PaNQi4r2IrRDhjYV15unrp5wi.png', 'png', 'image/png', '10154', '2020-01-15 15:47:32', '2020-01-15 15:47:32'),
(112, 4, 'Web-Colchones-Sonata.jpg', 'public_storage', 'media/DqKtgKIyS2vUbENbu4rzDw9hQUDL8bJFI1i5Ca6T.jpeg', 'jpeg', 'image/jpeg', '423551', '2020-01-15 16:06:25', '2020-01-15 16:06:25'),
(113, 4, 'Web-Colchones-Sueño-total.jpg', 'public_storage', 'media/IqSRWBFoBrJ9zobG6Fi12mVjxmsNfopETO7XdD8R.jpeg', 'jpeg', 'image/jpeg', '460317', '2020-01-15 16:25:45', '2020-01-15 16:25:45'),
(116, 4, 'Web-Camas-Tradicional.jpg', 'public_storage', 'media/If7xrckdGE93uz3jbDG35IqNKUts9Ba4gFET1bDz.jpeg', 'jpeg', 'image/jpeg', '487498', '2020-01-15 17:29:14', '2020-01-15 17:29:14'),
(117, 4, 'Web-Camas-Adeline.jpg', 'public_storage', 'media/GTDMRauAAp1rV0euYPRuBdGD89Ii3CHm5Wqnz8Yb.jpeg', 'jpeg', 'image/jpeg', '585081', '2020-01-15 17:38:22', '2020-01-15 17:38:22'),
(118, 4, 'Web-Camas-Lara.jpg', 'public_storage', 'media/25b3Bmt0aF3GUSYnqOH5XFgwgeHBnT9FtRruE0Fl.jpeg', 'jpeg', 'image/jpeg', '513486', '2020-01-15 17:49:50', '2020-01-15 17:49:50'),
(119, 4, 'Web-Camas-Premium-A.jpg', 'public_storage', 'media/0CmQfrGtbHWt5zdcFoKy6U26dxWUlZSPar9cqqpH.jpeg', 'jpeg', 'image/jpeg', '393365', '2020-01-16 09:21:43', '2020-01-16 09:21:43'),
(120, 4, 'Web-Camas-andrea.jpg', 'public_storage', 'media/bu421wHdQUcMZFu0zPYm6ax1IU0W9dbQYpQa7UgB.jpeg', 'jpeg', 'image/jpeg', '620877', '2020-01-20 09:11:09', '2020-01-20 09:11:09'),
(121, 4, 'Web-Cama-Millenials.jpg', 'public_storage', 'media/jG52QJ5uppKLQIw7RSnMZVsmR8gThGiWOM2lUfjS.jpeg', 'jpeg', 'image/jpeg', '383092', '2020-01-20 10:15:09', '2020-01-20 10:15:09'),
(122, 4, 'Web-Camas-Élite.jpg', 'public_storage', 'media/iogdWZXZA3w7JEkZLQdgj2vEuZIw3GEzORTGLauc.jpeg', 'jpeg', 'image/jpeg', '492055', '2020-01-20 14:31:19', '2020-01-20 14:31:19'),
(123, 4, 'Web-Sala-Smart.jpg', 'public_storage', 'media/8p3fL83whllU8w5q5Ql5iIVdcn1OO58ab9J14RNN.jpeg', 'jpeg', 'image/jpeg', '495875', '2020-01-21 13:47:30', '2020-01-21 13:47:30'),
(124, 4, 'Web-Salas-Reclinable.jpg', 'public_storage', 'media/MjbfgKRZplVpLH61O5UdXeYgbyz9f3ddowGWI1iC.jpeg', 'jpeg', 'image/jpeg', '656937', '2020-01-21 14:19:49', '2020-01-21 14:19:49'),
(125, 4, 'Web-Salas-FMG-3.jpg', 'public_storage', 'media/u3gBQIsGX2AOBIZ1EKTvx2NmHTDdrbSZzUeu0EWI.jpeg', 'jpeg', 'image/jpeg', '625617', '2020-01-21 16:36:02', '2020-01-21 16:36:02'),
(126, 4, 'Web-Salas-FMG-2.jpg', 'public_storage', 'media/G5DJ4VGU5pSczGm2xGTgPhbMHjtBStbYidDflEjL.jpeg', 'jpeg', 'image/jpeg', '521441', '2020-01-21 16:36:19', '2020-01-21 16:36:19'),
(127, 4, 'Web-Salas-FMG-4.jpg', 'public_storage', 'media/jo4g9vHNS4v0NZ90vJwe3CVHqx1sJMzQoLrbedkd.jpeg', 'jpeg', 'image/jpeg', '608363', '2020-01-21 16:36:46', '2020-01-21 16:36:46'),
(128, 4, 'Web-Salas-FMG.jpg', 'public_storage', 'media/P4fRdIPLBEPo6QZcWZSOaDVGaPHFzd88YMktkgnh.jpeg', 'jpeg', 'image/jpeg', '482653', '2020-01-21 16:37:03', '2020-01-21 16:37:03'),
(129, 4, 'Web-Salas-New-Nova.jpg', 'public_storage', 'media/ry7hc5AKFIhEmJuQ3wtWXSj6t0wjBuYJcBMGhsbi.jpeg', 'jpeg', 'image/jpeg', '545431', '2020-01-21 16:48:17', '2020-01-21 16:48:17'),
(130, 4, 'New Nova 1.jpg', 'public_storage', 'media/E4A2639Pu5h4TprCduWc14Tf275ShmC1hzAffE5P.jpeg', 'jpeg', 'image/jpeg', '383315', '2020-01-21 16:51:37', '2020-01-21 16:51:37'),
(131, 4, 'New Nova 1 2.jpg', 'public_storage', 'media/7d5uP2Z0RHCX77MCz0CZltFUke5LoxNBioWybi52.jpeg', 'jpeg', 'image/jpeg', '888906', '2020-01-21 16:51:38', '2020-01-21 16:51:38'),
(132, 4, 'New Nova 13.jpg', 'public_storage', 'media/NSRKwDIgQ0imjRHJ2iJF5SO0oyl4UxfQLgenwOB2.jpeg', 'jpeg', 'image/jpeg', '376549', '2020-01-21 16:51:38', '2020-01-21 16:51:38'),
(133, 4, 'New Nova 14.jpg', 'public_storage', 'media/DEdbS2kBkuByFQEyUS2pV9LM9CQhHSQjt6VxFRlv.jpeg', 'jpeg', 'image/jpeg', '576846', '2020-01-21 16:51:39', '2020-01-21 16:51:39'),
(137, 4, 'display Web Sala Smart.jpg', 'public_storage', 'media/I2Jyr487tVDPOXwyCo0FXnfkXauUqmuu9CBomrar.jpeg', 'jpeg', 'image/jpeg', '262745', '2020-01-22 11:36:29', '2020-01-22 11:36:29'),
(138, 4, 'Web-Salas-Premier-nova-G.jpg', 'public_storage', 'media/1kmKbBRxK2dMr4vKoz9n7HaSNezF1LdzifraLO4G.jpeg', 'jpeg', 'image/jpeg', '614328', '2020-01-22 14:23:02', '2020-01-22 14:23:02'),
(139, 4, 'Web-Salas-Premium-Cam.jpg', 'public_storage', 'media/iqJOlrRbptlojLLolXlZVO21pj2U1ZZ7SU7SVpER.jpeg', 'jpeg', 'image/jpeg', '609672', '2020-01-22 15:49:08', '2020-01-22 15:49:08'),
(140, 4, 'Web-Salas-Millenials-JTC.jpg', 'public_storage', 'media/ZSHc01ABQMXAQNl3aGXjmxcDIpE0GZhXj8e6N6LM.jpeg', 'jpeg', 'image/jpeg', '492667', '2020-01-22 16:11:10', '2020-01-22 16:11:10'),
(141, 4, 'Web-Comedores-Ecoline.jpg', 'public_storage', 'media/8OpsdMdcCI113Kpaj5DU3Vum1cFTCYPdNe2yxFeP.jpeg', 'jpeg', 'image/jpeg', '548872', '2020-01-22 16:34:32', '2020-01-22 16:34:32'),
(142, 4, 'Web-Comedores-Premium.jpg', 'public_storage', 'media/ze4Mchwb9BJ5zH6KSSma4Joeg98jTM8KaE7bfrTr.jpeg', 'jpeg', 'image/jpeg', '502098', '2020-01-22 17:05:09', '2020-01-22 17:05:09'),
(143, 4, 'Web-Comedores-Premium-triangular.jpg', 'public_storage', 'media/DzlAVxv5vrVqBwX8CH1ThrZ0XlaHNFIhiGvb7cCU.jpeg', 'jpeg', 'image/jpeg', '599423', '2020-01-22 17:15:45', '2020-01-22 17:15:45'),
(144, 4, 'Web-Comedores-Premier.jpg', 'public_storage', 'media/XX9Wr7q8jLDPCiWSPJWqBqm0N9Btu5SK02p8bUjt.jpeg', 'jpeg', 'image/jpeg', '569706', '2020-01-22 17:35:09', '2020-01-22 17:35:09'),
(145, 4, 'Web-Armarios-EG3P.jpg', 'public_storage', 'media/TQeBNWr5MEUVM5PdgjTw8klKE8vpkywi2IesPmmi.jpeg', 'jpeg', 'image/jpeg', '604329', '2020-01-23 09:30:43', '2020-01-23 09:30:43'),
(146, 4, 'Web-Armarios-TV-EG3P.jpg', 'public_storage', 'media/BLOX3vZUQI62G0ceg7AEJe2gkeZwBbcVHKWoNqJg.jpeg', 'jpeg', 'image/jpeg', '649086', '2020-01-23 12:12:41', '2020-01-23 12:12:41'),
(147, 4, 'Web-Armarios-G3P.jpg', 'public_storage', 'media/yigPKzDnNHrhM4ct6hiU6tzWPYSNftgC5QAyqSCT.jpeg', 'jpeg', 'image/jpeg', '704262', '2020-01-23 12:55:56', '2020-01-23 12:55:56'),
(148, 4, 'Web-Armarios-P2P.jpg', 'public_storage', 'media/qzFioYmEvg3thXBcHmXVar0bEHJB2nFhRqYhXjj3.jpeg', 'jpeg', 'image/jpeg', '511745', '2020-01-23 13:02:11', '2020-01-23 13:02:11'),
(149, 4, 'Web-Base-Beige.jpg', 'public_storage', 'media/GX6sDFEZsbEHdjcVBwF6cGYzd7xDSCsphNmJCETC.jpeg', 'jpeg', 'image/jpeg', '322431', '2020-01-24 09:29:08', '2020-01-24 09:29:08'),
(150, 4, 'Web-Base-premier-Café.jpg', 'public_storage', 'media/3EetqIvIwgAkY87pIBKXOP95MgrB5B8OQCAf7SmU.jpeg', 'jpeg', 'image/jpeg', '271033', '2020-01-24 09:29:37', '2020-01-24 09:29:37'),
(151, 4, 'Web-Base-Andrea.jpg', 'public_storage', 'media/mJE4CxF7QGdI9GO54d4kWcaXIuublQUoNjc2aZRo.jpeg', 'jpeg', 'image/jpeg', '395499', '2020-01-24 11:08:35', '2020-01-24 11:08:35'),
(152, 4, 'Web-Cabecero-Premier.jpg', 'public_storage', 'media/c3R9sl3dCTaK02YgFXzTtP67Bdzc7pznSp464clN.jpeg', 'jpeg', 'image/jpeg', '249713', '2020-01-24 12:37:04', '2020-01-24 12:37:04'),
(153, 4, 'Web-Base-Zafiro.jpg', 'public_storage', 'media/kjCrjt7RLOEWZR7ZJohXOEIdW6osY9AztfOc8ACm.jpeg', 'jpeg', 'image/jpeg', '438553', '2020-01-24 13:56:29', '2020-01-24 13:56:29'),
(155, 4, 'Web-Almohada-Cervical.jpg', 'public_storage', 'media/aV4Qm2s2XIKIBO9wCW4tRMnfjV2EqgISmpggmKeS.jpeg', 'jpeg', 'image/jpeg', '272163', '2020-01-24 16:56:38', '2020-01-24 16:56:38'),
(156, 4, 'Web-Complementos-Almohada-Zafiro.jpg', 'public_storage', 'media/RlIJvqbTehkkAWcc29E3hZk1gHSGo3y3QYuBR0aZ.jpeg', 'jpeg', 'image/jpeg', '409270', '2020-01-25 10:56:50', '2020-01-25 10:56:50'),
(157, 4, 'Web-Complementos-Almohada-restonic.jpg', 'public_storage', 'media/IzUkfrhk1a5193BeCoEIZ2D00xkThZy37080ISsz.jpeg', 'jpeg', 'image/jpeg', '317637', '2020-01-25 12:00:08', '2020-01-25 12:00:08'),
(158, 4, 'Web-Complementos-Almohada-Aurora.jpg', 'public_storage', 'media/TARwR0o0va2hOWUESioIgyrZk1fyeeubNOIJQMh5.jpeg', 'jpeg', 'image/jpeg', '321141', '2020-01-25 13:03:32', '2020-01-25 13:03:32'),
(159, 4, 'Web-Complementos-Almohada-Rubí.jpg', 'public_storage', 'media/p0Pgg2A1lIQ3xUfxNLMQSHFWgFjvNEK2ULJa7VSg.jpeg', 'jpeg', 'image/jpeg', '271648', '2020-01-25 13:27:08', '2020-01-25 13:27:08'),
(160, 4, 'Web-Electrodomesticos-Lavadora-mabe.jpg', 'public_storage', 'media/f8Oucs0GbICtxED6sUpJwVO7YyDAD3YdrW1rm0Cs.jpeg', 'jpeg', 'image/jpeg', '368867', '2020-01-25 14:28:39', '2020-01-25 14:28:39'),
(162, 13, 'Web Complementos Antireflujo.jpg', 'public_storage', 'media/5HLZC2VfvRaljYAZXVpR7m6hF3W5BwhbLk6J4a7u.jpeg', 'jpeg', 'image/jpeg', '2101805', '2020-07-16 17:04:47', '2020-07-16 17:04:47'),
(163, 13, 'Web Colchones contiental NF.jpg', 'public_storage', 'media/vlVlPFI4jWm8VaaLaxJeYVfTgSw2DOrA4uJMQrVG.jpeg', 'jpeg', 'image/jpeg', '2252449', '2020-07-16 17:52:34', '2020-07-16 17:52:34'),
(164, 13, 'Continental NF Beige en blanco.jpg', 'public_storage', 'media/1aGdypr47RmSih7vLhkEggREzdDvYQnotB2K9ft3.jpeg', 'jpeg', 'image/jpeg', '2383378', '2020-07-16 18:03:19', '2020-07-16 18:03:19'),
(165, 13, 'Continental NF Gris en blanco.jpg', 'public_storage', 'media/DIwXANGDSyQjr3O6bYdAEDosO9gHihuKBEFyopes.jpeg', 'jpeg', 'image/jpeg', '2504634', '2020-07-16 18:03:19', '2020-07-16 18:03:19'),
(166, 13, 'Web-Colchones-Continental-PT.jpg', 'public_storage', 'media/hFgpdvM7jV5OyQMhxbtTuN0qj91r5rM30a29HEAI.jpeg', 'jpeg', 'image/jpeg', '2505045', '2020-07-16 21:11:02', '2020-07-16 21:11:02'),
(167, 13, 'Continental PT gris en blanco.jpg', 'public_storage', 'media/FrteLnrWqqdt6ZRHoEfrxcQfIaAT0CdJ1W7bT9W9.jpeg', 'jpeg', 'image/jpeg', '2419647', '2020-07-16 21:18:32', '2020-07-16 21:18:32'),
(168, 13, 'Continental PT Beige en blanco.jpg', 'public_storage', 'media/NMk6TdjuAWmhY0XN9SCC8NyzsLnf9monBu4ZOo54.jpeg', 'jpeg', 'image/jpeg', '2390511', '2020-07-16 21:18:32', '2020-07-16 21:18:32'),
(170, 13, 'Continental Trad gris en blanco.jpg', 'public_storage', 'media/pYPD8H4G7WeNMAqZO7mUNjSppYN3O95uqOXylqIn.jpeg', 'jpeg', 'image/jpeg', '2468037', '2020-07-16 22:30:45', '2020-07-16 22:30:45'),
(171, 13, 'imperial tradicional rojo en blanco.jpg', 'public_storage', 'media/UwfUTOT8al9JcaOdVmUm1RGvtQNpfupyEPDEAq9U.jpeg', 'jpeg', 'image/jpeg', '2553903', '2020-07-16 23:03:35', '2020-07-16 23:03:35'),
(172, 13, 'imperial tradicional azul en blanco.jpg', 'public_storage', 'media/thnGpJHLWuAOnD7CUFUXKiSSAu7ubvfghcws0ULp.jpeg', 'jpeg', 'image/jpeg', '2564631', '2020-07-16 23:03:35', '2020-07-16 23:03:35'),
(173, 13, 'Prensado en blanco.jpg', 'public_storage', 'media/E0rzfmvyeHvKEgGOIZuTjPSF9vPhicyjGOgezQpr.jpeg', 'jpeg', 'image/jpeg', '2332847', '2020-07-16 23:31:10', '2020-07-16 23:31:10'),
(176, 13, 'Suave Brisa en blanco.jpg', 'public_storage', 'media/SgIwy72jFxZFjXNGUkKlKSVGFXYUxAo1GNVxwJ5P.jpeg', 'jpeg', 'image/jpeg', '2482739', '2020-07-16 23:55:18', '2020-07-16 23:55:18'),
(177, 13, 'Zafiro 23cm en blanco.jpg', 'public_storage', 'media/Uf5jdbaJXUpir0tzmioKS4DLHmEErvDhq5dwmDic.jpeg', 'jpeg', 'image/jpeg', '2503410', '2020-07-17 00:52:03', '2020-07-17 00:52:03'),
(178, 13, 'Zafiro 27cm en blanco.jpg', 'public_storage', 'media/vSYQVXnrU9Cxyb41wwisfC64OYQZDcE9hVOmfuPQ.jpeg', 'jpeg', 'image/jpeg', '2630319', '2020-07-17 17:03:22', '2020-07-17 17:03:22'),
(180, 13, 'Continental FB en blanco.jpg', 'public_storage', 'media/WXdrEWgsaYv66P4IDsdQ6FxZEWACCi1fqzRsGZZ5.jpeg', 'jpeg', 'image/jpeg', '2311360', '2020-07-17 18:44:31', '2020-07-17 18:44:31'),
(181, 13, 'Fussion en blanco.jpg', 'public_storage', 'media/lHqO9hm5pQ5EwZr3D5WyVoiD3zQ6UzyowTDRWDg0.jpeg', 'jpeg', 'image/jpeg', '2235111', '2020-07-17 18:56:55', '2020-07-17 18:56:55'),
(182, 13, 'imperial tradicional Beige NF en blanco.jpg', 'public_storage', 'media/q38kireO57THlHyamxB0tsuate90L4PdS0mSrB61.jpeg', 'jpeg', 'image/jpeg', '2379636', '2020-07-17 23:00:57', '2020-07-17 23:00:57'),
(184, 13, 'Caressa en blanco.jpg', 'public_storage', 'media/J6gTJynAM9dZkqvc35UnGL8YEH4xUZDpB8hovmm2.jpeg', 'jpeg', 'image/jpeg', '2283886', '2020-07-17 23:27:35', '2020-07-17 23:27:35'),
(185, 13, 'Escape en blanco.jpg', 'public_storage', 'media/rtXm33hOPP1iJOZY3XeLgROrRc3u7vagFAOZn0JI.jpeg', 'jpeg', 'image/jpeg', '2212912', '2020-07-17 23:52:22', '2020-07-17 23:52:22'),
(186, 13, 'Excellent en blanco.jpg', 'public_storage', 'media/vRCeF6gnagSodVDpfBSvZYr1NhMssAXL5NBNhNh4.jpeg', 'jpeg', 'image/jpeg', '2517146', '2020-07-18 00:24:54', '2020-07-18 00:24:54'),
(187, 13, 'Gold en blanco.jpg', 'public_storage', 'media/VrsQR14COx0GrPSB5py9eLnaPmAD98Gh4VPlWluh.jpeg', 'jpeg', 'image/jpeg', '2324847', '2020-07-20 17:27:24', '2020-07-20 17:27:24'),
(188, 13, 'interlude en blanco.jpg', 'public_storage', 'media/V0QbaKkVSTUryHrcDHrgu6xrpQUIV7lEQdJRGbBV.jpeg', 'jpeg', 'image/jpeg', '2364023', '2020-07-20 17:50:21', '2020-07-20 17:50:21'),
(189, 13, 'Sonata en blanco.jpg', 'public_storage', 'media/DtZDQDWXghh3dPXskBZFMr1xL5rsc7OgJeZsy3gf.jpeg', 'jpeg', 'image/jpeg', '2506178', '2020-07-20 18:27:20', '2020-07-20 18:27:20'),
(190, 13, 'Web colchón Tradicional.jpg', 'public_storage', 'media/YQGJnIWFMOjGTVb4N4L5t7DwGDSQg2ETImX82xGV.jpeg', 'jpeg', 'image/jpeg', '2475695', '2020-07-20 18:49:13', '2020-07-20 18:49:13'),
(191, 13, 'alternativa en blanco.jpg', 'public_storage', 'media/YmSN1ydfO8o3DxWF0SzgqktKTX30W72pN3I9GdWE.jpeg', 'jpeg', 'image/jpeg', '2300450', '2020-07-20 18:51:10', '2020-07-20 18:51:10'),
(192, 13, 'alternativa en blanco 2.jpg', 'public_storage', 'media/PLZnr3JLHvixUINpcOXYo0PkkA7B5oDNVa3qsKaQ.jpeg', 'jpeg', 'image/jpeg', '2323930', '2020-07-20 18:58:00', '2020-07-20 18:58:00'),
(193, 13, 'Web Colchon Andrea.jpg', 'public_storage', 'media/W2DWD0hANfAaqt2Yq6Ork2zaaITZHbfcVmBfmVuc.jpeg', 'jpeg', 'image/jpeg', '2470734', '2020-07-20 21:51:42', '2020-07-20 21:51:42'),
(194, 13, 'Andrea en blanco.png', 'public_storage', 'media/GxgPOuK9cmVlrL78VLURxZX9910tFBcj7BAbE69w.png', 'png', 'image/png', '5347382', '2020-07-20 21:53:52', '2020-07-20 21:53:52'),
(195, 13, 'Erika PT en blanco.jpg', 'public_storage', 'media/amf0PqDtHMwpnN5Cyt73dSPQSZQqsfTygpOUONjX.jpeg', 'jpeg', 'image/jpeg', '2900409', '2020-07-22 15:56:55', '2020-07-22 15:56:55'),
(196, 13, 'Erika en blanco.jpg', 'public_storage', 'media/xi0VdrJsUAU0e1gzmHuAqY1M2ZtIso6tNCrS8idM.jpeg', 'jpeg', 'image/jpeg', '2648098', '2020-07-22 17:18:57', '2020-07-22 17:18:57'),
(197, 13, 'Andrea Simmons en blanco.png', 'public_storage', 'media/Tv5I4jYSTxfpYo1xmmpLqXJJvOts7F62oxCzssOC.jpeg', 'png', 'image/png', '2330667', '2020-07-24 15:21:25', '2020-07-24 15:21:25'),
(198, 13, 'Web Colchones Dreamer.jpg', 'public_storage', 'media/v2EEGdE8MZZNwGfGEGb5M5Ac8nP9yIaf5f3nkBjp.jpeg', 'jpeg', 'image/jpeg', '2650382', '2020-07-31 17:11:34', '2020-07-31 17:11:34'),
(199, 13, 'Dreamer en blanco.jpg', 'public_storage', 'media/swSnPkpC46ALw9OSd4vfk1N8vfzrpN2FNMIKYTGb.jpeg', 'jpeg', 'image/jpeg', '2586477', '2020-07-31 17:12:05', '2020-07-31 17:12:05'),
(200, 13, 'Web Colchones Elegance.png', 'public_storage', 'media/pjT8N9b8QuGR3xeReLQEY0kefIBoBIHlJ5JH5dRg.png', 'png', 'image/png', '7720660', '2020-07-31 18:30:59', '2020-07-31 18:30:59'),
(201, 13, 'Elegance en blanco.jpg', 'public_storage', 'media/SAOghI7BxFNd6utAxPBlkMo3BziYsm3UIeP2czR7.jpeg', 'jpeg', 'image/jpeg', '2883033', '2020-07-31 18:31:31', '2020-07-31 18:31:31'),
(202, 13, 'Web Colchones Grand Palais.jpg', 'public_storage', 'media/y0ahqwX7HY3kwPEymv9ZeOt9Tg499evGoPVxPz12.jpeg', 'jpeg', 'image/jpeg', '2556744', '2020-07-31 18:58:22', '2020-07-31 18:58:22'),
(203, 13, 'Grand Palais en blanco.jpg', 'public_storage', 'media/ywZjqcQVlXLswtBUzfgf2c6kXHHAOmGCYmDBkuUe.jpeg', 'jpeg', 'image/jpeg', '2406735', '2020-07-31 18:59:29', '2020-07-31 18:59:29'),
(204, 13, 'Grand Palais en blanco.jpg', 'public_storage', 'media/PI7LwozHNpvcs6jPdAiWUmHUzdzURnmdiNEwc3ym.jpeg', 'jpeg', 'image/jpeg', '2406735', '2020-07-31 18:59:58', '2020-07-31 18:59:58'),
(205, 13, 'Web Colchones restapedic.jpg', 'public_storage', 'media/tyNdFIagCOxJgCReBYWw6jRdxGhtdzkh5uFpC3e8.jpeg', 'jpeg', 'image/jpeg', '3080701', '2020-07-31 19:33:33', '2020-07-31 19:33:33'),
(206, 13, 'Restonic en blanco.jpg', 'public_storage', 'media/U96V6L6KJLsfNmysoJondt2LhDbbQwFiD8iHdihL.jpeg', 'jpeg', 'image/jpeg', '2976317', '2020-07-31 19:33:59', '2020-07-31 19:33:59'),
(207, 13, 'Web Colchones symphony.jpg', 'public_storage', 'media/kco2vFhZcPwXZk5qTwhNgxrdu85pT2A5DrdsPfYz.jpeg', 'jpeg', 'image/jpeg', '2623321', '2020-07-31 19:53:04', '2020-07-31 19:53:04'),
(208, 13, 'Symphony en blanco.jpg', 'public_storage', 'media/fvSwJVQNOEn0lfd4MyqnxWiuc3e4wGlzdJNKhSaK.jpeg', 'jpeg', 'image/jpeg', '2527168', '2020-07-31 19:53:25', '2020-07-31 19:53:25'),
(209, 13, 'Web Camas andrea.jpg', 'public_storage', 'media/k2Pgpq6NGTRS2oKSZSTD22Fv5cYJDkA6ZC3uemch.jpeg', 'jpeg', 'image/jpeg', '2442164', '2020-08-03 18:56:54', '2020-08-03 18:56:54'),
(210, 13, 'Web Camas King Moon.jpg', 'public_storage', 'media/O0XM3Tlv1oW70OkmdytfQr3QxOXh49GkNUTiaxVa.jpeg', 'jpeg', 'image/jpeg', '2520404', '2020-08-03 23:37:43', '2020-08-03 23:37:43'),
(211, 13, 'Web Camas King Moon Café.jpg', 'public_storage', 'media/Xd5pVoEoCuQr3OrAbPCQqT1ftRVCG89rZPJYcPXo.jpeg', 'jpeg', 'image/jpeg', '2519773', '2020-08-03 23:45:29', '2020-08-03 23:45:29'),
(212, 13, 'Web Camas King Moon Blanca.jpg', 'public_storage', 'media/z3jE2Iz8mFqVgA3flnL0xsmzvZwVHh2RWHQs3DsR.jpeg', 'jpeg', 'image/jpeg', '2524529', '2020-08-03 23:45:29', '2020-08-03 23:45:29'),
(213, 13, 'Web Camas King Moon Negra.jpg', 'public_storage', 'media/1pnpnRZyEkoBdOGze17Ytn7Gu8YgAq2NEt7GWtBV.jpeg', 'jpeg', 'image/jpeg', '2493785', '2020-08-03 23:45:39', '2020-08-03 23:45:39'),
(214, 13, 'Web Camas King Moon Chocolate.jpg', 'public_storage', 'media/O9763YPxETJAqLqpZyvCSvdYuZnMSBmHzpBvwzeg.jpeg', 'jpeg', 'image/jpeg', '2506202', '2020-08-03 23:45:39', '2020-08-03 23:45:39'),
(215, 13, 'Web Camas King Moon Blanca.jpg', 'public_storage', 'media/LPc6l66tthnW1e4AanEvnuKBmaId6isQDmwFmD9N.jpeg', 'jpeg', 'image/jpeg', '2524529', '2020-08-03 23:46:07', '2020-08-03 23:46:07'),
(216, 13, 'Web Camas King Moon Café.jpg', 'public_storage', 'media/nNS1j9e5nmlEIe9p3QfeBLqxQonXQ1q6Ye8Z2phB.jpeg', 'jpeg', 'image/jpeg', '2519773', '2020-08-03 23:46:07', '2020-08-03 23:46:07'),
(217, 13, 'Web Camas Europa.jpg', 'public_storage', 'media/DeRmfUDIgiy3zgZkLK8I7Ei5Md4cbi6OohVUEROD.jpeg', 'jpeg', 'image/jpeg', '2576944', '2020-08-04 00:22:16', '2020-08-04 00:22:16'),
(219, 13, 'Web Camas Europa blanco.jpg', 'public_storage', 'media/UO6MjqVNO67Ftl187yfgXarLMxpQKm14O9CKb0NS.jpeg', 'jpeg', 'image/jpeg', '2647200', '2020-08-04 00:29:56', '2020-08-04 00:29:56'),
(220, 13, 'Web Camas premier.jpg', 'public_storage', 'media/TqfUvOKlecY5PEuVmUQKOK0MblkpgnDgdqdYbrME.jpeg', 'jpeg', 'image/jpeg', '2585398', '2020-08-04 00:48:33', '2020-08-04 00:48:33'),
(221, 13, 'Web Camas Moon 1.jpg', 'public_storage', 'media/8Nap5yaxjP2rhYAxFO3nzN6aTIMP1TIsAt1TlbPO.jpeg', 'jpeg', 'image/jpeg', '3450946', '2020-08-04 17:07:57', '2020-08-04 17:07:57'),
(222, 13, 'Web Camas Moon 2.jpg', 'public_storage', 'media/4qHiQkAILfMVLaFzrnErBZRK8TvUCteIC4NAsyGm.jpeg', 'jpeg', 'image/jpeg', '2893617', '2020-08-04 17:08:05', '2020-08-04 17:08:05'),
(223, 13, 'Web Camas Emily.jpg', 'public_storage', 'media/JPRuSMBE2MLA7KRXwVby9QSUXDCPPfd367grTqZc.jpeg', 'jpeg', 'image/jpeg', '2483720', '2020-08-04 19:02:50', '2020-08-04 19:02:50'),
(224, 13, 'Web Reclinable Smart negro  en Blanco.jpg', 'public_storage', 'media/VnQt1csYmTNNo9x4GJ6FODE21hMSpmACikuCOWey.jpeg', 'jpeg', 'image/jpeg', '2655865', '2020-08-05 17:12:35', '2020-08-05 17:12:35'),
(225, 13, 'Web Reclinable Smart Beige en Blanco.jpg', 'public_storage', 'media/PgWkuFZTgPV8d3pF6P4QyaY2w50QJtWBnR9OVvFC.jpeg', 'jpeg', 'image/jpeg', '2697730', '2020-08-05 17:14:41', '2020-08-05 17:14:41'),
(226, 13, 'Web Reclinable Smart Marron en Blanco.jpg', 'public_storage', 'media/5FBXb65JW2Hi8es14pPgO4L3F5Rdp7RDmz8C8Wsi.jpeg', 'jpeg', 'image/jpeg', '2925863', '2020-08-05 17:17:00', '2020-08-05 17:17:00'),
(227, 13, 'Web Reclinable Smart Blanco en Blanco.jpg', 'public_storage', 'media/rBzgYSIjM2tc60G9AB9q9TDszMk8BqDAqnDBdFct.jpeg', 'jpeg', 'image/jpeg', '2565231', '2020-08-05 17:19:37', '2020-08-05 17:19:37'),
(228, 13, 'Web Salas Butaca.jpg', 'public_storage', 'media/mBpp14C5GCBCfwgYtqAwHRBILCy8yu1xeGvDFxwV.jpeg', 'jpeg', 'image/jpeg', '2691937', '2020-08-06 18:48:32', '2020-08-06 18:48:32'),
(229, 13, 'Web Salas Butaca negro.jpg', 'public_storage', 'media/boVA9vv54NcKNdIrGAZwItUkQtCRKGDlLmUccleP.jpeg', 'jpeg', 'image/jpeg', '2446286', '2020-08-06 23:57:45', '2020-08-06 23:57:45'),
(230, 13, 'Web Salas Butaca beige.jpg', 'public_storage', 'media/XUi0CfxDCEJSyk3RRyQQKofJpLEmmfiqarQ9dkZe.jpeg', 'jpeg', 'image/jpeg', '2536039', '2020-08-06 23:57:45', '2020-08-06 23:57:45'),
(231, 13, 'Web Salas Butaca blanco.jpg', 'public_storage', 'media/7mTgXCJrFDWZZLSnbmDXNKduWkonZ5qr88NJFRHN.jpeg', 'jpeg', 'image/jpeg', '2437160', '2020-08-06 23:57:55', '2020-08-06 23:57:55'),
(232, 13, 'WhatsApp Image 2020-06-29 at 4.25.25 PM(1).jpeg', 'public_storage', 'media/xqQWQZa9PjVehzxmXSY0wjO0Pn7Id8TDBcCpNLGO.jpeg', 'jpeg', 'image/jpeg', '194427', '2020-08-09 18:11:58', '2020-08-09 18:11:58'),
(233, 13, 'cervicalmanzanilla.jpg', 'public_storage', 'media/Qy8p4KLg9jR7ylEwIegUxQEOZsURyUBF0mGPQaOR.jpeg', 'jpeg', 'image/jpeg', '35578', '2020-08-11 17:19:53', '2020-08-11 17:19:53'),
(234, 13, 'cervicallavanda.jpg', 'public_storage', 'media/4QAAaaGz16lBZgrwUXxDIxyeMdj1IlRQoc60iXUg.jpeg', 'jpeg', 'image/jpeg', '35640', '2020-08-11 17:19:53', '2020-08-11 17:19:53'),
(235, 13, 'Web Base Chaide tapiz.jpg', 'public_storage', 'media/nddGMtHHMuD2MtihLMEUXj8SGqkNDGSRK0Jvko77.jpeg', 'jpeg', 'image/jpeg', '2496660', '2020-08-11 18:36:30', '2020-08-11 18:36:30'),
(236, 13, 'Web Velador.jpg', 'public_storage', 'media/JkhaP0PgqTJeDIwikgFqcjzg80lfZqjJl9DLHbxE.jpeg', 'jpeg', 'image/jpeg', '2611798', '2020-08-13 18:56:51', '2020-08-13 18:56:51'),
(237, 13, 'Web Velador Cafe.jpg', 'public_storage', 'media/8GoA5Do450A6ufx1ftSAOi3SPTHuTRLp8CeN4xGr.jpeg', 'jpeg', 'image/jpeg', '2453704', '2020-08-13 23:13:07', '2020-08-13 23:13:07'),
(238, 13, 'Web Velador Blanco.jpg', 'public_storage', 'media/LAZpyce3s06bL2kOPOAvfRJc4lzsAlzjR6zUFAif.jpeg', 'jpeg', 'image/jpeg', '2123378', '2020-08-13 23:13:07', '2020-08-13 23:13:07'),
(239, 13, 'Web Velador Negro.jpg', 'public_storage', 'media/kJIkR0mseC5li7iLnEUxo0tfaTFVZVpSOmwI2ATy.jpeg', 'jpeg', 'image/jpeg', '2153068', '2020-08-13 23:13:14', '2020-08-13 23:13:14'),
(240, 13, 'Web Velador Chocolate.jpg', 'public_storage', 'media/gcuDh2Xg6vt3ZUruGlPawqdBasV1HyprxPNUtkCQ.jpeg', 'jpeg', 'image/jpeg', '2319200', '2020-08-13 23:13:16', '2020-08-13 23:13:16'),
(241, 13, 'Web Litera 1.jpg', 'public_storage', 'media/TaT5L5gUAjv3rt6olP8cUlHkQnojXyEkGfDEdzXI.jpeg', 'jpeg', 'image/jpeg', '2277748', '2020-08-14 17:29:43', '2020-08-14 17:29:43'),
(242, 13, 'Web Litera 2.jpg', 'public_storage', 'media/OgRwA9DzgsWTWeprGTDNnvV1M5d5XbYfwrrdS1QC.jpeg', 'jpeg', 'image/jpeg', '2652108', '2020-08-14 17:29:43', '2020-08-14 17:29:43'),
(243, 13, 'Web Litera 4.jpg', 'public_storage', 'media/nrmWjJZwJPhXlQGcpLPROwoFnNv9gk0bqAIncQ0r.jpeg', 'jpeg', 'image/jpeg', '2403616', '2020-08-14 17:29:54', '2020-08-14 17:29:54'),
(244, 13, 'Web Litera 3.jpg', 'public_storage', 'media/Rx6EaEQ5UKy1eT3DkWuRPQalqQ9Or4LIEwMVwtJJ.jpeg', 'jpeg', 'image/jpeg', '2514853', '2020-08-14 17:29:54', '2020-08-14 17:29:54'),
(245, 13, 'Web Litera 4.jpg', 'public_storage', 'media/GD3Ch8FuQx3vv38g6Q0oa22ObB1cb5GU82nTkUwy.jpeg', 'jpeg', 'image/jpeg', '2403616', '2020-08-14 17:30:03', '2020-08-14 17:30:03'),
(246, 13, 'Web Litera 3.jpg', 'public_storage', 'media/fnYP456RhxTCgV76W3oAX7PrO2mWOdhYk7eBQbUX.jpeg', 'jpeg', 'image/jpeg', '2514853', '2020-08-14 17:30:03', '2020-08-14 17:30:03'),
(247, 13, 'Web Litera 6.jpg', 'public_storage', 'media/F8PdUc78o2AMBnwgwRkDYFNq43vqD2f39Cq0W397.jpeg', 'jpeg', 'image/jpeg', '2401849', '2020-08-14 17:30:13', '2020-08-14 17:30:13'),
(248, 13, 'Web Litera 5.jpg', 'public_storage', 'media/S2oan4XfFeBmAvMaiJbx2vTHaxWB4GRNkLWLLzhW.jpeg', 'jpeg', 'image/jpeg', '2491905', '2020-08-14 17:30:16', '2020-08-14 17:30:16'),
(249, 13, 'Web Litera 7.jpg', 'public_storage', 'media/yck52sOINqsMkezEOkupEhyHpp3GEFxLO5MZf0QU.jpeg', 'jpeg', 'image/jpeg', '2271459', '2020-08-14 17:30:22', '2020-08-14 17:30:22'),
(250, 13, 'logos Yamaha.png', 'public_storage', 'media/rgHaw3S06tu6alJB7v4PNj1VmYVwzFs8r8RgUEgR.png', 'png', 'image/png', '197361', '2020-08-14 18:34:48', '2020-08-14 18:34:48'),
(251, 13, 'logo Shinerai.png', 'public_storage', 'media/IS1FTxdsXVzsAIGKkXkoK0AlcN4rEnVJvdIwBY6K.png', 'png', 'image/png', '197410', '2020-08-14 18:37:50', '2020-08-14 18:37:50'),
(252, 13, 'Barra logos completos.png', 'public_storage', 'media/sKpvAHyYSzyKHq0VfBoWw7t3nSq9uZAXIhw2zd0r.png', 'png', 'image/png', '250552', '2020-08-14 18:41:45', '2020-08-14 18:41:45'),
(253, 13, 'Logos Teran.png', 'public_storage', 'media/GnrLRIPHcXI7glEhCVz1wUXk8IMG96wFW9avKr6p.png', 'png', 'image/png', '8818', '2020-08-14 18:44:01', '2020-08-14 18:44:01'),
(254, 13, 'Logos edisart.png', 'public_storage', 'media/FNI55pYgrvz31T0EuoNgh9WJQVpzQheAe7OJM1b8.png', 'png', 'image/png', '220469', '2020-08-14 18:45:30', '2020-08-14 18:45:30'),
(255, 13, 'Logos Chaide.png', 'public_storage', 'media/bQ1iI6nek2BOpLBWet3U35enZgOPyLGNatZvHTfR.png', 'png', 'image/png', '12013', '2020-08-14 18:47:26', '2020-08-14 18:47:26'),
(256, 13, 'logo Shinerai.png', 'public_storage', 'media/PVTLa9XE2488aMLYlO9jOQic0uHLCykiXrGnv4A6.png', 'png', 'image/png', '221987', '2020-08-14 18:47:27', '2020-08-14 18:47:27'),
(257, 13, 'Logos Simmons.png', 'public_storage', 'media/OYOyxRy8me1rCfHUQSLlPrniUbZVKr6ad3XIc6HJ.png', 'png', 'image/png', '206845', '2020-08-14 18:47:28', '2020-08-14 18:47:28'),
(258, 13, 'logos Yamaha.png', 'public_storage', 'media/1BDCtzzMmb6dU6baIBsxX0t5wxVFFwFw1VfPWv6t.png', 'png', 'image/png', '197361', '2020-08-14 18:47:28', '2020-08-14 18:47:28'),
(259, 13, 'FREEDOM.jpg', 'public_storage', 'media/KXN4mD1riPQASQLsaOmFy4ffXQQYlNOqxZwV0kRA.jpeg', 'jpeg', 'image/jpeg', '2392136', '2020-08-14 18:58:09', '2020-08-14 18:58:09'),
(260, 13, 'XY 150 10D.jpg', 'public_storage', 'media/1iMpVVWIHWlnaxA5jYIzdPPaxyBDQdZ0L3WeTGbh.jpeg', 'jpeg', 'image/jpeg', '2153347', '2020-08-14 23:57:27', '2020-08-14 23:57:27'),
(261, 13, 'Sport R.jpg', 'public_storage', 'media/1ieAv6bNri6uCgBh9Zg1gHBSXfSvgdq8iSV4uthM.jpeg', 'jpeg', 'image/jpeg', '2799491', '2020-08-15 00:12:00', '2020-08-15 00:12:00'),
(262, 13, 'GY8.jpg', 'public_storage', 'media/gGrem3L8Ji3A0Mk6d4BpgsJ4hy30rnplYBQKA7az.jpeg', 'jpeg', 'image/jpeg', '2318773', '2020-08-17 15:51:40', '2020-08-17 15:51:40'),
(265, 13, 'Fast 150.jpg', 'public_storage', 'media/77QJC12EKZSXRJzyGEFekZh7ZYXR9ZspHdmsXwqA.jpeg', 'jpeg', 'image/jpeg', '3212531', '2020-08-17 17:12:39', '2020-08-17 17:12:39'),
(266, 13, 'Fast 150 Blanca 1.jpg', 'public_storage', 'media/RUBLIxiRgw87r9OfKN0sGA9fs3rzTtpdAxUEe0We.jpeg', 'jpeg', 'image/jpeg', '1461270', '2020-08-17 17:34:45', '2020-08-17 17:34:45'),
(267, 13, 'Fast 150 Blanca 2.jpg', 'public_storage', 'media/JxPOl6IiTjcAPp1gvcuGnTzHiw8jI6dCVPKnlwcj.jpeg', 'jpeg', 'image/jpeg', '1481452', '2020-08-17 17:34:45', '2020-08-17 17:34:45'),
(268, 13, 'FREEDOM Frente.jpg', 'public_storage', 'media/IFsZ3nW8nPH7jl3UCiymcHxQ7nb3RCXvj2TMiJGX.jpeg', 'jpeg', 'image/jpeg', '1005877', '2020-08-17 17:52:17', '2020-08-17 17:52:17'),
(269, 13, 'FREEDOM Negra.jpg', 'public_storage', 'media/2I0YxbnTWjnalFM41iaysl2gR7DqHXK1K2fkItAL.jpeg', 'jpeg', 'image/jpeg', '1463920', '2020-08-17 17:52:17', '2020-08-17 17:52:17'),
(270, 13, 'FREEDOM Roja.jpg', 'public_storage', 'media/6IfSVOxN63DrIH4jR4JYh8Fgp5UFmQh5cNqLUP4m.jpeg', 'jpeg', 'image/jpeg', '1550632', '2020-08-17 17:52:21', '2020-08-17 17:52:21'),
(271, 13, 'Fast 150 Blanca Frente.jpg', 'public_storage', 'media/OE03iJrcVyGMTUOA6cAEaWgANwzk1QNFLAMiHB2y.jpeg', 'jpeg', 'image/jpeg', '1104174', '2020-08-17 17:56:57', '2020-08-17 17:56:57'),
(272, 13, 'XY 150 10D Frente.jpg', 'public_storage', 'media/QUg6egosxRKX5QEe9N5VsC2bvy5BuZ4gWwy7JTvq.jpeg', 'jpeg', 'image/jpeg', '1021770', '2020-08-17 18:04:42', '2020-08-17 18:04:42'),
(273, 13, 'XY 150 10D Azul.jpg', 'public_storage', 'media/G2vzQC7tOqscigNEiRJvRHujPuacQa8S9RdoJw28.jpeg', 'jpeg', 'image/jpeg', '1492776', '2020-08-17 18:04:42', '2020-08-17 18:04:42'),
(274, 13, 'XY 150 10D Negra.jpg', 'public_storage', 'media/ca9ogRTgaP5dLmi5NBBHASzVGztAbrTETu4iEOXo.jpeg', 'jpeg', 'image/jpeg', '1159882', '2020-08-17 18:04:46', '2020-08-17 18:04:46'),
(275, 13, 'XY 150 10D Roja.jpg', 'public_storage', 'media/DdsUF3Ym44mFufAesUjX3gp4frTmocJYVXOPeB0R.jpeg', 'jpeg', 'image/jpeg', '1513252', '2020-08-17 18:04:48', '2020-08-17 18:04:48'),
(276, 13, 'Sport R frente.jpg', 'public_storage', 'media/pFSheWrwSRFtx5RZBgoB4ipfGzm6CSFrQbhbJIg7.jpeg', 'jpeg', 'image/jpeg', '987792', '2020-08-17 18:27:18', '2020-08-17 18:27:18'),
(277, 13, 'Sport R Roja.jpg', 'public_storage', 'media/vmr9HmzQ84xQC8TffWMLyyWTUncLKtoxsh6jzTw3.jpeg', 'jpeg', 'image/jpeg', '1803399', '2020-08-17 18:27:18', '2020-08-17 18:27:18'),
(278, 13, 'GY8 frente.jpg', 'public_storage', 'media/jUkLB7Kggqc63B8tQWr0tLl6U1fcKOgRApzdiyFU.jpeg', 'jpeg', 'image/jpeg', '1053839', '2020-08-17 18:40:39', '2020-08-17 18:40:39'),
(279, 13, 'GY8 Negra.jpg', 'public_storage', 'media/jOD6ZcyyP7d0heyPml8O0ioTjeFFVJGZvCJx7Pq6.jpeg', 'jpeg', 'image/jpeg', '1753953', '2020-08-17 18:40:42', '2020-08-17 18:40:42'),
(280, 13, 'GY8 Roja.jpg', 'public_storage', 'media/xAvWBx0vyY379pYQD9GDdt5Qp2aB44wB26rk8Jd3.jpeg', 'jpeg', 'image/jpeg', '1478669', '2020-08-17 18:40:45', '2020-08-17 18:40:45'),
(281, 13, 'GP.jpg', 'public_storage', 'media/3FYeQTbkxoYmBE7HrMAQQoaW0xx6FucGQ2PLwCMe.jpeg', 'jpeg', 'image/jpeg', '2882142', '2020-08-17 18:52:20', '2020-08-17 18:52:20'),
(282, 13, 'GP.jpg', 'public_storage', 'media/6xyHoO2jUJHwiy1QjiiLY4grrk8JjIpFtxeyP5rr.jpeg', 'jpeg', 'image/jpeg', '2882142', '2020-08-17 18:52:25', '2020-08-17 18:52:25'),
(283, 13, 'GP Negra.jpg', 'public_storage', 'media/lVLL5P09hlqE7eRDOyzVUYXKZL2UMM05pv651iV9.jpeg', 'jpeg', 'image/jpeg', '1339389', '2020-08-17 18:56:29', '2020-08-17 18:56:29'),
(284, 13, 'GP frente.jpg', 'public_storage', 'media/sAkD2SxGYXsqvTALKMoMIpGfZEr49pRd9LflzaoL.jpeg', 'jpeg', 'image/jpeg', '1052579', '2020-08-17 18:56:29', '2020-08-17 18:56:29'),
(285, 13, 'GP roja.jpg', 'public_storage', 'media/RXVIld0okrnUJ3lzQjcizYwthsHGBInHL3D8mcqI.jpeg', 'jpeg', 'image/jpeg', '1683087', '2020-08-17 18:56:34', '2020-08-17 18:56:34'),
(286, 13, 'Web Sofacama.jpg', 'public_storage', 'media/LnSSkmiHpaoFz1VNDQC6R3dNwMSXx8imMQD4zHzo.jpeg', 'jpeg', 'image/jpeg', '3094205', '2020-08-17 22:54:29', '2020-08-17 22:54:29'),
(287, 13, 'Web Sofacama 3.jpg', 'public_storage', 'media/rDu5taP98swd8O5qllffxxqVA0xftmBStgWnltJW.jpeg', 'jpeg', 'image/jpeg', '2354687', '2020-08-17 23:14:35', '2020-08-17 23:14:35'),
(288, 13, 'Web Sofacama 2.jpg', 'public_storage', 'media/jpH7YKge9kqt9qDuJUo58Fz6CLJZInq3xzfZAjel.jpeg', 'jpeg', 'image/jpeg', '2455391', '2020-08-17 23:14:35', '2020-08-17 23:14:35'),
(289, 13, 'Web Sofacama negro 1.jpg', 'public_storage', 'media/NSeaZlX6jhqcQLZPHRIVtY2niYRzeyKqvoKgxXCc.jpeg', 'jpeg', 'image/jpeg', '2142684', '2020-08-17 23:14:35', '2020-08-17 23:14:35'),
(290, 13, 'Web Sofacama negro 2.jpg', 'public_storage', 'media/KjE5RUsu6UBEuCcpJWR5BKdl6864LHleSRhSAoST.jpeg', 'jpeg', 'image/jpeg', '2187518', '2020-08-17 23:14:45', '2020-08-17 23:14:45'),
(291, 13, 'Web Sofacama 1.jpg', 'public_storage', 'media/F47v38TCYQTyoZGvOT8eZJ4Hmor8N5AnmNM1bnDE.jpeg', 'jpeg', 'image/jpeg', '2446047', '2020-08-17 23:15:35', '2020-08-17 23:15:35'),
(292, 13, 'Web Sala Moderna.jpg', 'public_storage', 'media/fv8xzauHyuKoh4hKHxa2WAaWzfq98h4AcVRs7wjU.jpeg', 'jpeg', 'image/jpeg', '3873283', '2020-08-18 21:00:20', '2020-08-18 21:00:20'),
(293, 13, 'Web Sala Moderna 1.jpg', 'public_storage', 'media/uyyxgbkoTjDM0xAdpvenHy5tfPDQR2DzGWZMRsv7.jpeg', 'jpeg', 'image/jpeg', '3319822', '2020-08-18 21:32:00', '2020-08-18 21:32:00'),
(294, 13, 'Web Sala Moderna 2.jpg', 'public_storage', 'media/Yz2PK2qn8fPoxMBwyPW89bdIFSFGfJdFlKxlbcWi.jpeg', 'jpeg', 'image/jpeg', '3418707', '2020-08-18 21:32:13', '2020-08-18 21:32:13'),
(295, 13, 'Cama Adeline.jpg', 'public_storage', 'media/fxd7QdZTDTe5HvTUM1XgaYNlkR8cgACtoPmujZMp.jpeg', 'jpeg', 'image/jpeg', '3633693', '2020-09-07 20:38:43', '2020-09-07 20:38:43'),
(296, 13, 'Cama Adeline montaje.jpg', 'public_storage', 'media/CUGLFEOXky0zXYfiT0n6U2cvWNWgmJk9BH24CVUm.jpeg', 'jpeg', 'image/jpeg', '3940122', '2020-09-07 20:48:45', '2020-09-07 20:48:45'),
(300, 13, 'Web Protector Combo.jpg', 'public_storage', 'media/L0KAZImXXJmI2HX92EuVyV9y4tZZjcA1GwZrVnuv.jpeg', 'jpeg', 'image/jpeg', '2858052', '2020-09-07 23:21:27', '2020-09-07 23:21:27'),
(301, 13, 'Web Almohadas Combo.jpg', 'public_storage', 'media/7KRBkMg4gAy3rmk1jNIUzQTnL9bCIFS7KoJSWb2o.jpeg', 'jpeg', 'image/jpeg', '2697857', '2020-09-07 23:21:52', '2020-09-07 23:21:52'),
(303, 13, 'Web Servicio Combo.jpg', 'public_storage', 'media/FsJk1lLFhbwYM1D6z7Gyek1P3sRdy2eb8JD6MWKX.jpeg', 'jpeg', 'image/jpeg', '2722727', '2020-09-07 23:22:00', '2020-09-07 23:22:00'),
(304, 13, 'Web Envios Combo.jpg', 'public_storage', 'media/BDWoMflwnQxJY3AlLhIykYaGF4aIgBFLsbuh5bXi.jpeg', 'jpeg', 'image/jpeg', '2399675', '2020-09-07 23:27:57', '2020-09-07 23:27:57'),
(305, 13, 'Web Cobertor opciones Combo.jpg', 'public_storage', 'media/PJ82UsUpqNxCMZWcZlG7D9qbZSKGfqbDiXDDbJgN.jpeg', 'jpeg', 'image/jpeg', '2748533', '2020-09-07 23:36:04', '2020-09-07 23:36:04'),
(306, 13, 'Web Colchones opciones Combo.jpg', 'public_storage', 'media/2qLuLLuUQBDtVnpuvrCp0mkcgYfxOsUC5Qh7GEVI.jpeg', 'jpeg', 'image/jpeg', '2749088', '2020-09-07 23:36:08', '2020-09-07 23:36:08'),
(310, 13, 'Web Sábanas opciones Combo.jpg', 'public_storage', 'media/uNjwY6tH2uptdFXmOoAWLmGKoRePNZd1JGFvGj1d.jpeg', 'jpeg', 'image/jpeg', '2802815', '2020-09-07 23:39:23', '2020-09-07 23:39:23'),
(311, 13, 'Cama Andrea 2.jpg', 'public_storage', 'media/cbJ6Nmuy1anJ3eigzjALoqeebwJW9Xj8XOPjxMpe.jpeg', 'jpeg', 'image/jpeg', '3701227', '2020-09-07 23:54:43', '2020-09-07 23:54:43'),
(312, 13, 'Cama Andrea.jpg', 'public_storage', 'media/chT4Q2DZmlpjDbuas6v36JH01wZ6BEGlXoeABCd5.jpeg', 'jpeg', 'image/jpeg', '3792056', '2020-09-07 23:54:43', '2020-09-07 23:54:43'),
(313, 13, 'Cama Elite.jpg', 'public_storage', 'media/MlofaE7BpNwVA3qvJOshDCNKPFOHot4KpafVgh1e.jpeg', 'jpeg', 'image/jpeg', '3502249', '2020-09-08 00:17:31', '2020-09-08 00:17:31'),
(314, 13, 'Cama Elite montaje.jpg', 'public_storage', 'media/6d0cGfdk4ArP8jnwshipdH2hZcJYvCrFamJPWwDN.jpeg', 'jpeg', 'image/jpeg', '2488989', '2020-09-08 15:01:51', '2020-09-08 15:01:51'),
(315, 13, 'Cama Erika.jpg', 'public_storage', 'media/3rUZqJgERHF29ffM2zQ7caVk4oxekFj6q6gVwbNL.jpeg', 'jpeg', 'image/jpeg', '3579529', '2020-09-08 15:27:57', '2020-09-08 15:27:57'),
(316, 13, 'Cama Erika montaje.jpg', 'public_storage', 'media/AcwJPqXvB1VaQ1acqY30gpxTenDaDjNXQo9UrI06.jpeg', 'jpeg', 'image/jpeg', '2238435', '2020-09-08 15:30:56', '2020-09-08 15:30:56'),
(317, 13, 'Cama Europa 2.jpg', 'public_storage', 'media/nuHFXvJEYJD9jhp3nSmYqUOazyPYrkkTWTEb0uGq.jpeg', 'jpeg', 'image/jpeg', '3493151', '2020-09-08 21:56:41', '2020-09-08 21:56:41'),
(318, 13, 'Cama Europa Baul.jpg', 'public_storage', 'media/mz1prVS3pXnnJFKI8Kx6r26I21lRCdDA25sMZUMU.jpeg', 'jpeg', 'image/jpeg', '2131160', '2020-09-08 22:04:51', '2020-09-08 22:04:51'),
(319, 13, 'Cama Lara.jpg', 'public_storage', 'media/Yx2sLi1jNRKsxC3EUecvAdIHh8jY3q2yGz2hVi5j.jpeg', 'jpeg', 'image/jpeg', '3590275', '2020-09-08 22:28:18', '2020-09-08 22:28:18'),
(320, 13, 'Cama lara montaje.jpg', 'public_storage', 'media/x4FGBG3Cwy2UvX1U8xUyESk3fdhx8dbVDSrpe9rf.jpeg', 'jpeg', 'image/jpeg', '4006595', '2020-09-08 22:33:45', '2020-09-08 22:33:45'),
(321, 13, 'Cama Premier Premier.jpg', 'public_storage', 'media/e1DWepVxVCFQW6MR3YmyfYMsh0wFfvdrCafY4au9.jpeg', 'jpeg', 'image/jpeg', '3628443', '2020-09-08 22:42:21', '2020-09-08 22:42:21'),
(322, 13, 'Cama Premier montaje.jpg', 'public_storage', 'media/doeoSo2z4vi5wub0cQZdpdyLkEhThDJdPk74RSW2.jpeg', 'jpeg', 'image/jpeg', '3485449', '2020-09-08 22:53:51', '2020-09-08 22:53:51'),
(323, 13, 'Cama Millenials.jpg', 'public_storage', 'media/jQcFLhTWUZr4ZWcXoaLGx4SLm0yW30j7Wa6WvyUY.jpeg', 'jpeg', 'image/jpeg', '3600590', '2020-09-08 23:09:03', '2020-09-08 23:09:03'),
(324, 13, 'Cama Millenials montaje.jpg', 'public_storage', 'media/MBoWMRWawtlAqKCvZQpSEkErviaHLwGK6ByPClmS.jpeg', 'jpeg', 'image/jpeg', '3130582', '2020-09-08 23:18:08', '2020-09-08 23:18:08'),
(325, 13, 'Cama Moon.jpg', 'public_storage', 'media/HqnrT1n62mePfNAfWwcD5UWtmN8ghccNT3lNXRn7.jpeg', 'jpeg', 'image/jpeg', '3404852', '2020-09-08 23:25:57', '2020-09-08 23:25:57'),
(326, 13, 'Cama Moon montaje.jpg', 'public_storage', 'media/KuZeombHO4PFZfHGa9yAI3tIy8bHT7d5LrRv0PfT.jpeg', 'jpeg', 'image/jpeg', '3020702', '2020-09-08 23:30:21', '2020-09-08 23:30:21'),
(327, 13, 'Cama King Moon.jpg', 'public_storage', 'media/fPQo9rfgRcD6lkXDPsvPu1pPywTrMbB2C0heek6b.jpeg', 'jpeg', 'image/jpeg', '3439630', '2020-09-08 23:49:01', '2020-09-08 23:49:01'),
(328, 13, 'Cama King Moon montaje.jpg', 'public_storage', 'media/RGcc0HRFmXMcAbzPbt9p27w2Xa8EoGxI3zKWIPkz.jpeg', 'jpeg', 'image/jpeg', '2623448', '2020-09-08 23:49:42', '2020-09-08 23:49:42'),
(329, 13, 'Sonata azul en blanco.jpg', 'public_storage', 'media/9On94bshE08sZqbPl5TgXHuYh4ZkR1R863bgEmC1.jpeg', 'jpeg', 'image/jpeg', '2811331', '2020-09-22 22:15:12', '2020-09-22 22:15:12'),
(330, 13, 'Web Colchones Sueño Perfecto.jpg', 'public_storage', 'media/mkD1Qyjy4Pf9qSo61jeQtJ1rOEx3DO4ox1DMtROm.jpeg', 'jpeg', 'image/jpeg', '2652257', '2020-09-23 22:32:26', '2020-09-23 22:32:26'),
(331, 13, 'Sueño perfecto en blanco.jpg', 'public_storage', 'media/DE7G7tvobkLafLMgVkVtPxxSGQZxEXZQZUfejuoy.jpeg', 'jpeg', 'image/jpeg', '2508550', '2020-09-23 22:34:11', '2020-09-23 22:34:11'),
(332, 13, 'Web Colchones Sensaciones.jpg', 'public_storage', 'media/6QwsVi6HhGwJ0jYgRD1JjQTcMbwBXxiXPWls1QZK.jpeg', 'jpeg', 'image/jpeg', '2658479', '2020-09-24 00:12:05', '2020-09-24 00:12:05'),
(335, 13, 'Web Cama King A2.jpg', 'public_storage', 'media/p6vAaldysE126BCzAtK4OhxvhOP3whqY6695shm8.jpeg', 'jpeg', 'image/jpeg', '3026199', '2020-09-24 18:04:42', '2020-09-24 18:04:42'),
(336, 13, 'Web Sofá cama andrea.jpg', 'public_storage', 'media/QER0RkMrV0cgUn1JxV9n0LBcaXgDxjvpkETAUGOd.jpeg', 'jpeg', 'image/jpeg', '2343395', '2020-09-25 23:31:14', '2020-09-25 23:31:14'),
(337, 13, 'IMG-20201021-WA0059.jpg', 'public_storage', 'media/PMG37Zd9jZVqIuYQzMGuu8IeLJ6fdGh8folUtkdu.jpeg', 'jpeg', 'image/jpeg', '543950', '2020-10-22 00:25:52', '2020-10-22 00:25:52');
INSERT INTO `files` (`id`, `user_id`, `filename`, `disk`, `path`, `extension`, `mime`, `size`, `created_at`, `updated_at`) VALUES
(338, 13, 'Reclinable Smart Black Friday WEB.jpg', 'public_storage', 'media/VLKlRiLuFwt4LLalHHaTqyypwK181VSHZhq3DWKI.jpeg', 'jpeg', 'image/jpeg', '4486347', '2020-11-06 17:54:49', '2020-11-06 17:54:49'),
(341, 13, 'Reclinable Smart Black Friday WEB 2.jpg', 'public_storage', 'media/HvQYG4Qj9oa8yUs8xF44QOezS9adB4IrZvuuzgL8.jpeg', 'jpeg', 'image/jpeg', '4179251', '2020-11-06 18:31:47', '2020-11-06 18:31:47'),
(344, 13, 'Reclinable Smart Black Friday WEB 6.jpg', 'public_storage', 'media/gLOX0F1vy3p4ZaGTj7ZQBK1NSE2jlH5YvA6BDTci.jpeg', 'jpeg', 'image/jpeg', '3528964', '2020-11-06 18:32:05', '2020-11-06 18:32:05'),
(345, 13, 'Reclinable Smart Black Friday WEB 7.jpg', 'public_storage', 'media/GTdbC0TMhOvq2lNAb9b9ezX6YIoPnlJsuB5EWVws.jpeg', 'jpeg', 'image/jpeg', '4210512', '2020-11-06 18:32:11', '2020-11-06 18:32:11'),
(348, 13, 'Reclinables Smart Black Friday 2.jpg', 'public_storage', 'media/M8PDZtYkHVQxq5Jw6JOaHA50GVpb3c8QL8dXQXgh.jpeg', 'jpeg', 'image/jpeg', '1896396', '2020-11-06 18:45:47', '2020-11-06 18:45:47'),
(349, 13, 'Reclinables Premier Eléctrico.jpg', 'public_storage', 'media/JGg3kOD1lFPeUmt7FkWXcn3smahV9hfh7k4Gd87E.jpeg', 'jpeg', 'image/jpeg', '1411424', '2020-11-07 01:03:32', '2020-11-07 01:03:32'),
(350, 13, 'Reclinable electrico Electrico Black Friday 2.jpg', 'public_storage', 'media/hBp8VYiHhmW7HWPTO83VkPnkS83sPhL0sg8zxmNr.jpeg', 'jpeg', 'image/jpeg', '3397168', '2020-11-07 01:06:06', '2020-11-07 01:06:06'),
(351, 13, 'Reclinables Premier Smart .jpg', 'public_storage', 'media/aZGH0G8DBi0g80G5WioGudmIRFbj7pM5h7gT0IJZ.jpeg', 'jpeg', 'image/jpeg', '1572091', '2020-11-07 01:10:59', '2020-11-07 01:10:59'),
(353, 13, 'display Web Black friday.png', 'public_storage', 'media/YI71gdzJrO8GUymZ7iCprtvwaRZUN2ZiZXEda0Jo.png', 'png', 'image/png', '8061310', '2020-11-11 18:36:05', '2020-11-11 18:36:05'),
(354, 13, 'display Web Black friday 2.png', 'public_storage', 'media/LvruQZzZNBNiB8XmQh8QGXqJCXn08G4cljGGmmCn.png', 'png', 'image/png', '7659274', '2020-11-11 19:12:58', '2020-11-11 19:12:58'),
(355, 13, 'display Web BF3.jpg', 'public_storage', 'media/2nBoLG6qWB9X776AkgsGtalNZ1tdieT4UNKTkyWn.jpeg', 'jpeg', 'image/jpeg', '4250852', '2020-11-11 19:29:49', '2020-11-11 19:29:49'),
(357, 13, 'display Web BF3.jpg', 'public_storage', 'media/99WMmuAaoZQg0LzDp0SWMLgz54ylvgvD3usPQh36.jpeg', 'jpeg', 'image/jpeg', '4276561', '2020-11-11 19:48:56', '2020-11-11 19:48:56');

-- --------------------------------------------------------

--
-- Estructura de tabla para la tabla `menus`
--

CREATE TABLE `menus` (
  `id` int(10) UNSIGNED NOT NULL,
  `is_active` tinyint(1) NOT NULL,
  `created_at` timestamp NULL DEFAULT NULL,
  `updated_at` timestamp NULL DEFAULT NULL
) ENGINE=InnoDB DEFAULT CHARSET=utf8mb4 COLLATE=utf8mb4_unicode_ci;

--
-- Volcado de datos para la tabla `menus`
--

INSERT INTO `menus` (`id`, `is_active`, `created_at`, `updated_at`) VALUES
(1, 1, '2019-08-06 04:53:34', '2020-01-20 16:41:14'),
(2, 1, '2019-09-04 23:40:38', '2019-09-04 23:40:38'),
(3, 1, '2019-09-04 23:43:53', '2019-09-04 23:43:53');

-- --------------------------------------------------------

--
-- Estructura de tabla para la tabla `menu_items`
--

CREATE TABLE `menu_items` (
  `id` int(10) UNSIGNED NOT NULL,
  `menu_id` int(10) UNSIGNED NOT NULL,
  `parent_id` int(10) UNSIGNED DEFAULT NULL,
  `category_id` int(10) UNSIGNED DEFAULT NULL,
  `page_id` int(10) UNSIGNED DEFAULT NULL,
  `type` varchar(191) COLLATE utf8mb4_unicode_ci NOT NULL,
  `url` varchar(191) COLLATE utf8mb4_unicode_ci DEFAULT NULL,
  `target` varchar(191) COLLATE utf8mb4_unicode_ci NOT NULL,
  `position` int(10) UNSIGNED DEFAULT NULL,
  `is_root` tinyint(1) NOT NULL DEFAULT 0,
  `is_fluid` tinyint(1) NOT NULL,
  `is_active` tinyint(1) NOT NULL,
  `created_at` timestamp NULL DEFAULT NULL,
  `updated_at` timestamp NULL DEFAULT NULL
) ENGINE=InnoDB DEFAULT CHARSET=utf8mb4 COLLATE=utf8mb4_unicode_ci;

--
-- Volcado de datos para la tabla `menu_items`
--

INSERT INTO `menu_items` (`id`, `menu_id`, `parent_id`, `category_id`, `page_id`, `type`, `url`, `target`, `position`, `is_root`, `is_fluid`, `is_active`, `created_at`, `updated_at`) VALUES
(1, 1, NULL, NULL, NULL, 'URL', NULL, '_self', 0, 1, 0, 1, '2019-08-06 04:53:34', '2019-08-06 04:53:34'),
(3, 1, 1, 1, NULL, 'category', NULL, '_self', 4, 0, 0, 1, '2019-09-04 23:38:53', '2020-11-11 18:58:38'),
(4, 1, 1, 2, NULL, 'category', NULL, '_self', 5, 0, 0, 1, '2019-09-04 23:39:12', '2020-11-11 18:58:38'),
(6, 1, 1, 4, NULL, 'category', NULL, '_self', 7, 0, 0, 1, '2019-09-04 23:39:49', '2020-11-11 18:58:38'),
(7, 1, 1, 5, NULL, 'category', NULL, '_self', 8, 0, 0, 1, '2019-09-04 23:40:10', '2020-11-11 18:58:38'),
(8, 2, NULL, NULL, NULL, 'URL', NULL, '_self', 0, 1, 0, 1, '2019-09-04 23:40:38', '2019-09-04 23:40:38'),
(9, 2, 8, NULL, 1, 'page', NULL, '_self', 0, 0, 0, 1, '2019-09-04 23:43:15', '2019-09-13 17:17:41'),
(10, 3, NULL, NULL, NULL, 'URL', NULL, '_self', 0, 1, 0, 1, '2019-09-04 23:43:53', '2019-09-04 23:43:53'),
(11, 3, 10, NULL, 2, 'page', NULL, '_self', 0, 0, 0, 1, '2019-09-04 23:44:24', '2020-01-14 10:10:43'),
(12, 3, 10, NULL, 3, 'page', NULL, '_self', 1, 0, 0, 1, '2019-09-04 23:44:47', '2020-01-14 10:10:43'),
(14, 2, 8, NULL, 4, 'page', NULL, '_self', 2, 0, 0, 1, '2019-09-13 17:20:04', '2020-01-14 10:38:53'),
(15, 3, 10, NULL, 5, 'page', NULL, '_self', 2, 0, 1, 1, '2020-01-14 10:12:10', '2020-11-06 17:46:56'),
(16, 2, 8, NULL, 6, 'page', NULL, '_self', 1, 0, 1, 1, '2020-01-14 10:38:50', '2020-01-14 10:38:53'),
(18, 1, 1, 13, NULL, 'category', NULL, '_self', 2, 0, 0, 1, '2020-01-20 16:43:01', '2020-11-11 18:58:38'),
(21, 1, 1, 19, NULL, 'category', NULL, '_self', 6, 0, 0, 1, '2020-01-23 09:36:42', '2020-11-11 18:58:38'),
(22, 1, 1, 20, NULL, 'category', NULL, '_self', 3, 0, 0, 1, '2020-01-23 14:03:36', '2020-11-11 18:58:38'),
(23, 1, 1, 29, NULL, 'category', NULL, '_self', 1, 0, 0, 1, '2020-11-06 17:48:26', '2020-11-11 18:58:38'),
(24, 1, 1, 30, NULL, 'category', NULL, '_self', 0, 0, 0, 1, '2020-11-11 18:58:28', '2020-11-11 19:05:31');

-- --------------------------------------------------------

--
-- Estructura de tabla para la tabla `menu_item_translations`
--

CREATE TABLE `menu_item_translations` (
  `id` int(10) UNSIGNED NOT NULL,
  `menu_item_id` int(10) UNSIGNED NOT NULL,
  `locale` varchar(191) COLLATE utf8mb4_unicode_ci NOT NULL,
  `name` varchar(191) COLLATE utf8mb4_unicode_ci NOT NULL
) ENGINE=InnoDB DEFAULT CHARSET=utf8mb4 COLLATE=utf8mb4_unicode_ci;

--
-- Volcado de datos para la tabla `menu_item_translations`
--

INSERT INTO `menu_item_translations` (`id`, `menu_item_id`, `locale`, `name`) VALUES
(1, 1, 'en', 'root'),
(3, 3, 'en', 'Juego de Sala'),
(4, 4, 'en', 'Juego de Comedor'),
(6, 6, 'en', 'Electrodomésticos'),
(7, 7, 'en', 'Motocicletas'),
(8, 8, 'en', 'root'),
(9, 9, 'en', 'Misión'),
(10, 10, 'en', 'root'),
(11, 11, 'en', 'Términos y Condiciones'),
(12, 12, 'en', 'Políticas de Privacidad'),
(14, 14, 'en', 'Ubicación'),
(15, 15, 'en', 'Garantías, Cambios y Devoluciones'),
(16, 16, 'en', 'Visión'),
(18, 18, 'en', 'Colchones'),
(21, 21, 'en', 'Armarios'),
(22, 22, 'en', 'Dormitorio'),
(23, 23, 'en', 'Reclinables'),
(24, 24, 'en', 'Black Friday');

-- --------------------------------------------------------

--
-- Estructura de tabla para la tabla `menu_translations`
--

CREATE TABLE `menu_translations` (
  `id` int(10) UNSIGNED NOT NULL,
  `menu_id` int(10) UNSIGNED NOT NULL,
  `locale` varchar(191) COLLATE utf8mb4_unicode_ci NOT NULL,
  `name` varchar(191) COLLATE utf8mb4_unicode_ci NOT NULL
) ENGINE=InnoDB DEFAULT CHARSET=utf8mb4 COLLATE=utf8mb4_unicode_ci;

--
-- Volcado de datos para la tabla `menu_translations`
--

INSERT INTO `menu_translations` (`id`, `menu_id`, `locale`, `name`) VALUES
(1, 1, 'en', 'Menu Categorias'),
(2, 2, 'en', 'Menú Principal'),
(3, 3, 'en', 'Menú Secundario');

-- --------------------------------------------------------

--
-- Estructura de tabla para la tabla `meta_data`
--

CREATE TABLE `meta_data` (
  `id` int(10) UNSIGNED NOT NULL,
  `entity_type` varchar(191) COLLATE utf8mb4_unicode_ci NOT NULL,
  `entity_id` bigint(20) UNSIGNED NOT NULL,
  `created_at` timestamp NULL DEFAULT NULL,
  `updated_at` timestamp NULL DEFAULT NULL
) ENGINE=InnoDB DEFAULT CHARSET=utf8mb4 COLLATE=utf8mb4_unicode_ci;

--
-- Volcado de datos para la tabla `meta_data`
--

INSERT INTO `meta_data` (`id`, `entity_type`, `entity_id`, `created_at`, `updated_at`) VALUES
(1, 'Modules\\Page\\Entities\\Page', 1, '2019-08-06 05:13:28', '2019-08-06 05:13:28'),
(2, 'Modules\\Page\\Entities\\Page', 2, '2019-09-04 23:25:32', '2019-09-04 23:25:32'),
(3, 'Modules\\Page\\Entities\\Page', 3, '2019-09-04 23:36:25', '2019-09-04 23:36:25'),
(4, 'Modules\\Product\\Entities\\Product', 1, '2019-09-05 15:37:07', '2019-09-05 15:37:07'),
(5, 'Modules\\Product\\Entities\\Product', 2, '2019-09-05 20:36:05', '2019-09-05 20:36:05'),
(6, 'Modules\\Product\\Entities\\Product', 3, '2019-09-05 22:39:54', '2019-09-05 22:39:54'),
(7, 'Modules\\Product\\Entities\\Product', 4, '2019-09-05 23:10:07', '2019-09-05 23:10:07'),
(8, 'Modules\\Product\\Entities\\Product', 5, '2019-09-06 01:30:56', '2019-09-06 01:30:56'),
(9, 'Modules\\Product\\Entities\\Product', 6, '2019-09-06 02:05:35', '2019-09-06 02:05:35'),
(10, 'Modules\\Product\\Entities\\Product', 7, '2019-09-06 16:50:03', '2019-09-06 16:50:03'),
(11, 'Modules\\Product\\Entities\\Product', 8, '2019-09-06 17:02:59', '2019-09-06 17:02:59'),
(12, 'Modules\\Product\\Entities\\Product', 9, '2019-09-06 17:25:05', '2019-09-06 17:25:05'),
(13, 'Modules\\Product\\Entities\\Product', 10, '2019-09-06 17:43:21', '2019-09-06 17:43:21'),
(14, 'Modules\\Product\\Entities\\Product', 11, '2019-09-06 18:57:51', '2019-09-06 18:57:51'),
(15, 'Modules\\Product\\Entities\\Product', 12, '2019-09-06 23:26:18', '2019-09-06 23:26:18'),
(16, 'Modules\\Page\\Entities\\Page', 4, '2019-09-13 16:52:53', '2019-09-13 16:52:53'),
(17, 'Modules\\Product\\Entities\\Product', 13, '2019-09-17 22:23:11', '2019-09-17 22:23:11'),
(18, 'Modules\\Product\\Entities\\Product', 14, '2019-09-18 16:57:21', '2019-09-18 16:57:21'),
(19, 'Modules\\Product\\Entities\\Product', 15, '2019-09-18 17:48:15', '2019-09-18 17:48:15'),
(20, 'Modules\\Product\\Entities\\Product', 16, '2019-09-18 18:07:22', '2019-09-18 18:07:22'),
(21, 'Modules\\Product\\Entities\\Product', 17, '2019-09-18 18:29:41', '2019-09-18 18:29:41'),
(22, 'Modules\\Product\\Entities\\Product', 18, '2019-09-18 18:41:34', '2019-09-18 18:41:34'),
(23, 'Modules\\Product\\Entities\\Product', 19, '2020-01-13 09:49:48', '2020-01-13 09:49:48'),
(24, 'Modules\\Product\\Entities\\Product', 20, '2020-01-13 13:01:22', '2020-01-13 13:01:22'),
(25, 'Modules\\Product\\Entities\\Product', 21, '2020-01-13 13:13:09', '2020-01-13 13:13:09'),
(26, 'Modules\\Product\\Entities\\Product', 22, '2020-01-13 13:30:40', '2020-01-13 13:30:40'),
(27, 'Modules\\Product\\Entities\\Product', 23, '2020-01-13 14:22:00', '2020-01-13 14:22:00'),
(28, 'Modules\\Page\\Entities\\Page', 5, '2020-01-14 10:06:27', '2020-01-14 10:06:27'),
(29, 'Modules\\Page\\Entities\\Page', 6, '2020-01-14 10:24:51', '2020-01-14 10:24:51'),
(30, 'Modules\\Product\\Entities\\Product', 24, '2020-01-14 11:05:31', '2020-01-14 11:05:31'),
(31, 'Modules\\Product\\Entities\\Product', 25, '2020-01-15 09:17:54', '2020-01-15 09:17:54'),
(32, 'Modules\\Product\\Entities\\Product', 26, '2020-01-15 09:30:17', '2020-01-15 09:30:17'),
(33, 'Modules\\Product\\Entities\\Product', 27, '2020-01-15 09:48:41', '2020-01-15 09:48:41'),
(34, 'Modules\\Product\\Entities\\Product', 28, '2020-01-15 10:00:02', '2020-01-15 10:00:02'),
(35, 'Modules\\Product\\Entities\\Product', 29, '2020-01-15 10:39:08', '2020-01-15 10:39:08'),
(36, 'Modules\\Product\\Entities\\Product', 30, '2020-01-15 11:31:02', '2020-01-15 11:31:02'),
(37, 'Modules\\Product\\Entities\\Product', 31, '2020-01-15 12:00:04', '2020-01-15 12:00:04'),
(38, 'Modules\\Product\\Entities\\Product', 32, '2020-01-15 13:26:24', '2020-01-15 13:26:24'),
(39, 'Modules\\Product\\Entities\\Product', 33, '2020-01-15 16:13:14', '2020-01-15 16:13:14'),
(40, 'Modules\\Product\\Entities\\Product', 34, '2020-01-15 16:31:35', '2020-01-15 16:31:35'),
(41, 'Modules\\Product\\Entities\\Product', 35, '2020-01-15 17:15:46', '2020-01-15 17:15:46'),
(42, 'Modules\\Product\\Entities\\Product', 36, '2020-01-15 17:41:01', '2020-01-15 17:41:01'),
(43, 'Modules\\Product\\Entities\\Product', 37, '2020-01-15 17:49:58', '2020-01-15 17:49:58'),
(44, 'Modules\\Product\\Entities\\Product', 38, '2020-01-16 09:24:59', '2020-01-16 09:24:59'),
(45, 'Modules\\Product\\Entities\\Product', 39, '2020-01-20 09:21:03', '2020-01-20 09:21:03'),
(46, 'Modules\\Product\\Entities\\Product', 40, '2020-01-20 10:17:31', '2020-01-20 10:17:31'),
(47, 'Modules\\Product\\Entities\\Product', 41, '2020-01-20 14:32:09', '2020-01-20 14:32:09'),
(48, 'Modules\\Product\\Entities\\Product', 42, '2020-01-21 13:50:16', '2020-01-21 13:50:16'),
(49, 'Modules\\Product\\Entities\\Product', 43, '2020-01-21 14:19:22', '2020-01-21 14:19:22'),
(50, 'Modules\\Product\\Entities\\Product', 44, '2020-01-21 16:40:41', '2020-01-21 16:40:41'),
(51, 'Modules\\Product\\Entities\\Product', 45, '2020-01-21 16:53:26', '2020-01-21 16:53:26'),
(52, 'Modules\\Product\\Entities\\Product', 46, '2020-01-22 14:26:00', '2020-01-22 14:26:00'),
(53, 'Modules\\Product\\Entities\\Product', 47, '2020-01-22 15:51:29', '2020-01-22 15:51:29'),
(54, 'Modules\\Product\\Entities\\Product', 48, '2020-01-22 16:14:34', '2020-01-22 16:14:34'),
(55, 'Modules\\Product\\Entities\\Product', 49, '2020-01-22 16:42:53', '2020-01-22 16:42:53'),
(56, 'Modules\\Product\\Entities\\Product', 50, '2020-01-22 17:09:48', '2020-01-22 17:09:48'),
(57, 'Modules\\Product\\Entities\\Product', 51, '2020-01-22 17:18:30', '2020-01-22 17:18:30'),
(58, 'Modules\\Product\\Entities\\Product', 52, '2020-01-22 17:35:53', '2020-01-22 17:35:53'),
(59, 'Modules\\Product\\Entities\\Product', 53, '2020-01-23 09:30:58', '2020-01-23 09:30:58'),
(60, 'Modules\\Product\\Entities\\Product', 54, '2020-01-23 12:16:09', '2020-01-23 12:16:09'),
(61, 'Modules\\Product\\Entities\\Product', 55, '2020-01-23 13:00:10', '2020-01-23 13:00:10'),
(62, 'Modules\\Product\\Entities\\Product', 56, '2020-01-23 13:04:22', '2020-01-23 13:04:22'),
(63, 'Modules\\Product\\Entities\\Product', 57, '2020-01-23 18:01:13', '2020-01-23 18:01:13'),
(64, 'Modules\\Product\\Entities\\Product', 58, '2020-01-24 11:10:02', '2020-01-24 11:10:02'),
(65, 'Modules\\Product\\Entities\\Product', 59, '2020-01-24 12:38:16', '2020-01-24 12:38:16'),
(66, 'Modules\\Product\\Entities\\Product', 60, '2020-01-24 13:59:57', '2020-01-24 13:59:57'),
(67, 'Modules\\Product\\Entities\\Product', 61, '2020-01-24 16:45:07', '2020-01-24 16:45:07'),
(68, 'Modules\\Product\\Entities\\Product', 62, '2020-01-24 16:57:46', '2020-01-24 16:57:46'),
(69, 'Modules\\Product\\Entities\\Product', 63, '2020-01-25 10:57:09', '2020-01-25 10:57:09'),
(70, 'Modules\\Product\\Entities\\Product', 64, '2020-01-25 13:04:42', '2020-01-25 13:04:42'),
(71, 'Modules\\Product\\Entities\\Product', 65, '2020-01-25 13:28:00', '2020-01-25 13:28:00'),
(72, 'Modules\\Product\\Entities\\Product', 66, '2020-01-25 14:29:15', '2020-01-25 14:29:15'),
(73, 'Modules\\Product\\Entities\\Product', 67, '2020-07-16 16:43:32', '2020-07-16 16:43:32'),
(74, 'Modules\\Product\\Entities\\Product', 68, '2020-07-20 19:00:23', '2020-07-20 19:00:23'),
(75, 'Modules\\Product\\Entities\\Product', 69, '2020-07-20 21:59:59', '2020-07-20 21:59:59'),
(76, 'Modules\\Product\\Entities\\Product', 70, '2020-07-31 17:34:48', '2020-07-31 17:34:48'),
(77, 'Modules\\Product\\Entities\\Product', 71, '2020-07-31 18:39:34', '2020-07-31 18:39:34'),
(78, 'Modules\\Product\\Entities\\Product', 72, '2020-07-31 19:07:54', '2020-07-31 19:07:54'),
(79, 'Modules\\Product\\Entities\\Product', 73, '2020-07-31 19:34:16', '2020-07-31 19:34:16'),
(80, 'Modules\\Product\\Entities\\Product', 74, '2020-07-31 19:58:07', '2020-07-31 19:58:07'),
(81, 'Modules\\Product\\Entities\\Product', 75, '2020-08-03 23:12:42', '2020-08-03 23:12:42'),
(82, 'Modules\\Product\\Entities\\Product', 76, '2020-08-04 00:22:37', '2020-08-04 00:22:37'),
(83, 'Modules\\Product\\Entities\\Product', 77, '2020-08-04 00:49:00', '2020-08-04 00:49:00'),
(84, 'Modules\\Product\\Entities\\Product', 78, '2020-08-04 17:16:42', '2020-08-04 17:16:42'),
(85, 'Modules\\Product\\Entities\\Product', 79, '2020-08-04 18:46:44', '2020-08-04 18:46:44'),
(86, 'Modules\\Product\\Entities\\Product', 80, '2020-08-07 00:02:55', '2020-08-07 00:02:55'),
(87, 'Modules\\Product\\Entities\\Product', 81, '2020-08-09 18:20:58', '2020-08-09 18:20:58'),
(88, 'Modules\\Product\\Entities\\Product', 82, '2020-08-11 18:40:19', '2020-08-11 18:40:19'),
(89, 'Modules\\Product\\Entities\\Product', 83, '2020-08-13 22:02:39', '2020-08-13 22:02:39'),
(90, 'Modules\\Product\\Entities\\Product', 84, '2020-08-14 17:18:43', '2020-08-14 17:18:43'),
(91, 'Modules\\Product\\Entities\\Product', 85, '2020-08-14 18:58:55', '2020-08-14 18:58:55'),
(92, 'Modules\\Product\\Entities\\Product', 86, '2020-08-14 23:57:46', '2020-08-14 23:57:46'),
(93, 'Modules\\Product\\Entities\\Product', 87, '2020-08-15 00:13:38', '2020-08-15 00:13:38'),
(94, 'Modules\\Product\\Entities\\Product', 88, '2020-08-17 15:51:58', '2020-08-17 15:51:58'),
(95, 'Modules\\Product\\Entities\\Product', 89, '2020-08-17 16:26:56', '2020-08-17 16:26:56'),
(96, 'Modules\\Product\\Entities\\Product', 90, '2020-08-17 17:12:50', '2020-08-17 17:12:50'),
(97, 'Modules\\Product\\Entities\\Product', 91, '2020-08-17 22:54:42', '2020-08-17 22:54:42'),
(98, 'Modules\\Product\\Entities\\Product', 92, '2020-08-18 21:30:26', '2020-08-18 21:30:26'),
(99, 'Modules\\Product\\Entities\\Product', 93, '2020-09-07 20:42:02', '2020-09-07 20:42:02'),
(100, 'Modules\\Product\\Entities\\Product', 95, '2020-09-08 00:05:09', '2020-09-08 00:05:09'),
(101, 'Modules\\Product\\Entities\\Product', 96, '2020-09-08 00:27:14', '2020-09-08 00:27:14'),
(102, 'Modules\\Product\\Entities\\Product', 97, '2020-09-08 15:28:17', '2020-09-08 15:28:17'),
(103, 'Modules\\Product\\Entities\\Product', 98, '2020-09-08 22:15:05', '2020-09-08 22:15:05'),
(104, 'Modules\\Product\\Entities\\Product', 99, '2020-09-08 22:34:15', '2020-09-08 22:34:15'),
(105, 'Modules\\Product\\Entities\\Product', 100, '2020-09-08 22:58:00', '2020-09-08 22:58:00'),
(106, 'Modules\\Product\\Entities\\Product', 101, '2020-09-08 23:17:51', '2020-09-08 23:17:51'),
(107, 'Modules\\Product\\Entities\\Product', 102, '2020-09-08 23:36:08', '2020-09-08 23:36:08'),
(108, 'Modules\\Product\\Entities\\Product', 103, '2020-09-08 23:50:40', '2020-09-08 23:50:40'),
(109, 'Modules\\Product\\Entities\\Product', 104, '2020-09-23 22:16:39', '2020-09-23 22:16:39'),
(110, 'Modules\\Product\\Entities\\Product', 105, '2020-09-23 22:16:40', '2020-09-23 22:16:40'),
(111, 'Modules\\Product\\Entities\\Product', 106, '2020-09-23 23:52:30', '2020-09-23 23:52:30'),
(112, 'Modules\\Product\\Entities\\Product', 107, '2020-09-24 17:20:53', '2020-09-24 17:20:53'),
(113, 'Modules\\Product\\Entities\\Product', 108, '2020-09-25 23:40:23', '2020-09-25 23:40:23'),
(114, 'Modules\\Product\\Entities\\Product', 109, '2020-11-06 17:57:53', '2020-11-06 17:57:53'),
(115, 'Modules\\Product\\Entities\\Product', 110, '2020-11-07 01:08:35', '2020-11-07 01:08:35'),
(116, 'Modules\\Product\\Entities\\Product', 111, '2020-11-07 01:12:25', '2020-11-07 01:12:25');

-- --------------------------------------------------------

--
-- Estructura de tabla para la tabla `meta_data_translations`
--

CREATE TABLE `meta_data_translations` (
  `id` int(10) UNSIGNED NOT NULL,
  `meta_data_id` int(10) UNSIGNED NOT NULL,
  `locale` varchar(191) COLLATE utf8mb4_unicode_ci NOT NULL,
  `meta_title` varchar(191) COLLATE utf8mb4_unicode_ci DEFAULT NULL,
  `meta_keywords` text COLLATE utf8mb4_unicode_ci DEFAULT NULL,
  `meta_description` text COLLATE utf8mb4_unicode_ci DEFAULT NULL
) ENGINE=InnoDB DEFAULT CHARSET=utf8mb4 COLLATE=utf8mb4_unicode_ci;

--
-- Volcado de datos para la tabla `meta_data_translations`
--

INSERT INTO `meta_data_translations` (`id`, `meta_data_id`, `locale`, `meta_title`, `meta_keywords`, `meta_description`) VALUES
(1, 1, 'en', NULL, '[]', NULL),
(2, 2, 'en', NULL, '[]', NULL),
(3, 3, 'en', NULL, '[]', NULL),
(4, 4, 'en', 'colchon-chaide-continental-non-flip', '[\"colchon\",\"continental\",\"chaide\",\"non-flip\",\"1\\u00bdplz\",\"1\\u00bdplaza\",\"2plz\",\"2plazas\",\"2\\u00bdplz\",\"2\\u00bdplazas\",\"3plz\",\"3plazas\",\"gris\",\"beige\"]', NULL),
(5, 5, 'en', 'colchon-chaide-contineltal-non-flip-2-plz-y-medio', '[\"colchon\",\"chaide\",\"continental\",\"non\",\"flip\",\"2\\u00bd plz\",\"2\\u00bd plazas\"]', NULL),
(6, 6, 'en', 'colchon-moto', '[]', NULL),
(7, 7, 'en', 'colchon-chaide-continental-de-lujo-pillow-top', '[\"colchon\",\"continental\",\"chaide\",\"pillow-top\",\"1\\u00bdplz\",\"1\\u00bdplazas\",\"2plz\",\"2plazas\",\"2\\u00bdplz\",\"2\\u00bdplazas\",\"3plz\",\"3plazas\"]', NULL),
(8, 8, 'en', 'colchon-chaide-continental-tradicional', '[\"colchon\",\"continental\",\"chaide\",\"tradicional\",\"1\\u00bdplz\",\"1\\u00bdplazas\",\"2plz\",\"2plazas\",\"2\\u00bdplz\",\"2\\u00bdplazas\",\"3plz\",\"3plazas\"]', NULL),
(9, 9, 'en', 'colchon-chaide-imperial', '[\"colchon\",\"chaide\",\"imperial\",\"1plz\",\"1plaza\",\"1\\u00bdplz\",\"1\\u00bdplazas\",\"2plz\",\"2plazas\"]', NULL),
(10, 10, 'en', 'colchon-chaide-imperial-tradicional-27cm-hojas', '[\"colchon\",\"chaide\",\"tradicional\",\"27cm\",\"hojas\",\"1\\u00bdplz\",\"1\\u00bdplazas\",\"2plz\",\"2plazas\"]', NULL),
(11, 11, 'en', 'colchon-chaide-ortopedico-prensado', '[\"colchon\",\"chaide\",\"ortopedico\",\"prensado\",\"1\\u00bdplz\",\"1\\u00bdplazas\",\"2plz\",\"2plazas\",\"2\\u00bdplz\",\"2\\u00bdplazas\",\"3plz\",\"3plazas\"]', NULL),
(12, 12, 'en', 'colchon-chaide-suave-brisa', '[\"colchon\",\"chaide\",\"suave-brisa\",\"1\\u00bdplz\",\"1\\u00bdplazas\",\"2plz\",\"2plazas\",\"2\\u00bdplz\",\"2\\u00bdplazas\",\"suave\",\"brisa\"]', NULL),
(13, 13, 'en', 'colchon-chaide-zafiro', '[\"colchon\",\"chaide\",\"1\\u00bdplz\",\"1\\u00bdplazas\",\"2plz\",\"2plazas\",\"zafiro\"]', NULL),
(14, 14, 'en', 'baul-premier', '[\"baul\",\"premier\",\"1plz\",\"1plaza\",\"1\\u00bdplz\",\"1\\u00bdplazas\",\"2plz\",\"2plazas\",\"3plz\",\"3plazas\",\"pie de cama\",\"baul para cama\",\"cama\",\"baul para dormitorio\",\"baul de dormitorio\",\"dormitorio\"]', NULL),
(15, 15, 'en', 'baúl-premier-gris', '[\"baul\",\"premier\",\"pie de cama\",\"baul para cama\",\"cama\",\"baul para dormitorio\",\"baul de dormitorio\",\"dormitorio\",\"1 plz\",\"1 plazas\",\"1\\u00bd plz\",\"1\\u00bd plazas\",\"2 plz\",\"2 plazas\"]', NULL),
(16, 16, 'en', 'local-comercial-teran', '[\"local\",\"comercialteran\",\"ubicacion teran\",\"local comercial teran\",\"teran\"]', NULL),
(17, 17, 'en', NULL, '[\"motocicleta\"]', NULL),
(18, 18, 'en', NULL, '[]', NULL),
(19, 19, 'en', NULL, '[]', NULL),
(20, 20, 'en', NULL, '[]', NULL),
(21, 21, 'en', NULL, '[]', NULL),
(22, 22, 'en', NULL, '[]', NULL),
(23, 23, 'en', 'colchon-chaide-zafiro', '[\"colch\\u00f3n\",\"chaide\",\"11\\/2plz\",\"1 1\\/2plazas\",\"2plazas\",\"2 plz\",\"zafiro\"]', NULL),
(24, 24, 'en', NULL, '[]', NULL),
(25, 25, 'en', NULL, '[]', NULL),
(26, 26, 'en', NULL, '[]', NULL),
(27, 27, 'en', NULL, '[]', NULL),
(28, 28, 'en', NULL, '[]', NULL),
(29, 29, 'en', NULL, '[]', NULL),
(30, 30, 'en', NULL, '[]', NULL),
(31, 31, 'en', NULL, '[]', NULL),
(32, 32, 'en', NULL, '[]', NULL),
(33, 33, 'en', NULL, '[]', NULL),
(34, 34, 'en', NULL, '[]', NULL),
(35, 35, 'en', NULL, '[]', NULL),
(36, 36, 'en', NULL, '[]', NULL),
(37, 37, 'en', NULL, '[]', NULL),
(38, 38, 'en', NULL, '[]', NULL),
(39, 39, 'en', NULL, '[]', NULL),
(40, 40, 'en', NULL, '[]', NULL),
(41, 41, 'en', NULL, '[]', NULL),
(42, 42, 'en', NULL, '[]', NULL),
(43, 43, 'en', NULL, '[]', NULL),
(44, 44, 'en', NULL, '[]', NULL),
(45, 45, 'en', NULL, '[]', NULL),
(46, 46, 'en', NULL, '[]', NULL),
(47, 47, 'en', NULL, '[]', NULL),
(48, 48, 'en', NULL, '[]', NULL),
(49, 49, 'en', NULL, '[]', NULL),
(50, 50, 'en', NULL, '[]', NULL),
(51, 51, 'en', NULL, '[]', NULL),
(52, 52, 'en', NULL, '[]', NULL),
(53, 53, 'en', NULL, '[]', NULL),
(54, 54, 'en', NULL, '[]', NULL),
(55, 55, 'en', NULL, '[]', NULL),
(56, 56, 'en', NULL, '[]', NULL),
(57, 57, 'en', NULL, '[]', NULL),
(58, 58, 'en', NULL, '[]', NULL),
(59, 59, 'en', NULL, '[]', NULL),
(60, 60, 'en', NULL, '[]', NULL),
(61, 61, 'en', NULL, '[]', NULL),
(62, 62, 'en', NULL, '[]', NULL),
(63, 63, 'en', NULL, '[]', NULL),
(64, 64, 'en', NULL, '[]', NULL),
(65, 65, 'en', NULL, '[]', NULL),
(66, 66, 'en', NULL, '[]', NULL),
(67, 67, 'en', NULL, '[]', NULL),
(68, 68, 'en', NULL, '[]', NULL),
(69, 69, 'en', NULL, '[]', NULL),
(70, 70, 'en', NULL, '[]', NULL),
(71, 71, 'en', 'almohada rubi chaide y chaide', '[\"almohada\",\"chaideychaide\"]', 'Almohada chaide y chayde, mas confort para el descanso profundo.'),
(72, 72, 'en', NULL, '[]', NULL),
(73, 73, 'en', NULL, '[]', NULL),
(74, 74, 'en', NULL, '[]', NULL),
(75, 75, 'en', NULL, '[]', NULL),
(76, 76, 'en', NULL, '[]', NULL),
(77, 77, 'en', NULL, '[]', NULL),
(78, 78, 'en', NULL, '[]', NULL),
(79, 79, 'en', NULL, '[]', NULL),
(80, 80, 'en', NULL, '[]', NULL),
(81, 81, 'en', NULL, '[]', NULL),
(82, 82, 'en', NULL, '[]', NULL),
(83, 83, 'en', NULL, '[]', NULL),
(84, 84, 'en', NULL, '[]', NULL),
(85, 85, 'en', NULL, '[]', NULL),
(86, 86, 'en', NULL, '[]', NULL),
(87, 87, 'en', NULL, '[]', NULL),
(88, 88, 'en', NULL, '[]', NULL),
(89, 89, 'en', NULL, '[]', NULL),
(90, 90, 'en', NULL, '[]', NULL),
(91, 91, 'en', NULL, '[]', NULL),
(92, 92, 'en', NULL, '[]', NULL),
(93, 93, 'en', NULL, '[]', NULL),
(94, 94, 'en', NULL, '[]', NULL),
(95, 95, 'en', NULL, '[]', NULL),
(96, 96, 'en', NULL, '[]', NULL),
(97, 97, 'en', NULL, '[]', NULL),
(98, 98, 'en', NULL, '[]', NULL),
(99, 99, 'en', NULL, '[]', NULL),
(100, 100, 'en', NULL, '[]', NULL),
(101, 101, 'en', NULL, '[]', NULL),
(102, 102, 'en', NULL, '[]', NULL),
(103, 103, 'en', NULL, '[]', NULL),
(104, 104, 'en', NULL, '[]', NULL),
(105, 105, 'en', NULL, '[]', NULL),
(106, 106, 'en', NULL, '[]', NULL),
(107, 107, 'en', NULL, '[]', NULL),
(108, 108, 'en', NULL, '[]', NULL),
(109, 109, 'en', NULL, '[]', NULL),
(110, 110, 'en', NULL, '[]', NULL),
(111, 111, 'en', NULL, '[]', NULL),
(112, 112, 'en', NULL, '[]', NULL),
(113, 113, 'en', NULL, '[]', NULL),
(114, 114, 'en', NULL, '[]', NULL),
(115, 115, 'en', NULL, '[]', NULL),
(116, 116, 'en', NULL, '[]', NULL);

-- --------------------------------------------------------

--
-- Estructura de tabla para la tabla `migrations`
--

CREATE TABLE `migrations` (
  `id` int(10) UNSIGNED NOT NULL,
  `migration` varchar(191) COLLATE utf8mb4_unicode_ci NOT NULL,
  `batch` int(11) NOT NULL
) ENGINE=InnoDB DEFAULT CHARSET=utf8mb4 COLLATE=utf8mb4_unicode_ci;

--
-- Volcado de datos para la tabla `migrations`
--

INSERT INTO `migrations` (`id`, `migration`, `batch`) VALUES
(1, '2014_07_02_230147_migration_cartalyst_sentinel', 1),
(2, '2014_10_14_200250_create_settings_table', 1),
(3, '2014_10_26_162751_create_files_table', 1),
(4, '2014_10_30_191858_create_pages_table', 1),
(5, '2014_11_31_125848_create_page_translations_table', 1),
(6, '2015_02_27_105241_create_entity_files_table', 1),
(7, '2015_11_20_184604486385_create_translations_table', 1),
(8, '2015_11_20_184604743083_create_translation_translations_table', 1),
(9, '2017_05_29_155126144426_create_products_table', 1),
(10, '2017_05_30_155126416338_create_product_translations_table', 1),
(11, '2017_08_02_153217_create_options_table', 1),
(12, '2017_08_02_153348_create_option_translations_table', 1),
(13, '2017_08_02_153406_create_option_values_table', 1),
(14, '2017_08_02_153736_create_option_value_translations_table', 1),
(15, '2017_08_03_156576_create_product_options_table', 1),
(16, '2017_08_17_170128_create_related_products_table', 1),
(17, '2017_08_17_175236_create_up_sell_products_table', 1),
(18, '2017_08_17_175828_create_cross_sell_products_table', 1),
(19, '2017_11_09_141332910964_create_categories_table', 1),
(20, '2017_11_09_141332931539_create_category_translations_table', 1),
(21, '2017_11_26_083614526622_create_meta_data_table', 1),
(22, '2017_11_26_083614526828_create_meta_data_translations_table', 1),
(23, '2018_01_24_125642_create_product_categories_table', 1),
(24, '2018_02_04_150917488267_create_coupons_table', 1),
(25, '2018_02_04_150917488698_create_coupon_translations_table', 1),
(26, '2018_03_11_181317_create_coupon_products_table', 1),
(27, '2018_03_15_091937_create_coupon_categories_table', 1),
(28, '2018_04_18_154028776225_create_reviews_table', 1),
(29, '2018_05_17_115822452977_create_currency_rates_table', 1),
(30, '2018_07_03_124153537506_create_sliders_table', 1),
(31, '2018_07_03_124153537695_create_slider_translations_table', 1),
(32, '2018_07_03_133107770172_create_slider_slides_table', 1),
(33, '2018_07_03_133107770486_create_slider_slide_translations_table', 1),
(34, '2018_07_28_190524758357_create_attribute_sets_table', 1),
(35, '2018_07_28_190524758497_create_attribute_set_translations_table', 1),
(36, '2018_07_28_190524758646_create_attributes_table', 1),
(37, '2018_07_28_190524758877_create_attribute_translations_table', 1),
(38, '2018_07_28_190524759461_create_product_attributes_table', 1),
(39, '2018_08_01_001919718631_create_tax_classes_table', 1),
(40, '2018_08_01_001919718935_create_tax_class_translations_table', 1),
(41, '2018_08_01_001919723551_create_tax_rates_table', 1),
(42, '2018_08_01_001919723781_create_tax_rate_translations_table', 1),
(43, '2018_08_03_195922206748_create_attribute_values_table', 1),
(44, '2018_08_03_195922207019_create_attribute_value_translations_table', 1),
(45, '2018_08_04_190524764275_create_product_attribute_values_table', 1),
(46, '2018_08_07_135631306565_create_orders_table', 1),
(47, '2018_08_07_135631309451_create_order_products_table', 1),
(48, '2018_08_07_135631309512_create_order_product_options_table', 1),
(49, '2018_08_07_135631309624_create_order_product_option_values_table', 1),
(50, '2018_09_11_213926106353_create_transactions_table', 1),
(51, '2018_09_19_081602135631_create_order_taxes_table', 1),
(52, '2018_09_19_103745_create_setting_translations_table', 1),
(53, '2018_10_01_224852175056_create_wish_lists_table', 1),
(54, '2018_10_04_185608_create_search_terms_table', 1),
(55, '2018_11_03_160015_create_menus_table', 1),
(56, '2018_11_03_160138_create_menu_translations_table', 1),
(57, '2018_11_03_160753_create_menu_items_table', 1),
(58, '2018_11_03_160804_create_menu_item_translation_table', 1),
(59, '2019_02_05_162605_add_position_to_slider_slides_table', 1),
(60, '2019_02_09_164343_remove_file_id_from_slider_slides_table', 1),
(61, '2019_02_09_164434_add_file_id_to_slider_slide_translations_table', 1),
(62, '2019_02_14_103408_create_attribute_categories_table', 1);

-- --------------------------------------------------------

--
-- Estructura de tabla para la tabla `options`
--

CREATE TABLE `options` (
  `id` int(10) UNSIGNED NOT NULL,
  `type` varchar(191) COLLATE utf8mb4_unicode_ci NOT NULL,
  `is_required` tinyint(1) NOT NULL,
  `is_global` tinyint(1) NOT NULL DEFAULT 1,
  `position` int(10) UNSIGNED DEFAULT NULL,
  `deleted_at` timestamp NULL DEFAULT NULL,
  `created_at` timestamp NULL DEFAULT NULL,
  `updated_at` timestamp NULL DEFAULT NULL
) ENGINE=InnoDB DEFAULT CHARSET=utf8mb4 COLLATE=utf8mb4_unicode_ci;

--
-- Volcado de datos para la tabla `options`
--

INSERT INTO `options` (`id`, `type`, `is_required`, `is_global`, `position`, `deleted_at`, `created_at`, `updated_at`) VALUES
(1, 'radio', 1, 0, 0, NULL, '2019-09-05 22:06:40', '2019-09-17 15:26:43'),
(2, 'radio', 1, 0, 1, NULL, '2019-09-05 22:32:37', '2019-09-06 23:05:37'),
(3, 'radio', 1, 0, 0, NULL, '2019-09-05 23:19:05', '2020-07-15 23:39:20'),
(4, 'radio', 0, 0, 0, NULL, '2019-09-06 01:30:56', '2020-01-13 12:17:16'),
(5, 'radio', 1, 0, 0, NULL, '2019-09-06 02:05:35', '2019-09-06 23:07:28'),
(6, 'radio', 1, 0, 0, NULL, '2019-09-06 16:50:03', '2019-09-06 23:07:48'),
(7, 'radio', 1, 0, 1, NULL, '2019-09-06 16:50:03', '2019-09-06 23:07:48'),
(8, 'radio', 1, 0, 0, NULL, '2019-09-06 17:02:59', '2019-09-06 23:05:12'),
(9, 'radio', 1, 0, 0, NULL, '2019-09-06 17:25:05', '2019-09-06 23:11:48'),
(10, 'radio', 1, 0, 0, NULL, '2019-09-06 17:43:21', '2019-09-06 23:15:08'),
(11, 'radio', 1, 0, 0, NULL, '2019-09-06 18:57:51', '2019-09-11 21:03:42'),
(12, 'radio', 1, 0, 0, NULL, '2019-09-06 23:26:18', '2019-09-06 23:26:18'),
(13, 'radio', 1, 0, 0, NULL, '2020-01-13 09:49:48', '2020-01-13 09:49:48'),
(14, 'radio', 1, 0, 0, NULL, '2020-01-13 13:01:22', '2020-01-13 13:01:22'),
(15, 'radio', 1, 0, 0, NULL, '2020-01-13 13:13:09', '2020-01-13 13:13:09'),
(16, 'radio', 1, 0, 0, NULL, '2020-01-13 13:30:40', '2020-01-13 13:30:40'),
(17, 'radio', 1, 0, 0, NULL, '2020-01-13 14:22:00', '2020-01-13 14:22:00'),
(18, 'radio', 1, 0, 0, NULL, '2020-01-14 11:09:08', '2020-01-14 11:09:08'),
(19, 'radio', 1, 0, 0, NULL, '2020-01-15 09:24:09', '2020-01-15 09:24:09'),
(20, 'radio', 1, 0, 0, NULL, '2020-01-15 09:30:17', '2020-01-15 09:30:17'),
(21, 'radio', 1, 0, 0, NULL, '2020-01-15 09:48:41', '2020-01-15 09:48:41'),
(22, 'radio', 1, 0, 0, NULL, '2020-01-15 10:00:02', '2020-01-15 10:00:02'),
(23, 'radio', 1, 0, 0, NULL, '2020-01-15 10:49:58', '2020-01-15 10:49:58'),
(24, 'radio', 1, 0, 0, NULL, '2020-01-15 11:31:02', '2020-01-15 11:31:02'),
(25, 'radio', 1, 0, 0, NULL, '2020-01-15 12:00:04', '2020-01-15 12:00:04'),
(26, 'radio', 1, 0, 0, NULL, '2020-01-15 13:26:24', '2020-01-15 13:26:24'),
(27, 'radio', 1, 0, 0, NULL, '2020-01-15 16:13:14', '2020-01-15 16:13:14'),
(28, 'radio', 1, 0, 0, NULL, '2020-01-15 17:15:46', '2020-01-15 17:15:46'),
(29, 'radio', 1, 0, 0, NULL, '2020-01-15 17:41:01', '2020-01-15 17:41:01'),
(30, 'radio', 1, 0, 0, NULL, '2020-01-16 09:24:59', '2020-01-16 09:24:59'),
(31, 'radio', 1, 0, 1, NULL, '2020-01-16 13:19:11', '2020-01-16 13:19:11'),
(32, 'radio', 1, 0, 1, NULL, '2020-01-16 13:24:48', '2020-01-16 13:24:48'),
(33, 'radio', 1, 0, 1, NULL, '2020-01-16 13:35:51', '2020-01-16 13:35:51'),
(34, 'radio', 1, 0, 0, NULL, '2020-01-16 14:27:27', '2020-01-16 14:27:27'),
(35, 'radio', 1, 0, 0, NULL, '2020-01-16 16:55:14', '2020-01-16 16:55:14'),
(36, 'radio', 1, 0, 0, NULL, '2020-01-20 09:21:02', '2020-01-20 09:21:02'),
(37, 'radio', 1, 0, 0, NULL, '2020-01-20 10:17:31', '2020-01-20 10:17:31'),
(38, 'radio', 1, 0, 0, NULL, '2020-01-20 16:26:46', '2020-01-20 16:26:46'),
(39, 'radio', 0, 0, 1, NULL, '2020-01-21 09:35:41', '2020-01-21 09:35:41'),
(40, 'radio', 1, 0, 1, NULL, '2020-01-21 09:37:40', '2020-01-21 09:37:40'),
(41, 'radio', 1, 0, 1, NULL, '2020-01-21 09:39:59', '2020-01-21 09:39:59'),
(42, 'radio', 1, 0, 1, NULL, '2020-01-21 09:40:28', '2020-01-21 09:40:28'),
(43, 'radio', 1, 0, 1, NULL, '2020-01-21 09:41:44', '2020-01-21 09:41:44'),
(44, 'radio', 1, 0, 1, NULL, '2020-01-21 09:42:15', '2020-01-21 09:42:15'),
(45, 'radio', 1, 0, 1, NULL, '2020-01-21 09:42:34', '2020-01-21 09:42:34'),
(46, 'radio', 1, 0, 1, NULL, '2020-01-21 13:50:16', '2020-08-04 22:54:12'),
(47, 'radio', 1, 0, 0, NULL, '2020-01-21 16:40:40', '2020-01-21 16:40:40'),
(48, 'radio', 1, 0, 0, NULL, '2020-01-21 16:53:26', '2020-01-21 16:53:26'),
(49, 'radio', 1, 0, 0, NULL, '2020-01-22 14:26:00', '2020-01-22 14:26:00'),
(50, 'radio', 1, 0, 0, NULL, '2020-01-22 15:51:29', '2020-01-22 15:51:29'),
(51, 'radio', 1, 0, 0, NULL, '2020-01-22 16:14:34', '2020-01-22 16:14:34'),
(52, 'radio', 1, 0, 0, NULL, '2020-01-22 16:42:53', '2020-01-22 16:42:53'),
(53, 'radio', 1, 0, 1, NULL, '2020-01-22 16:42:53', '2020-01-22 16:42:53'),
(54, 'radio', 1, 0, 0, NULL, '2020-01-22 17:09:48', '2020-01-22 17:09:48'),
(55, 'radio', 1, 0, 1, NULL, '2020-01-22 17:09:48', '2020-01-22 17:09:48'),
(56, 'radio', 1, 0, 0, NULL, '2020-01-22 17:18:30', '2020-01-22 17:18:30'),
(57, 'radio', 1, 0, 1, NULL, '2020-01-22 17:18:30', '2020-01-22 17:18:30'),
(58, 'radio', 1, 0, 2, NULL, '2020-01-22 17:21:51', '2020-01-22 17:21:51'),
(59, 'radio', 1, 0, 3, NULL, '2020-01-22 17:21:51', '2020-01-22 17:21:51'),
(60, 'radio', 1, 0, 2, NULL, '2020-01-22 17:25:47', '2020-01-22 17:25:47'),
(61, 'radio', 1, 0, 2, NULL, '2020-01-22 17:26:27', '2020-01-22 17:26:27'),
(62, 'radio', 1, 0, 0, NULL, '2020-01-22 17:38:48', '2020-01-22 17:38:48'),
(63, 'radio', 1, 0, 1, NULL, '2020-01-22 17:38:48', '2020-01-22 17:38:48'),
(64, 'radio', 1, 0, 2, NULL, '2020-01-22 17:38:48', '2020-01-22 17:38:48'),
(65, 'radio', 1, 0, 3, NULL, '2020-01-22 17:38:48', '2020-01-22 17:38:48'),
(66, 'radio', 1, 0, 0, NULL, '2020-01-23 10:27:57', '2020-01-23 10:27:57'),
(67, 'radio', 1, 0, 0, NULL, '2020-01-23 12:16:09', '2020-01-23 12:16:09'),
(68, 'radio', 1, 0, 0, NULL, '2020-01-23 13:00:10', '2020-01-23 13:00:10'),
(69, 'radio', 1, 0, 0, NULL, '2020-01-23 13:04:22', '2020-01-23 13:04:22'),
(70, 'radio', 1, 0, 0, NULL, '2020-01-24 09:59:12', '2020-01-24 09:59:12'),
(71, 'radio', 1, 0, 1, NULL, '2020-01-24 09:59:12', '2020-01-24 09:59:12'),
(72, 'radio', 1, 0, 0, NULL, '2020-01-24 11:46:14', '2020-01-24 11:46:14'),
(73, 'radio', 1, 0, 1, NULL, '2020-01-24 12:52:30', '2020-08-13 17:30:40'),
(74, 'radio', 1, 0, 0, NULL, '2020-01-24 13:59:57', '2020-01-24 13:59:57'),
(75, 'radio', 1, 0, 0, NULL, '2020-01-24 16:45:07', '2020-01-24 16:45:07'),
(76, 'radio', 1, 0, 0, NULL, '2020-01-24 16:57:46', '2020-01-24 16:57:46'),
(77, 'radio', 1, 0, 0, NULL, '2020-07-20 19:00:23', '2020-07-20 19:00:23'),
(78, 'radio', 1, 0, 0, NULL, '2020-07-20 22:14:11', '2020-07-20 22:14:11'),
(79, 'radio', 1, 0, 0, NULL, '2020-07-31 17:34:48', '2020-07-31 17:34:48'),
(80, 'radio', 1, 0, 0, NULL, '2020-07-31 18:39:33', '2020-07-31 18:39:33'),
(81, 'radio', 1, 0, 0, NULL, '2020-07-31 19:07:54', '2020-07-31 19:07:54'),
(82, 'radio', 1, 0, 0, NULL, '2020-07-31 19:38:35', '2020-07-31 19:38:35'),
(83, 'radio', 1, 0, 0, NULL, '2020-07-31 19:58:06', '2020-07-31 19:58:06'),
(84, 'radio', 1, 0, 0, NULL, '2020-08-03 23:12:42', '2020-08-03 23:12:42'),
(85, 'radio', 1, 0, 1, NULL, '2020-08-03 23:38:56', '2020-08-03 23:38:56'),
(86, 'radio', 1, 0, 0, NULL, '2020-08-04 00:22:37', '2020-08-04 00:22:37'),
(87, 'radio', 1, 0, 1, NULL, '2020-08-04 00:22:37', '2020-08-04 00:22:37'),
(88, 'radio', 1, 0, 0, NULL, '2020-08-04 00:49:00', '2020-08-04 00:49:00'),
(89, 'radio', 1, 0, 1, NULL, '2020-08-04 00:50:06', '2020-08-04 00:50:06'),
(90, 'radio', 1, 0, 0, NULL, '2020-08-04 17:16:42', '2020-08-04 17:16:42'),
(91, 'radio', 1, 0, 1, NULL, '2020-08-04 17:16:42', '2020-08-04 17:16:42'),
(92, 'radio', 1, 0, 0, NULL, '2020-08-04 18:46:44', '2020-08-04 18:46:44'),
(93, 'radio', 1, 0, 1, NULL, '2020-08-04 18:46:44', '2020-08-04 18:46:44'),
(94, 'radio', 1, 0, 0, NULL, '2020-08-04 22:54:12', '2020-08-04 22:54:12'),
(95, 'radio', 1, 0, 0, NULL, '2020-08-04 22:54:13', '2020-08-04 22:54:13'),
(96, 'radio', 1, 0, 0, NULL, '2020-08-05 17:24:34', '2020-08-05 17:24:34'),
(97, 'radio', 1, 0, 1, NULL, '2020-08-05 17:24:34', '2020-08-05 17:24:34'),
(98, 'radio', 1, 0, 0, NULL, '2020-08-07 00:02:55', '2020-08-07 00:02:55'),
(99, 'radio', 1, 0, 0, NULL, '2020-08-09 18:20:58', '2020-08-09 18:20:58'),
(100, 'radio', 1, 0, 1, NULL, '2020-08-11 18:01:15', '2020-08-11 18:01:15'),
(101, 'radio', 1, 0, 0, NULL, '2020-08-11 18:47:07', '2020-08-11 18:47:07'),
(102, 'radio', 1, 0, 1, NULL, '2020-08-11 18:47:07', '2020-08-11 18:47:07'),
(103, 'radio', 1, 0, 0, NULL, '2020-08-13 17:30:40', '2020-08-13 17:30:40'),
(104, 'radio', 1, 0, 0, NULL, '2020-08-14 14:47:23', '2020-08-14 14:47:23'),
(105, 'radio', 1, 0, 0, NULL, '2020-08-14 17:41:35', '2020-08-14 17:41:35'),
(106, 'radio', 1, 0, 0, NULL, '2020-08-17 17:35:39', '2020-08-17 17:35:39'),
(107, 'radio', 1, 0, 0, NULL, '2020-08-17 17:54:03', '2020-08-17 17:54:03'),
(108, 'radio', 1, 0, 0, NULL, '2020-08-17 18:05:54', '2020-08-17 18:05:54'),
(109, 'radio', 1, 0, 0, NULL, '2020-08-17 18:28:00', '2020-08-17 18:28:00'),
(110, 'radio', 1, 0, 0, NULL, '2020-08-17 18:42:37', '2020-08-17 18:42:37'),
(111, 'radio', 1, 0, 0, NULL, '2020-08-17 18:57:47', '2020-08-17 18:57:47'),
(112, 'radio', 1, 0, 0, NULL, '2020-08-17 23:22:22', '2020-08-17 23:22:22'),
(113, 'radio', 1, 0, 0, NULL, '2020-08-18 21:35:07', '2020-08-18 21:35:07'),
(114, 'radio', 1, 0, 0, NULL, '2020-09-07 20:42:02', '2020-09-07 20:42:02'),
(115, 'radio', 1, 0, 0, NULL, '2020-09-08 00:01:38', '2020-09-08 00:01:38'),
(116, 'radio', 1, 0, 0, NULL, '2020-09-08 00:05:09', '2020-09-08 00:05:09'),
(117, 'radio', 1, 0, 0, NULL, '2020-09-08 15:17:54', '2020-09-08 15:17:54'),
(118, 'radio', 1, 0, 0, NULL, '2020-09-08 15:40:33', '2020-09-08 15:40:33'),
(119, 'radio', 1, 0, 0, NULL, '2020-09-08 22:15:05', '2020-09-08 22:15:05'),
(120, 'radio', 1, 0, 0, NULL, '2020-09-08 22:38:32', '2020-09-08 22:38:32'),
(121, 'radio', 1, 0, 0, NULL, '2020-09-08 22:58:00', '2020-09-08 22:58:00'),
(122, 'radio', 1, 0, 0, NULL, '2020-09-08 23:21:24', '2020-09-08 23:21:24'),
(123, 'radio', 1, 0, 0, NULL, '2020-09-08 23:36:08', '2020-09-08 23:36:08'),
(124, 'radio', 1, 0, 0, NULL, '2020-09-09 00:00:52', '2020-09-09 00:00:52'),
(125, 'radio', 1, 0, 0, NULL, '2020-09-23 23:03:00', '2020-09-23 23:03:00'),
(126, 'radio', 1, 0, 0, NULL, '2020-09-23 23:52:30', '2020-09-23 23:52:30'),
(127, 'radio', 1, 0, 0, NULL, '2020-09-24 17:30:50', '2020-09-24 17:30:50'),
(128, 'radio', 0, 0, 0, NULL, '2020-09-25 23:40:23', '2020-09-25 23:40:23');

-- --------------------------------------------------------

--
-- Estructura de tabla para la tabla `option_translations`
--

CREATE TABLE `option_translations` (
  `id` int(10) UNSIGNED NOT NULL,
  `option_id` int(10) UNSIGNED NOT NULL,
  `locale` varchar(191) COLLATE utf8mb4_unicode_ci NOT NULL,
  `name` varchar(191) COLLATE utf8mb4_unicode_ci NOT NULL
) ENGINE=InnoDB DEFAULT CHARSET=utf8mb4 COLLATE=utf8mb4_unicode_ci;

--
-- Volcado de datos para la tabla `option_translations`
--

INSERT INTO `option_translations` (`id`, `option_id`, `locale`, `name`) VALUES
(1, 1, 'en', 'Plazas'),
(2, 2, 'en', 'Color'),
(3, 3, 'en', 'Plazas'),
(4, 4, 'en', 'Plazas'),
(5, 5, 'en', 'Plazas'),
(6, 6, 'en', 'Plazas'),
(7, 7, 'en', 'Color'),
(8, 8, 'en', 'Plazas'),
(9, 9, 'en', 'Plazas'),
(10, 10, 'en', 'Plazas'),
(11, 11, 'en', 'Plazas'),
(12, 12, 'en', 'Plazas'),
(13, 13, 'en', 'Plazas'),
(14, 14, 'en', 'Plazas'),
(15, 15, 'en', 'Plazas'),
(16, 16, 'en', 'Plazas'),
(17, 17, 'en', 'Plazas'),
(18, 18, 'en', 'Plazas'),
(19, 19, 'en', 'Plazas'),
(20, 20, 'en', 'Plazas'),
(21, 21, 'en', 'Plazas'),
(22, 22, 'en', 'Plazas'),
(23, 23, 'en', 'Plazas'),
(24, 24, 'en', 'Plazas'),
(25, 25, 'en', 'Plazas'),
(26, 26, 'en', 'Plazas'),
(27, 27, 'en', 'Plazas'),
(28, 28, 'en', 'Plazas'),
(29, 29, 'en', 'Plazas'),
(30, 30, 'en', 'Plazas'),
(31, 31, 'en', 'Color'),
(32, 32, 'en', 'Color'),
(33, 33, 'en', 'Color'),
(34, 34, 'en', 'Plazas'),
(35, 35, 'en', 'Plazas'),
(36, 36, 'en', 'Plazas'),
(37, 37, 'en', 'Plazas'),
(38, 38, 'en', 'Plazas'),
(39, 39, 'en', 'Color'),
(40, 40, 'en', 'Color'),
(41, 41, 'en', 'Color'),
(42, 42, 'en', 'Color'),
(43, 43, 'en', 'Color'),
(44, 44, 'en', 'Color'),
(45, 45, 'en', 'Color'),
(46, 46, 'en', 'color'),
(47, 47, 'en', 'color'),
(48, 48, 'en', 'color'),
(49, 49, 'en', 'color'),
(50, 50, 'en', 'Color'),
(51, 51, 'en', 'Color'),
(52, 52, 'en', 'Sillas'),
(53, 53, 'en', 'Color Asientos'),
(54, 54, 'en', 'Sillas'),
(55, 55, 'en', 'Color Asiento'),
(56, 56, 'en', 'Sillas'),
(57, 57, 'en', 'Color Asiento'),
(58, 58, 'en', 'Color de Madera'),
(59, 59, 'en', 'Mesa'),
(60, 60, 'en', 'Color Madrea'),
(61, 61, 'en', 'Color Madera'),
(62, 62, 'en', 'Sillas'),
(63, 63, 'en', 'Color Asiento'),
(64, 64, 'en', 'Color Madera'),
(65, 65, 'en', 'Mesa'),
(66, 66, 'en', 'Color'),
(67, 67, 'en', 'Color'),
(68, 68, 'en', 'Color'),
(69, 69, 'en', 'Color'),
(70, 70, 'en', 'Plazas'),
(71, 71, 'en', 'Color'),
(72, 72, 'en', 'Plazas'),
(73, 73, 'en', 'Color'),
(74, 74, 'en', 'Plazas'),
(75, 75, 'en', 'Aroma'),
(76, 76, 'en', 'Aroma'),
(77, 77, 'en', 'Plazas'),
(78, 78, 'en', 'Plazas'),
(79, 79, 'en', 'Plazas'),
(80, 80, 'en', 'Plazas'),
(81, 81, 'en', 'Plazas'),
(82, 82, 'en', 'Plazas'),
(83, 83, 'en', 'Plazas'),
(84, 84, 'en', 'Plazas'),
(85, 85, 'en', 'Color'),
(86, 86, 'en', 'Plazas'),
(87, 87, 'en', 'Color'),
(88, 88, 'en', 'Plazas'),
(89, 89, 'en', 'Color'),
(90, 90, 'en', 'Plazas'),
(91, 91, 'en', 'Color'),
(92, 92, 'en', 'Plazas'),
(93, 93, 'en', 'Color'),
(94, 94, 'en', 'Modelo'),
(95, 95, 'en', 'Modelo'),
(96, 96, 'en', 'Modelo'),
(97, 97, 'en', 'Color'),
(98, 98, 'en', 'Color'),
(99, 99, 'en', 'PLAZAS'),
(100, 100, 'en', 'Color'),
(101, 101, 'en', 'Plazas'),
(102, 102, 'en', 'Color'),
(103, 103, 'en', 'Plazas'),
(104, 104, 'en', 'Color'),
(105, 105, 'en', 'Combo'),
(106, 106, 'en', 'Color'),
(107, 107, 'en', 'Color'),
(108, 108, 'en', 'Color'),
(109, 109, 'en', 'Color'),
(110, 110, 'en', 'Color'),
(111, 111, 'en', 'Color'),
(112, 112, 'en', 'Color'),
(113, 113, 'en', 'Color'),
(114, 114, 'en', 'Plazas'),
(115, 115, 'en', 'Plazas'),
(116, 116, 'en', 'Plazas'),
(117, 117, 'en', 'Plazas'),
(118, 118, 'en', 'Plazas'),
(119, 119, 'en', 'Plazas'),
(120, 120, 'en', 'Plazas'),
(121, 121, 'en', 'Plazas'),
(122, 122, 'en', 'Plazas'),
(123, 123, 'en', 'Plazas'),
(124, 124, 'en', 'Plazas'),
(125, 125, 'en', 'Plazas'),
(126, 126, 'en', 'Plazas'),
(127, 127, 'en', 'Plazas'),
(128, 128, 'en', 'Color');

-- --------------------------------------------------------

--
-- Estructura de tabla para la tabla `option_values`
--

CREATE TABLE `option_values` (
  `id` int(10) UNSIGNED NOT NULL,
  `option_id` int(10) UNSIGNED NOT NULL,
  `price` decimal(18,4) UNSIGNED DEFAULT NULL,
  `price_type` varchar(10) COLLATE utf8mb4_unicode_ci NOT NULL,
  `position` int(10) UNSIGNED NOT NULL,
  `created_at` timestamp NULL DEFAULT NULL,
  `updated_at` timestamp NULL DEFAULT NULL
) ENGINE=InnoDB DEFAULT CHARSET=utf8mb4 COLLATE=utf8mb4_unicode_ci;

--
-- Volcado de datos para la tabla `option_values`
--

INSERT INTO `option_values` (`id`, `option_id`, `price`, `price_type`, `position`, `created_at`, `updated_at`) VALUES
(1, 1, NULL, 'fixed', 0, '2019-09-05 22:06:40', '2019-09-06 22:06:54'),
(3, 1, 50.0000, 'fixed', 1, '2019-09-05 22:29:17', '2020-09-22 18:59:50'),
(4, 1, 109.0000, 'fixed', 2, '2019-09-05 22:29:17', '2020-09-22 18:59:50'),
(5, 2, NULL, 'fixed', 0, '2019-09-05 22:32:37', '2019-09-05 22:32:37'),
(6, 2, NULL, 'fixed', 1, '2019-09-05 22:32:37', '2019-09-05 22:32:37'),
(7, 1, 191.0000, 'fixed', 3, '2019-09-05 22:42:29', '2020-09-22 18:59:50'),
(8, 3, NULL, 'fixed', 0, '2019-09-05 23:19:05', '2019-09-06 22:22:42'),
(9, 3, 53.0000, 'fixed', 1, '2019-09-05 23:19:05', '2020-09-22 18:57:36'),
(10, 3, 112.0000, 'fixed', 2, '2019-09-05 23:19:05', '2020-09-22 18:57:36'),
(11, 3, 195.0000, 'fixed', 3, '2019-09-05 23:19:05', '2020-09-22 18:57:36'),
(12, 4, NULL, 'fixed', 0, '2019-09-06 01:30:56', '2019-09-06 22:27:01'),
(13, 4, 48.0000, 'fixed', 1, '2019-09-06 01:30:56', '2020-09-22 19:01:47'),
(14, 4, 99.0000, 'fixed', 2, '2019-09-06 01:30:56', '2020-09-22 19:01:47'),
(15, 4, 174.0000, 'fixed', 3, '2019-09-06 01:30:56', '2020-09-22 19:01:47'),
(16, 5, 0.0000, 'fixed', 0, '2019-09-06 02:05:35', '2019-09-06 22:50:10'),
(24, 6, 0.0000, 'fixed', 0, '2019-09-06 16:50:03', '2019-09-06 22:54:29'),
(25, 6, 26.0000, 'fixed', 1, '2019-09-06 16:50:03', '2020-09-22 19:04:36'),
(26, 7, NULL, 'fixed', 0, '2019-09-06 16:50:03', '2019-09-06 16:50:03'),
(27, 7, NULL, 'fixed', 1, '2019-09-06 16:50:03', '2019-09-06 16:50:03'),
(28, 8, NULL, 'fixed', 0, '2019-09-06 17:02:59', '2020-01-13 10:54:37'),
(29, 8, 51.0000, 'fixed', 1, '2019-09-06 17:02:59', '2020-09-22 19:08:26'),
(30, 8, 102.0000, 'fixed', 2, '2019-09-06 17:02:59', '2020-09-22 19:08:27'),
(31, 8, 168.0000, 'fixed', 3, '2019-09-06 17:02:59', '2020-09-22 19:08:27'),
(32, 9, NULL, 'fixed', 0, '2019-09-06 17:25:05', '2019-09-06 23:11:48'),
(33, 9, 37.0000, 'fixed', 1, '2019-09-06 17:25:05', '2020-09-22 19:09:51'),
(34, 9, 82.0000, 'fixed', 2, '2019-09-06 17:25:05', '2020-09-22 19:09:51'),
(35, 10, 10.0000, 'fixed', 2, '2019-09-06 17:43:21', '2020-09-22 21:23:33'),
(36, 10, 28.0000, 'fixed', 3, '2019-09-06 17:43:21', '2020-09-22 21:23:33'),
(38, 11, NULL, 'fixed', 0, '2019-09-06 18:57:51', '2019-09-24 22:52:09'),
(39, 11, NULL, 'fixed', 1, '2019-09-06 18:57:51', '2019-09-24 22:52:09'),
(40, 11, NULL, 'fixed', 2, '2019-09-06 18:57:51', '2019-09-24 22:52:09'),
(41, 12, NULL, 'fixed', 0, '2019-09-06 23:26:18', '2019-09-06 23:26:18'),
(42, 12, NULL, 'fixed', 1, '2019-09-06 23:26:18', '2019-09-06 23:26:18'),
(43, 12, NULL, 'fixed', 2, '2019-09-06 23:26:18', '2019-09-06 23:26:18'),
(44, 12, NULL, 'fixed', 3, '2019-09-24 22:49:30', '2019-09-24 22:49:30'),
(45, 5, 22.0000, 'fixed', 2, '2019-09-25 00:25:34', '2020-01-16 13:24:48'),
(46, 5, 47.0000, 'fixed', 3, '2019-09-25 00:25:34', '2020-01-16 13:24:48'),
(47, 13, NULL, 'fixed', 0, '2020-01-13 09:49:48', '2020-01-13 09:49:48'),
(48, 13, 22.0000, 'fixed', 1, '2020-01-13 09:49:48', '2020-09-22 21:25:07'),
(49, 6, 93.0000, 'fixed', 2, '2020-01-13 11:13:50', '2020-09-22 19:04:36'),
(50, 5, 4.0000, 'fixed', 1, '2020-01-13 11:50:52', '2020-01-16 13:24:48'),
(51, 14, 0.0000, 'fixed', 0, '2020-01-13 13:01:22', '2020-01-13 13:01:22'),
(52, 14, 4.0000, 'fixed', 1, '2020-01-13 13:01:22', '2020-09-23 16:08:06'),
(53, 14, 15.0000, 'fixed', 2, '2020-01-13 13:01:22', '2020-09-23 16:08:06'),
(54, 14, 39.0000, 'fixed', 3, '2020-01-13 13:01:22', '2020-09-23 16:08:06'),
(56, 15, 0.0000, 'fixed', 0, '2020-01-13 13:13:09', '2020-09-23 18:07:56'),
(57, 15, 268.0000, 'fixed', 1, '2020-01-13 13:13:09', '2020-09-23 18:07:56'),
(58, 15, 778.0000, 'fixed', 2, '2020-01-13 13:13:09', '2020-09-23 18:07:56'),
(59, 16, 0.0000, 'fixed', 0, '2020-01-13 13:30:40', '2020-01-13 13:30:40'),
(60, 16, 59.0000, 'fixed', 1, '2020-01-13 13:30:40', '2020-09-16 00:05:22'),
(61, 16, 135.0000, 'fixed', 2, '2020-01-13 13:30:40', '2020-09-22 21:32:02'),
(62, 16, 242.0000, 'fixed', 3, '2020-01-13 13:30:40', '2020-09-22 21:32:02'),
(63, 17, 0.0000, 'fixed', 0, '2020-01-13 14:22:00', '2020-09-22 21:35:23'),
(64, 17, 29.0000, 'fixed', 1, '2020-01-13 14:22:00', '2020-09-22 21:35:23'),
(65, 18, 21.0000, 'fixed', 2, '2020-01-14 11:09:08', '2020-01-16 13:56:42'),
(66, 18, 46.2000, 'fixed', 3, '2020-01-14 11:09:08', '2020-01-16 13:56:42'),
(67, 19, 0.0000, 'fixed', 0, '2020-01-15 09:24:09', '2020-01-15 09:24:09'),
(68, 19, 39.2900, 'fixed', 1, '2020-01-15 09:24:09', '2020-08-24 18:50:12'),
(69, 19, 77.6800, 'fixed', 2, '2020-01-15 09:24:09', '2020-08-24 18:50:12'),
(70, 19, 156.2500, 'fixed', 3, '2020-01-15 09:24:09', '2020-08-24 18:50:12'),
(71, 20, 0.0000, 'fixed', 0, '2020-01-15 09:30:17', '2020-01-15 09:30:17'),
(72, 20, 39.2900, 'fixed', 1, '2020-01-15 09:30:17', '2020-08-24 18:53:03'),
(73, 20, 78.5700, 'fixed', 2, '2020-01-15 09:30:17', '2020-08-24 18:53:03'),
(74, 20, 156.2500, 'fixed', 3, '2020-01-15 09:30:17', '2020-08-24 18:53:03'),
(75, 21, 0.0000, 'fixed', 0, '2020-01-15 09:48:41', '2020-01-15 09:48:41'),
(76, 21, 44.0000, 'fixed', 1, '2020-01-15 09:48:41', '2020-09-02 15:52:42'),
(77, 21, 87.0000, 'fixed', 2, '2020-01-15 09:48:41', '2020-09-02 15:52:42'),
(78, 21, 219.0000, 'fixed', 3, '2020-01-15 09:48:41', '2020-09-02 15:52:42'),
(79, 22, 0.0000, 'fixed', 0, '2020-01-15 10:00:02', '2020-01-15 10:00:02'),
(80, 22, 326.0000, 'fixed', 1, '2020-01-15 10:00:02', '2020-09-16 00:09:36'),
(81, 22, 491.0000, 'fixed', 2, '2020-01-15 10:00:02', '2020-09-16 00:09:36'),
(82, 23, 0.0000, 'fixed', 0, '2020-01-15 10:49:58', '2020-01-15 10:49:58'),
(83, 23, 300.0000, 'fixed', 1, '2020-01-15 10:49:58', '2020-09-16 00:11:05'),
(84, 23, 450.0000, 'fixed', 2, '2020-01-15 10:49:59', '2020-09-16 00:11:05'),
(85, 24, 0.0000, 'fixed', 0, '2020-01-15 11:31:02', '2020-01-15 11:31:02'),
(86, 24, 94.0000, 'fixed', 1, '2020-01-15 11:31:02', '2020-09-16 00:13:13'),
(87, 24, 220.0000, 'fixed', 2, '2020-01-15 11:31:02', '2020-09-16 00:13:13'),
(88, 24, 374.0000, 'fixed', 3, '2020-01-15 11:31:02', '2020-09-16 00:13:13'),
(89, 25, 150.0000, 'fixed', 2, '2020-01-15 12:00:04', '2020-09-16 00:14:50'),
(90, 25, 280.0000, 'fixed', 3, '2020-01-15 12:00:04', '2020-09-16 00:14:50'),
(91, 26, 0.0000, 'fixed', 0, '2020-01-15 13:26:24', '2020-01-15 13:26:24'),
(92, 26, 284.0000, 'fixed', 1, '2020-01-15 13:26:24', '2020-09-16 00:16:17'),
(93, 26, 430.0000, 'fixed', 2, '2020-01-15 13:26:24', '2020-09-16 00:16:17'),
(94, 27, 18.0000, 'fixed', 1, '2020-01-15 16:13:14', '2020-09-22 22:07:57'),
(95, 27, 44.0000, 'fixed', 2, '2020-01-15 16:13:14', '2020-09-22 22:07:57'),
(96, 27, 106.0000, 'fixed', 3, '2020-01-15 16:13:14', '2020-09-22 22:07:57'),
(97, 28, 60.0000, 'fixed', 1, '2020-01-15 17:15:46', '2020-09-22 23:14:54'),
(98, 28, 80.0000, 'fixed', 2, '2020-01-15 17:15:46', '2020-09-22 23:14:54'),
(99, 28, 120.0000, 'fixed', 3, '2020-01-15 17:15:46', '2020-09-22 23:14:54'),
(100, 29, 0.0000, 'fixed', 0, '2020-01-15 17:41:01', '2020-01-15 17:41:01'),
(101, 29, 51.0000, 'fixed', 1, '2020-01-15 17:41:01', '2020-09-22 23:17:02'),
(102, 29, 97.0000, 'fixed', 2, '2020-01-15 17:41:01', '2020-09-22 23:17:02'),
(103, 30, 0.0000, 'fixed', 0, '2020-01-16 09:24:59', '2020-01-16 09:24:59'),
(104, 30, 80.0000, 'fixed', 1, '2020-01-16 09:24:59', '2020-09-22 23:21:13'),
(105, 30, 141.0000, 'fixed', 2, '2020-01-16 09:24:59', '2020-09-22 23:21:13'),
(106, 31, NULL, 'fixed', 0, '2020-01-16 13:19:12', '2020-01-16 13:19:12'),
(107, 31, NULL, 'fixed', 1, '2020-01-16 13:19:12', '2020-01-16 13:19:12'),
(108, 32, NULL, 'fixed', 0, '2020-01-16 13:24:48', '2020-01-16 13:24:48'),
(109, 32, NULL, 'fixed', 1, '2020-01-16 13:24:48', '2020-01-16 13:24:48'),
(110, 33, NULL, 'fixed', 0, '2020-01-16 13:35:51', '2020-01-16 13:35:51'),
(111, 33, NULL, 'fixed', 1, '2020-01-16 13:35:51', '2020-01-16 13:35:51'),
(112, 18, 0.0000, 'fixed', 0, '2020-01-16 13:56:42', '2020-01-16 13:56:42'),
(113, 18, 8.4000, 'fixed', 1, '2020-01-16 13:56:42', '2020-01-16 13:56:42'),
(114, 25, 60.0000, 'fixed', 1, '2020-01-16 14:09:54', '2020-09-16 00:14:50'),
(115, 27, 0.0000, 'fixed', 0, '2020-01-16 14:25:27', '2020-01-16 14:25:27'),
(116, 34, 0.0000, 'fixed', 0, '2020-01-16 14:27:27', '2020-01-16 14:27:27'),
(117, 34, 25.0000, 'fixed', 2, '2020-01-16 14:27:27', '2020-09-22 22:30:08'),
(118, 34, 36.0000, 'fixed', 3, '2020-01-16 14:27:27', '2020-09-22 22:30:08'),
(119, 28, 0.0000, 'fixed', 0, '2020-01-16 14:29:52', '2020-01-16 14:29:52'),
(120, 28, 140.0000, 'fixed', 4, '2020-01-16 14:29:52', '2020-09-22 23:14:54'),
(121, 35, 0.0000, 'fixed', 0, '2020-01-16 16:55:14', '2020-01-16 16:55:14'),
(122, 35, 80.0000, 'fixed', 1, '2020-01-16 16:55:14', '2020-09-22 23:18:40'),
(123, 35, 141.0000, 'fixed', 2, '2020-01-16 16:55:14', '2020-09-22 23:18:40'),
(124, 36, 0.0000, 'fixed', 0, '2020-01-20 09:21:02', '2020-01-20 09:21:02'),
(125, 36, 18.0000, 'fixed', 1, '2020-01-20 09:21:02', '2020-09-22 23:25:15'),
(126, 36, 60.0000, 'fixed', 2, '2020-01-20 09:21:02', '2020-09-22 23:25:15'),
(127, 36, 80.0000, 'fixed', 3, '2020-01-20 09:21:02', '2020-09-22 23:25:15'),
(128, 37, 0.0000, 'fixed', 0, '2020-01-20 10:17:31', '2020-01-20 10:17:31'),
(129, 37, 100.0000, 'fixed', 1, '2020-01-20 10:17:31', '2020-09-22 23:30:44'),
(130, 37, 201.0000, 'fixed', 2, '2020-01-20 10:17:31', '2020-09-22 23:30:44'),
(131, 38, 0.0000, 'fixed', 0, '2020-01-20 16:26:46', '2020-01-20 16:26:46'),
(132, 38, 80.0000, 'fixed', 1, '2020-01-20 16:26:46', '2020-09-22 23:33:23'),
(133, 38, 140.0000, 'fixed', 2, '2020-01-20 16:26:46', '2020-09-22 23:33:23'),
(134, 39, NULL, 'fixed', 0, '2020-01-21 09:35:41', '2020-01-21 09:35:41'),
(135, 39, NULL, 'fixed', 1, '2020-01-21 09:35:41', '2020-01-21 09:35:41'),
(136, 39, NULL, 'fixed', 2, '2020-01-21 09:35:41', '2020-01-21 09:35:41'),
(137, 40, NULL, 'fixed', 0, '2020-01-21 09:37:40', '2020-01-21 09:37:40'),
(138, 40, NULL, 'fixed', 1, '2020-01-21 09:37:40', '2020-01-21 09:37:40'),
(139, 40, NULL, 'fixed', 2, '2020-01-21 09:37:40', '2020-01-21 09:37:40'),
(140, 40, NULL, 'fixed', 3, '2020-01-21 09:37:40', '2020-01-21 09:37:40'),
(141, 40, NULL, 'fixed', 4, '2020-01-21 09:37:40', '2020-01-21 09:37:40'),
(142, 40, NULL, 'fixed', 5, '2020-01-21 09:37:40', '2020-01-21 09:37:40'),
(143, 41, NULL, 'fixed', 0, '2020-01-21 09:39:59', '2020-01-21 09:39:59'),
(144, 41, NULL, 'fixed', 1, '2020-01-21 09:39:59', '2020-01-21 09:39:59'),
(145, 41, NULL, 'fixed', 2, '2020-01-21 09:39:59', '2020-01-21 09:39:59'),
(146, 41, NULL, 'fixed', 3, '2020-01-21 09:39:59', '2020-01-21 09:39:59'),
(147, 41, NULL, 'fixed', 4, '2020-01-21 09:39:59', '2020-01-21 09:39:59'),
(148, 41, NULL, 'fixed', 5, '2020-01-21 09:39:59', '2020-01-21 09:39:59'),
(149, 42, NULL, 'fixed', 0, '2020-01-21 09:40:28', '2020-01-21 09:40:28'),
(150, 42, NULL, 'fixed', 1, '2020-01-21 09:40:28', '2020-01-21 09:40:28'),
(151, 42, NULL, 'fixed', 2, '2020-01-21 09:40:28', '2020-01-21 09:40:28'),
(152, 43, NULL, 'fixed', 0, '2020-01-21 09:41:44', '2020-01-21 09:41:44'),
(153, 43, NULL, 'fixed', 1, '2020-01-21 09:41:44', '2020-01-21 09:41:44'),
(154, 43, NULL, 'fixed', 2, '2020-01-21 09:41:44', '2020-01-21 09:41:44'),
(155, 43, NULL, 'fixed', 3, '2020-01-21 09:41:44', '2020-01-21 09:41:44'),
(156, 43, NULL, 'fixed', 4, '2020-01-21 09:41:44', '2020-01-21 09:41:44'),
(157, 43, NULL, 'fixed', 5, '2020-01-21 09:41:44', '2020-01-21 09:41:44'),
(158, 44, NULL, 'fixed', 0, '2020-01-21 09:42:15', '2020-01-21 09:42:15'),
(159, 44, NULL, 'fixed', 1, '2020-01-21 09:42:15', '2020-01-21 09:42:15'),
(160, 45, NULL, 'fixed', 0, '2020-01-21 09:42:34', '2020-01-21 09:42:34'),
(161, 45, NULL, 'fixed', 1, '2020-01-21 09:42:34', '2020-01-21 09:42:34'),
(162, 46, NULL, 'fixed', 0, '2020-01-21 13:50:16', '2020-01-21 13:50:16'),
(163, 46, NULL, 'fixed', 1, '2020-01-21 13:50:16', '2020-01-21 13:50:16'),
(164, 46, NULL, 'fixed', 2, '2020-01-21 13:50:16', '2020-01-21 13:50:16'),
(165, 46, NULL, 'fixed', 3, '2020-01-21 13:50:16', '2020-01-21 13:50:16'),
(166, 46, NULL, 'fixed', 4, '2020-01-21 13:50:16', '2020-01-21 13:50:16'),
(167, 46, NULL, 'fixed', 5, '2020-01-21 13:50:16', '2020-01-21 13:50:16'),
(168, 46, NULL, 'fixed', 6, '2020-01-21 13:50:16', '2020-01-21 13:50:16'),
(169, 47, NULL, 'fixed', 0, '2020-01-21 16:40:40', '2020-01-21 16:40:40'),
(170, 47, NULL, 'fixed', 1, '2020-01-21 16:40:40', '2020-01-21 16:40:40'),
(171, 47, NULL, 'fixed', 2, '2020-01-21 16:40:40', '2020-01-21 16:40:40'),
(172, 47, NULL, 'fixed', 3, '2020-01-21 16:40:40', '2020-01-21 16:40:40'),
(173, 47, NULL, 'fixed', 4, '2020-01-21 16:40:40', '2020-01-21 16:40:40'),
(174, 47, NULL, 'fixed', 5, '2020-01-21 16:40:40', '2020-01-21 16:40:40'),
(175, 47, NULL, 'fixed', 6, '2020-01-21 16:40:40', '2020-01-21 16:40:40'),
(176, 47, NULL, 'fixed', 7, '2020-01-21 16:40:40', '2020-01-21 16:40:40'),
(177, 48, NULL, 'fixed', 0, '2020-01-21 16:53:26', '2020-01-21 16:53:26'),
(178, 48, NULL, 'fixed', 1, '2020-01-21 16:53:26', '2020-01-21 16:53:26'),
(179, 48, NULL, 'fixed', 2, '2020-01-21 16:53:26', '2020-01-21 16:53:26'),
(180, 48, NULL, 'fixed', 3, '2020-01-21 16:53:26', '2020-01-21 16:53:26'),
(181, 48, NULL, 'fixed', 4, '2020-01-21 16:53:26', '2020-01-21 16:53:26'),
(182, 48, NULL, 'fixed', 5, '2020-01-21 16:53:26', '2020-01-21 16:53:26'),
(183, 48, NULL, 'fixed', 6, '2020-01-21 16:53:26', '2020-01-21 16:53:26'),
(184, 48, NULL, 'fixed', 7, '2020-01-21 16:53:26', '2020-01-21 16:53:26'),
(185, 48, NULL, 'fixed', 8, '2020-01-21 16:53:26', '2020-01-21 16:53:26'),
(186, 49, NULL, 'fixed', 0, '2020-01-22 14:26:00', '2020-01-22 14:26:00'),
(187, 49, NULL, 'fixed', 1, '2020-01-22 14:26:00', '2020-01-22 14:26:00'),
(188, 49, NULL, 'fixed', 2, '2020-01-22 14:26:00', '2020-01-22 14:26:00'),
(189, 49, NULL, 'fixed', 3, '2020-01-22 14:26:00', '2020-01-22 14:26:00'),
(190, 49, NULL, 'fixed', 4, '2020-01-22 14:26:00', '2020-01-22 14:26:00'),
(191, 49, NULL, 'fixed', 5, '2020-01-22 14:26:00', '2020-01-22 14:26:00'),
(192, 49, NULL, 'fixed', 6, '2020-01-22 14:26:00', '2020-01-22 14:26:00'),
(193, 49, NULL, 'fixed', 7, '2020-01-22 14:26:00', '2020-01-22 14:26:00'),
(194, 49, NULL, 'fixed', 8, '2020-01-22 14:26:00', '2020-01-22 14:26:00'),
(195, 50, NULL, 'fixed', 0, '2020-01-22 15:51:29', '2020-01-22 15:51:29'),
(196, 50, NULL, 'fixed', 1, '2020-01-22 15:51:29', '2020-01-22 15:51:29'),
(197, 50, NULL, 'fixed', 2, '2020-01-22 15:51:29', '2020-01-22 15:51:29'),
(198, 50, NULL, 'fixed', 3, '2020-01-22 15:51:29', '2020-01-22 15:51:29'),
(199, 50, NULL, 'fixed', 4, '2020-01-22 15:51:29', '2020-01-22 15:51:29'),
(200, 50, NULL, 'fixed', 5, '2020-01-22 15:51:29', '2020-01-22 15:51:29'),
(201, 50, NULL, 'fixed', 6, '2020-01-22 15:51:29', '2020-01-22 15:51:29'),
(202, 50, NULL, 'fixed', 7, '2020-01-22 15:51:29', '2020-01-22 15:51:29'),
(203, 50, NULL, 'fixed', 8, '2020-01-22 15:51:29', '2020-01-22 15:51:29'),
(204, 51, NULL, 'fixed', 0, '2020-01-22 16:14:34', '2020-01-22 16:14:34'),
(205, 51, NULL, 'fixed', 1, '2020-01-22 16:14:34', '2020-01-22 16:14:34'),
(206, 51, NULL, 'fixed', 2, '2020-01-22 16:14:34', '2020-01-22 16:14:34'),
(207, 51, NULL, 'fixed', 3, '2020-01-22 16:14:34', '2020-01-22 16:14:34'),
(208, 51, NULL, 'fixed', 4, '2020-01-22 16:14:34', '2020-01-22 16:14:34'),
(209, 51, NULL, 'fixed', 5, '2020-01-22 16:14:34', '2020-01-22 16:14:34'),
(210, 51, NULL, 'fixed', 6, '2020-01-22 16:14:34', '2020-01-22 16:14:34'),
(211, 51, NULL, 'fixed', 7, '2020-01-22 16:14:34', '2020-01-22 16:14:34'),
(212, 51, NULL, 'fixed', 8, '2020-01-22 16:14:34', '2020-01-22 16:14:34'),
(213, 52, 0.0000, 'fixed', 0, '2020-01-22 16:42:53', '2020-01-22 16:42:53'),
(214, 52, 102.0000, 'fixed', 1, '2020-01-22 16:42:53', '2020-09-22 23:58:22'),
(215, 52, 230.0000, 'fixed', 2, '2020-01-22 16:42:53', '2020-09-22 23:58:22'),
(216, 53, NULL, 'fixed', 0, '2020-01-22 16:42:53', '2020-01-22 16:42:53'),
(217, 53, NULL, 'fixed', 1, '2020-01-22 16:42:53', '2020-01-22 16:42:53'),
(218, 53, NULL, 'fixed', 2, '2020-01-22 16:42:53', '2020-01-22 16:42:53'),
(219, 53, NULL, 'fixed', 3, '2020-01-22 16:42:53', '2020-01-22 16:42:53'),
(220, 54, 0.0000, 'fixed', 0, '2020-01-22 17:09:48', '2020-01-22 17:09:48'),
(221, 54, 170.0000, 'fixed', 1, '2020-01-22 17:09:48', '2020-09-23 00:01:00'),
(222, 54, 340.0000, 'fixed', 2, '2020-01-22 17:09:48', '2020-09-23 00:01:00'),
(223, 55, NULL, 'fixed', 0, '2020-01-22 17:09:48', '2020-01-22 17:09:48'),
(224, 55, NULL, 'fixed', 1, '2020-01-22 17:09:48', '2020-01-22 17:09:48'),
(225, 55, NULL, 'fixed', 2, '2020-01-22 17:09:48', '2020-01-22 17:09:48'),
(226, 55, NULL, 'fixed', 3, '2020-01-22 17:09:48', '2020-01-22 17:09:48'),
(228, 56, NULL, 'fixed', 0, '2020-01-22 17:18:30', '2020-08-07 01:11:27'),
(229, 57, NULL, 'fixed', 0, '2020-01-22 17:18:30', '2020-01-22 17:18:30'),
(230, 57, NULL, 'fixed', 1, '2020-01-22 17:18:30', '2020-01-22 17:18:30'),
(231, 57, NULL, 'fixed', 2, '2020-01-22 17:18:30', '2020-01-22 17:18:30'),
(232, 57, NULL, 'fixed', 3, '2020-01-22 17:18:30', '2020-01-22 17:18:30'),
(233, 57, NULL, 'fixed', 4, '2020-01-22 17:18:30', '2020-01-22 17:18:30'),
(234, 58, NULL, 'fixed', 0, '2020-01-22 17:21:51', '2020-01-22 17:21:51'),
(235, 58, NULL, 'fixed', 1, '2020-01-22 17:21:51', '2020-01-22 17:21:51'),
(236, 58, NULL, 'fixed', 2, '2020-01-22 17:21:51', '2020-01-22 17:21:51'),
(237, 59, NULL, 'fixed', 0, '2020-01-22 17:21:51', '2020-01-22 17:21:51'),
(238, 59, NULL, 'fixed', 1, '2020-01-22 17:21:51', '2020-01-22 17:21:51'),
(239, 60, NULL, 'fixed', 0, '2020-01-22 17:25:47', '2020-01-22 17:25:47'),
(240, 60, NULL, 'fixed', 1, '2020-01-22 17:25:47', '2020-01-22 17:25:47'),
(241, 60, NULL, 'fixed', 2, '2020-01-22 17:25:47', '2020-01-22 17:25:47'),
(242, 61, NULL, 'fixed', 0, '2020-01-22 17:26:27', '2020-01-22 17:26:27'),
(243, 61, NULL, 'fixed', 1, '2020-01-22 17:26:27', '2020-01-22 17:26:27'),
(244, 61, NULL, 'fixed', 2, '2020-01-22 17:26:27', '2020-01-22 17:26:27'),
(245, 62, 0.0000, 'fixed', 0, '2020-01-22 17:38:48', '2020-01-22 17:38:48'),
(246, 62, 340.0000, 'fixed', 1, '2020-01-22 17:38:48', '2020-09-23 00:03:02'),
(247, 63, NULL, 'fixed', 0, '2020-01-22 17:38:48', '2020-01-22 17:38:48'),
(248, 63, NULL, 'fixed', 1, '2020-01-22 17:38:48', '2020-01-22 17:38:48'),
(249, 63, NULL, 'fixed', 2, '2020-01-22 17:38:48', '2020-01-22 17:38:48'),
(250, 63, NULL, 'fixed', 3, '2020-01-22 17:38:48', '2020-01-22 17:38:48'),
(251, 63, NULL, 'fixed', 4, '2020-01-22 17:38:48', '2020-01-22 17:38:48'),
(252, 64, NULL, 'fixed', 0, '2020-01-22 17:38:48', '2020-01-22 17:38:48'),
(253, 64, NULL, 'fixed', 1, '2020-01-22 17:38:48', '2020-01-22 17:38:48'),
(254, 64, NULL, 'fixed', 2, '2020-01-22 17:38:48', '2020-01-22 17:38:48'),
(255, 65, NULL, 'fixed', 0, '2020-01-22 17:38:48', '2020-01-22 17:38:48'),
(256, 65, NULL, 'fixed', 1, '2020-01-22 17:38:48', '2020-01-22 17:38:48'),
(257, 66, NULL, 'fixed', 0, '2020-01-23 10:27:57', '2020-01-23 10:27:57'),
(258, 66, NULL, 'fixed', 1, '2020-01-23 10:27:57', '2020-01-23 10:27:57'),
(259, 66, NULL, 'fixed', 2, '2020-01-23 10:27:57', '2020-01-23 10:27:57'),
(260, 66, NULL, 'fixed', 3, '2020-01-23 10:27:57', '2020-01-23 10:27:57'),
(261, 67, NULL, 'fixed', 0, '2020-01-23 12:16:09', '2020-01-23 12:16:09'),
(262, 67, NULL, 'fixed', 1, '2020-01-23 12:16:09', '2020-01-23 12:16:09'),
(263, 67, NULL, 'fixed', 2, '2020-01-23 12:16:09', '2020-01-23 12:16:09'),
(264, 67, NULL, 'fixed', 3, '2020-01-23 12:16:09', '2020-01-23 12:16:09'),
(265, 68, NULL, 'fixed', 0, '2020-01-23 13:00:10', '2020-01-23 13:00:10'),
(266, 68, NULL, 'fixed', 1, '2020-01-23 13:00:10', '2020-01-23 13:00:10'),
(267, 68, NULL, 'fixed', 2, '2020-01-23 13:00:10', '2020-01-23 13:00:10'),
(268, 68, NULL, 'fixed', 3, '2020-01-23 13:00:10', '2020-01-23 13:00:10'),
(269, 69, NULL, 'fixed', 0, '2020-01-23 13:04:22', '2020-01-23 13:04:22'),
(270, 69, NULL, 'fixed', 1, '2020-01-23 13:04:22', '2020-01-23 13:04:22'),
(271, 69, NULL, 'fixed', 2, '2020-01-23 13:04:22', '2020-01-23 13:04:22'),
(272, 69, NULL, 'fixed', 3, '2020-01-23 13:04:22', '2020-01-23 13:04:22'),
(273, 70, 0.0000, 'fixed', 0, '2020-01-24 09:59:12', '2020-01-24 09:59:12'),
(274, 70, 18.0000, 'fixed', 1, '2020-01-24 09:59:12', '2020-01-24 11:48:56'),
(275, 70, 27.0000, 'fixed', 2, '2020-01-24 09:59:12', '2020-01-24 11:48:56'),
(276, 70, 99.0000, 'fixed', 3, '2020-01-24 09:59:12', '2020-01-24 11:48:56'),
(277, 70, 108.0000, 'fixed', 4, '2020-01-24 09:59:12', '2020-01-24 11:48:56'),
(278, 71, NULL, 'fixed', 0, '2020-01-24 09:59:12', '2020-01-24 09:59:12'),
(279, 71, NULL, 'fixed', 1, '2020-01-24 09:59:12', '2020-01-24 09:59:12'),
(280, 71, NULL, 'fixed', 2, '2020-01-24 09:59:12', '2020-01-24 09:59:12'),
(281, 71, NULL, 'fixed', 3, '2020-01-24 09:59:12', '2020-01-24 09:59:12'),
(282, 71, NULL, 'fixed', 4, '2020-01-24 09:59:12', '2020-01-24 09:59:12'),
(283, 72, 0.0000, 'fixed', 0, '2020-01-24 11:46:14', '2020-01-24 11:46:14'),
(284, 72, 57.0000, 'fixed', 1, '2020-01-24 11:46:14', '2020-09-23 14:42:49'),
(285, 72, 57.0000, 'fixed', 2, '2020-01-24 11:46:14', '2020-09-23 14:42:49'),
(286, 72, 85.0000, 'fixed', 3, '2020-01-24 11:46:14', '2020-09-23 14:42:49'),
(287, 72, 112.0000, 'fixed', 4, '2020-01-24 11:46:14', '2020-09-23 14:42:49'),
(288, 73, NULL, 'fixed', 0, '2020-01-24 12:52:30', '2020-01-24 12:52:30'),
(289, 73, NULL, 'fixed', 1, '2020-01-24 12:52:30', '2020-01-24 12:52:30'),
(290, 73, NULL, 'fixed', 2, '2020-01-24 12:52:30', '2020-01-24 12:52:30'),
(291, 73, NULL, 'fixed', 3, '2020-01-24 12:52:30', '2020-01-24 12:52:30'),
(292, 73, NULL, 'fixed', 4, '2020-01-24 12:52:30', '2020-01-24 12:52:30'),
(293, 74, 3.0000, 'fixed', 1, '2020-01-24 13:59:57', '2020-09-23 14:49:37'),
(294, 74, 8.0000, 'fixed', 2, '2020-01-24 13:59:57', '2020-09-23 14:49:37'),
(295, 75, NULL, 'fixed', 0, '2020-01-24 16:45:07', '2020-01-24 16:45:07'),
(296, 75, NULL, 'fixed', 1, '2020-01-24 16:45:07', '2020-01-24 16:45:07'),
(297, 76, NULL, 'fixed', 0, '2020-01-24 16:57:46', '2020-01-24 16:57:46'),
(298, 76, NULL, 'fixed', 1, '2020-01-24 16:57:46', '2020-01-24 16:57:46'),
(299, 77, 10.0000, 'fixed', 2, '2020-07-20 19:00:23', '2020-09-22 22:51:02'),
(300, 77, 22.0000, 'fixed', 3, '2020-07-20 19:00:23', '2020-09-22 22:51:02'),
(301, 78, 0.0000, 'fixed', 0, '2020-07-20 22:44:45', '2020-07-20 22:44:45'),
(302, 78, 26.0000, 'fixed', 1, '2020-07-20 22:44:45', '2020-09-22 22:53:33'),
(303, 78, 95.0000, 'fixed', 2, '2020-07-20 22:44:45', '2020-09-22 22:53:33'),
(304, 79, NULL, 'fixed', 0, '2020-07-31 17:34:48', '2020-07-31 17:34:48'),
(305, 79, 305.0000, 'fixed', 1, '2020-07-31 17:34:48', '2020-09-16 00:18:18'),
(306, 79, 680.0000, 'fixed', 2, '2020-07-31 17:34:48', '2020-09-16 00:18:18'),
(307, 80, 0.0000, 'fixed', 0, '2020-07-31 18:39:33', '2020-07-31 18:39:33'),
(308, 80, 354.0000, 'fixed', 1, '2020-07-31 18:39:33', '2020-09-22 23:03:38'),
(309, 80, 534.0000, 'fixed', 2, '2020-07-31 18:39:33', '2020-09-22 23:03:38'),
(310, 81, 0.0000, 'fixed', 0, '2020-07-31 19:07:54', '2020-07-31 19:07:54'),
(311, 81, 40.0000, 'fixed', 1, '2020-07-31 19:07:54', '2020-09-16 00:22:03'),
(312, 81, 219.0000, 'fixed', 2, '2020-07-31 19:07:54', '2020-09-16 00:22:03'),
(313, 82, 0.0000, 'fixed', 0, '2020-07-31 19:38:35', '2020-07-31 19:38:35'),
(314, 82, 56.0000, 'fixed', 1, '2020-07-31 19:38:35', '2020-09-22 23:08:06'),
(315, 82, 107.0000, 'fixed', 2, '2020-07-31 19:38:35', '2020-09-22 23:08:06'),
(316, 82, 179.0000, 'fixed', 3, '2020-07-31 19:38:35', '2020-09-22 23:08:06'),
(317, 83, 0.0000, 'fixed', 0, '2020-07-31 19:58:06', '2020-07-31 19:58:06'),
(318, 83, 326.0000, 'fixed', 1, '2020-07-31 19:58:07', '2020-09-16 00:25:19'),
(319, 83, 490.0000, 'fixed', 2, '2020-07-31 19:58:07', '2020-09-16 00:25:19'),
(320, 45, NULL, 'fixed', 2, '2020-08-01 00:00:42', '2020-08-01 00:00:42'),
(321, 45, NULL, 'fixed', 3, '2020-08-01 00:00:42', '2020-08-01 00:00:42'),
(322, 44, NULL, 'fixed', 2, '2020-08-03 16:17:17', '2020-08-03 16:17:17'),
(323, 44, NULL, 'fixed', 3, '2020-08-03 16:17:17', '2020-08-03 16:17:17'),
(324, 43, NULL, 'fixed', 6, '2020-08-03 18:10:26', '2020-08-03 18:10:26'),
(325, 42, NULL, 'fixed', 3, '2020-08-03 18:38:13', '2020-08-03 18:38:13'),
(326, 39, NULL, 'fixed', 3, '2020-08-03 19:04:36', '2020-08-03 19:04:36'),
(327, 39, NULL, 'fixed', 4, '2020-08-03 19:04:36', '2020-08-03 19:04:36'),
(328, 84, 0.0000, 'fixed', 0, '2020-08-03 23:12:42', '2020-08-03 23:12:42'),
(329, 84, 187.5000, 'fixed', 1, '2020-08-03 23:12:42', '2020-08-20 16:00:35'),
(330, 84, 573.2100, 'fixed', 2, '2020-08-03 23:12:42', '2020-08-20 16:00:35'),
(331, 85, NULL, 'fixed', 0, '2020-08-03 23:38:56', '2020-08-03 23:38:56'),
(332, 85, NULL, 'fixed', 1, '2020-08-03 23:38:56', '2020-08-03 23:38:56'),
(333, 85, NULL, 'fixed', 2, '2020-08-03 23:38:56', '2020-08-03 23:38:56'),
(334, 85, NULL, 'fixed', 3, '2020-08-03 23:38:56', '2020-08-03 23:38:56'),
(335, 85, NULL, 'fixed', 4, '2020-08-03 23:38:56', '2020-08-03 23:38:56'),
(336, 86, 35.0000, 'fixed', 1, '2020-08-04 00:22:37', '2020-09-23 17:54:23'),
(337, 86, 128.0000, 'fixed', 2, '2020-08-04 00:22:37', '2020-09-23 17:54:23'),
(338, 86, 188.0000, 'fixed', 3, '2020-08-04 00:22:37', '2020-09-23 17:54:23'),
(339, 87, NULL, 'fixed', 0, '2020-08-04 00:22:37', '2020-08-04 00:22:37'),
(340, 87, NULL, 'fixed', 1, '2020-08-04 00:22:37', '2020-08-04 00:22:37'),
(341, 87, NULL, 'fixed', 2, '2020-08-04 00:22:37', '2020-08-04 00:22:37'),
(342, 87, NULL, 'fixed', 3, '2020-08-04 00:22:37', '2020-08-04 00:22:37'),
(343, 87, NULL, 'fixed', 4, '2020-08-04 00:22:37', '2020-08-04 00:22:37'),
(344, 87, NULL, 'fixed', 5, '2020-08-04 00:22:37', '2020-08-04 00:22:37'),
(345, 88, 0.0000, 'fixed', 0, '2020-08-04 00:49:00', '2020-08-04 00:49:00'),
(346, 88, 13.0000, 'fixed', 1, '2020-08-04 00:49:00', '2020-09-23 18:04:20'),
(347, 88, 100.0000, 'fixed', 2, '2020-08-04 00:49:00', '2020-09-23 18:04:20'),
(348, 88, 201.0000, 'fixed', 3, '2020-08-04 00:49:00', '2020-09-23 18:04:20'),
(349, 89, NULL, 'fixed', 0, '2020-08-04 00:50:06', '2020-08-04 00:50:06'),
(350, 89, NULL, 'fixed', 1, '2020-08-04 00:50:06', '2020-08-04 00:50:06'),
(351, 89, NULL, 'fixed', 2, '2020-08-04 00:50:06', '2020-08-04 00:50:06'),
(352, 89, NULL, 'fixed', 3, '2020-08-04 00:50:06', '2020-08-04 00:50:06'),
(353, 89, NULL, 'fixed', 4, '2020-08-04 00:50:06', '2020-08-04 00:50:06'),
(354, 89, NULL, 'fixed', 5, '2020-08-04 00:50:06', '2020-08-04 00:50:06'),
(355, 90, 0.0000, 'fixed', 0, '2020-08-04 17:16:42', '2020-08-04 17:16:42'),
(356, 90, 268.0000, 'fixed', 1, '2020-08-04 17:16:42', '2020-09-23 18:10:29'),
(357, 90, 778.0000, 'fixed', 2, '2020-08-04 17:16:42', '2020-09-23 18:10:29'),
(358, 91, NULL, 'fixed', 0, '2020-08-04 17:16:42', '2020-08-04 17:16:42'),
(359, 91, NULL, 'fixed', 1, '2020-08-04 17:16:42', '2020-08-04 17:16:42'),
(360, 91, NULL, 'fixed', 2, '2020-08-04 17:16:42', '2020-08-04 17:16:42'),
(361, 91, NULL, 'fixed', 3, '2020-08-04 17:16:42', '2020-08-04 17:16:42'),
(362, 91, NULL, 'fixed', 4, '2020-08-04 17:16:42', '2020-08-04 17:16:42'),
(363, 92, 0.0000, 'fixed', 0, '2020-08-04 18:46:44', '2020-08-04 18:46:44'),
(364, 92, 13.0000, 'fixed', 1, '2020-08-04 18:46:44', '2020-09-23 18:13:14'),
(365, 92, 100.0000, 'fixed', 2, '2020-08-04 18:46:44', '2020-09-23 18:13:14'),
(366, 92, 201.0000, 'fixed', 3, '2020-08-04 18:46:44', '2020-09-23 18:13:14'),
(367, 93, NULL, 'fixed', 0, '2020-08-04 18:46:44', '2020-08-04 18:46:44'),
(368, 93, NULL, 'fixed', 1, '2020-08-04 18:46:44', '2020-08-04 18:46:44'),
(369, 93, NULL, 'fixed', 2, '2020-08-04 18:46:44', '2020-08-04 18:46:44'),
(370, 93, NULL, 'fixed', 3, '2020-08-04 18:46:44', '2020-08-04 18:46:44'),
(371, 93, NULL, 'fixed', 4, '2020-08-04 18:46:44', '2020-08-04 18:46:44'),
(372, 94, NULL, 'fixed', 0, '2020-08-04 22:54:12', '2020-08-04 22:54:12'),
(373, 95, 390.0000, 'fixed', 0, '2020-08-04 22:54:13', '2020-09-22 23:36:25'),
(374, 95, 0.0000, 'fixed', 1, '2020-08-04 23:25:23', '2020-09-22 23:36:25'),
(376, 96, 91.0000, 'fixed', 0, '2020-08-05 17:24:34', '2020-11-05 01:03:22'),
(377, 96, 50.0000, 'fixed', 1, '2020-08-05 17:24:34', '2020-11-05 01:03:22'),
(378, 96, 0.0000, 'fixed', 2, '2020-08-05 17:24:34', '2020-08-05 17:24:34'),
(379, 97, NULL, 'fixed', 0, '2020-08-05 17:24:34', '2020-08-05 17:24:34'),
(380, 97, NULL, 'fixed', 1, '2020-08-05 17:24:34', '2020-08-05 17:24:34'),
(381, 97, NULL, 'fixed', 2, '2020-08-05 17:24:34', '2020-08-05 17:24:34'),
(382, 97, NULL, 'fixed', 3, '2020-08-05 17:24:34', '2020-08-05 17:24:34'),
(383, 97, NULL, 'fixed', 4, '2020-08-05 17:24:34', '2020-08-05 17:24:34'),
(384, 98, 0.0000, 'fixed', 0, '2020-08-07 00:02:55', '2020-08-07 00:02:55'),
(385, 98, NULL, 'fixed', 1, '2020-08-07 00:02:55', '2020-08-07 00:02:55'),
(386, 98, NULL, 'fixed', 2, '2020-08-07 00:02:55', '2020-08-07 00:02:55'),
(387, 98, NULL, 'fixed', 3, '2020-08-07 00:02:55', '2020-08-07 00:02:55'),
(388, 98, NULL, 'fixed', 4, '2020-08-07 00:02:55', '2020-08-07 00:02:55'),
(389, 99, 0.0000, 'fixed', 0, '2020-08-09 18:20:58', '2020-08-09 18:20:58'),
(390, 99, 160.0000, 'fixed', 1, '2020-08-09 18:20:58', '2020-08-24 23:00:51'),
(391, 99, 260.0000, 'fixed', 2, '2020-08-09 18:20:58', '2020-08-24 23:00:51'),
(392, 76, NULL, 'fixed', 2, '2020-08-11 17:21:50', '2020-08-11 17:21:50'),
(393, 75, NULL, 'fixed', 2, '2020-08-11 17:40:06', '2020-08-11 17:40:06'),
(394, 100, NULL, 'fixed', 0, '2020-08-11 18:01:15', '2020-08-11 18:01:15'),
(395, 100, NULL, 'fixed', 1, '2020-08-11 18:01:15', '2020-08-11 18:01:15'),
(396, 100, NULL, 'fixed', 2, '2020-08-11 18:01:15', '2020-08-11 18:01:15'),
(397, 100, NULL, 'fixed', 3, '2020-08-11 18:01:15', '2020-08-11 18:01:15'),
(398, 100, NULL, 'fixed', 4, '2020-08-11 18:01:15', '2020-08-11 18:01:15'),
(399, 101, 0.0000, 'fixed', 0, '2020-08-11 18:47:07', '2020-08-11 18:47:07'),
(400, 101, 7.5000, 'fixed', 1, '2020-08-11 18:47:07', '2020-09-23 18:31:41'),
(401, 101, 73.9900, 'fixed', 2, '2020-08-11 18:47:07', '2020-09-23 18:31:41'),
(402, 101, 101.6000, 'fixed', 3, '2020-08-11 18:47:07', '2020-09-23 18:31:41'),
(403, 102, NULL, 'fixed', 0, '2020-08-11 18:47:07', '2020-08-11 18:47:07'),
(404, 102, NULL, 'fixed', 1, '2020-08-11 18:47:07', '2020-08-11 18:47:07'),
(405, 102, NULL, 'fixed', 2, '2020-08-11 18:47:07', '2020-08-11 18:47:07'),
(406, 102, NULL, 'fixed', 3, '2020-08-11 18:47:07', '2020-08-11 18:47:07'),
(407, 102, NULL, 'fixed', 4, '2020-08-11 18:47:07', '2020-08-11 18:47:07'),
(408, 103, 0.0000, 'fixed', 0, '2020-08-13 17:30:40', '2020-08-13 17:30:40'),
(409, 103, 0.0000, 'fixed', 1, '2020-08-13 17:30:40', '2020-08-13 17:30:40'),
(410, 103, 28.0000, 'fixed', 2, '2020-08-13 17:30:40', '2020-09-23 14:46:47'),
(411, 103, 55.0000, 'fixed', 3, '2020-08-13 17:30:40', '2020-09-23 14:46:47'),
(412, 104, NULL, 'fixed', 0, '2020-08-14 14:47:23', '2020-08-14 14:47:23'),
(413, 104, NULL, 'fixed', 1, '2020-08-14 14:47:23', '2020-08-14 14:47:23'),
(414, 104, NULL, 'fixed', 2, '2020-08-14 14:47:23', '2020-08-14 14:47:23'),
(415, 104, NULL, 'fixed', 3, '2020-08-14 14:47:23', '2020-08-14 14:47:23'),
(416, 104, NULL, 'fixed', 4, '2020-08-14 14:47:23', '2020-08-14 14:47:23'),
(417, 105, 0.0000, 'fixed', 0, '2020-08-14 17:41:35', '2020-08-14 17:41:35'),
(418, 105, 90.0000, 'fixed', 1, '2020-08-14 17:41:35', '2020-08-14 17:41:35'),
(419, 106, NULL, 'fixed', 0, '2020-08-17 17:35:39', '2020-08-17 17:35:39'),
(420, 106, NULL, 'fixed', 1, '2020-08-17 17:35:39', '2020-08-17 17:35:39'),
(421, 107, NULL, 'fixed', 0, '2020-08-17 17:54:03', '2020-08-17 17:54:03'),
(422, 107, NULL, 'fixed', 1, '2020-08-17 17:54:03', '2020-08-17 17:54:03'),
(423, 107, NULL, 'fixed', 2, '2020-08-17 17:54:03', '2020-08-17 17:54:03'),
(424, 108, NULL, 'fixed', 0, '2020-08-17 18:05:54', '2020-08-17 18:05:54'),
(425, 108, NULL, 'fixed', 1, '2020-08-17 18:05:54', '2020-08-17 18:05:54'),
(426, 108, NULL, 'fixed', 2, '2020-08-17 18:05:54', '2020-08-17 18:05:54'),
(427, 109, NULL, 'fixed', 0, '2020-08-17 18:28:00', '2020-08-17 18:28:00'),
(428, 109, NULL, 'fixed', 1, '2020-08-17 18:28:00', '2020-08-17 18:28:00'),
(429, 110, NULL, 'fixed', 0, '2020-08-17 18:42:37', '2020-08-17 18:42:37'),
(430, 110, NULL, 'fixed', 1, '2020-08-17 18:42:37', '2020-08-17 18:42:37'),
(431, 111, NULL, 'fixed', 0, '2020-08-17 18:57:47', '2020-08-17 18:57:47'),
(432, 111, NULL, 'fixed', 1, '2020-08-17 18:57:47', '2020-08-17 18:57:47'),
(433, 112, NULL, 'fixed', 0, '2020-08-17 23:22:22', '2020-08-17 23:22:22'),
(434, 112, NULL, 'fixed', 1, '2020-08-17 23:22:22', '2020-08-17 23:22:22'),
(435, 112, NULL, 'fixed', 2, '2020-08-17 23:22:22', '2020-08-17 23:22:22'),
(436, 112, NULL, 'fixed', 3, '2020-08-17 23:22:22', '2020-08-17 23:22:22'),
(437, 112, NULL, 'fixed', 4, '2020-08-17 23:22:22', '2020-08-17 23:22:22'),
(438, 113, NULL, 'fixed', 0, '2020-08-18 21:35:07', '2020-08-18 21:35:07'),
(439, 113, NULL, 'fixed', 1, '2020-08-18 21:35:07', '2020-08-18 21:35:07'),
(440, 113, NULL, 'fixed', 2, '2020-08-18 21:35:07', '2020-08-18 21:35:07'),
(441, 113, NULL, 'fixed', 3, '2020-08-18 21:35:07', '2020-08-18 21:35:07'),
(442, 113, NULL, 'fixed', 4, '2020-08-18 21:35:07', '2020-08-18 21:35:07'),
(443, 113, NULL, 'fixed', 5, '2020-08-18 21:35:07', '2020-08-18 21:35:07'),
(444, 113, NULL, 'fixed', 6, '2020-08-18 21:35:07', '2020-08-18 21:35:07'),
(445, 113, NULL, 'fixed', 7, '2020-08-18 21:35:07', '2020-08-18 21:35:07'),
(446, 10, 0.0000, 'fixed', 0, '2020-08-24 18:24:36', '2020-08-24 18:24:36'),
(447, 10, 6.0000, 'fixed', 1, '2020-08-24 18:24:36', '2020-09-22 21:23:33'),
(449, 25, 0.0000, 'fixed', 0, '2020-08-24 19:21:16', '2020-08-24 19:21:16'),
(450, 114, 0.0000, 'fixed', 0, '2020-09-07 20:42:02', '2020-09-07 20:42:02'),
(451, 114, 100.0000, 'fixed', 1, '2020-09-07 20:42:02', '2020-09-07 20:42:02'),
(452, 114, 300.0000, 'fixed', 2, '2020-09-07 20:42:02', '2020-09-07 20:42:02'),
(453, 115, 0.0000, 'fixed', 0, '2020-09-08 00:01:38', '2020-09-08 00:01:38'),
(454, 115, 40.0000, 'fixed', 1, '2020-09-08 00:01:39', '2020-09-08 00:01:39'),
(455, 115, 140.0000, 'fixed', 2, '2020-09-08 00:01:39', '2020-09-08 00:01:39'),
(456, 115, 240.0000, 'fixed', 3, '2020-09-08 00:01:39', '2020-09-08 00:01:39'),
(457, 116, 0.0000, 'fixed', 0, '2020-09-08 00:05:09', '2020-09-08 00:05:09'),
(458, 116, 40.0000, 'fixed', 1, '2020-09-08 00:05:09', '2020-09-08 00:05:09'),
(459, 116, 140.0000, 'fixed', 2, '2020-09-08 00:05:09', '2020-09-08 00:05:09'),
(460, 116, 240.0000, 'fixed', 3, '2020-09-08 00:05:09', '2020-09-08 00:05:09'),
(461, 117, 0.0000, 'fixed', 0, '2020-09-08 15:17:54', '2020-09-08 15:17:54'),
(462, 117, 160.0000, 'fixed', 1, '2020-09-08 15:17:54', '2020-09-08 15:17:54'),
(463, 117, 260.0000, 'fixed', 2, '2020-09-08 15:17:54', '2020-09-08 15:17:54'),
(464, 118, 0.0000, 'fixed', 0, '2020-09-08 15:40:33', '2020-09-08 15:40:33'),
(465, 118, 160.0000, 'fixed', 1, '2020-09-08 15:40:33', '2020-09-08 15:40:33'),
(466, 118, 300.0000, 'fixed', 2, '2020-09-08 15:40:33', '2020-09-08 15:40:33'),
(467, 119, 0.0000, 'fixed', 0, '2020-09-08 22:15:05', '2020-09-08 22:15:05'),
(468, 119, 160.0000, 'fixed', 1, '2020-09-08 22:15:05', '2020-09-08 22:15:05'),
(469, 119, 269.0000, 'fixed', 2, '2020-09-08 22:15:05', '2020-09-08 22:15:05'),
(470, 120, 0.0000, 'fixed', 0, '2020-09-08 22:38:32', '2020-09-08 22:38:32'),
(471, 120, 100.0000, 'fixed', 1, '2020-09-08 22:38:32', '2020-10-23 19:36:01'),
(472, 120, 247.0000, 'fixed', 2, '2020-09-08 22:38:32', '2020-10-23 19:36:01'),
(473, 121, 0.0000, 'fixed', 0, '2020-09-08 22:58:00', '2020-09-08 22:58:00'),
(474, 121, 47.0000, 'fixed', 1, '2020-09-08 22:58:00', '2020-10-23 19:31:54'),
(475, 121, 147.0000, 'fixed', 2, '2020-09-08 22:58:00', '2020-10-23 19:31:54'),
(476, 121, 400.0000, 'fixed', 3, '2020-09-08 22:58:00', '2020-09-08 22:58:00'),
(477, 122, 0.0000, 'fixed', 0, '2020-09-08 23:21:24', '2020-09-08 23:21:24'),
(478, 122, 147.0000, 'fixed', 1, '2020-09-08 23:21:24', '2020-10-23 19:30:02'),
(479, 122, 247.0000, 'fixed', 2, '2020-09-08 23:21:24', '2020-10-23 19:30:02'),
(480, 123, 0.0000, 'fixed', 0, '2020-09-08 23:36:08', '2020-09-08 23:36:08'),
(481, 123, 270.0000, 'fixed', 1, '2020-09-08 23:36:08', '2020-09-22 00:09:09'),
(482, 123, 800.0000, 'fixed', 2, '2020-09-08 23:36:08', '2020-09-08 23:36:08'),
(483, 124, 0.0000, 'fixed', 0, '2020-09-09 00:00:52', '2020-09-09 00:00:52'),
(484, 124, 195.0000, 'fixed', 1, '2020-09-09 00:00:52', '2020-09-22 00:05:38'),
(485, 124, 735.0000, 'fixed', 2, '2020-09-09 00:00:52', '2020-09-22 00:05:38'),
(486, 34, 6.0000, 'fixed', 1, '2020-09-22 22:30:08', '2020-09-22 22:30:08'),
(487, 77, 0.0000, 'fixed', 0, '2020-09-22 22:51:02', '2020-09-22 22:51:02'),
(488, 77, 5.0000, 'fixed', 1, '2020-09-22 22:51:02', '2020-09-22 22:51:02'),
(489, 74, 0.0000, 'fixed', 0, '2020-09-23 14:49:37', '2020-09-23 14:49:37'),
(490, 86, 0.0000, 'fixed', 0, '2020-09-23 17:54:23', '2020-09-23 17:54:23'),
(491, 125, 0.0000, 'fixed', 0, '2020-09-23 23:03:01', '2020-09-23 23:03:01'),
(492, 125, 21.0000, 'fixed', 1, '2020-09-23 23:03:01', '2020-09-23 23:03:01'),
(493, 126, 0.0000, 'fixed', 0, '2020-09-23 23:52:30', '2020-09-23 23:52:30'),
(494, 126, 27.0000, 'fixed', 1, '2020-09-23 23:52:30', '2020-09-23 23:52:30'),
(495, 126, 71.0000, 'fixed', 2, '2020-09-23 23:52:30', '2020-10-23 19:22:07'),
(496, 127, 0.0000, 'fixed', 0, '2020-09-24 17:30:50', '2020-09-24 17:30:50'),
(497, 127, 100.0000, 'fixed', 1, '2020-09-24 17:30:50', '2020-10-23 19:14:43'),
(498, 127, 196.0000, 'fixed', 2, '2020-09-24 17:30:50', '2020-10-23 19:14:43'),
(499, 128, NULL, 'fixed', 0, '2020-09-25 23:40:23', '2020-09-25 23:40:23'),
(500, 128, NULL, 'fixed', 1, '2020-09-25 23:40:23', '2020-09-25 23:40:23'),
(501, 128, NULL, 'fixed', 2, '2020-09-25 23:40:23', '2020-09-25 23:40:23'),
(502, 128, NULL, 'fixed', 3, '2020-09-25 23:40:23', '2020-09-25 23:40:23');

-- --------------------------------------------------------

--
-- Estructura de tabla para la tabla `option_value_translations`
--

CREATE TABLE `option_value_translations` (
  `id` int(10) UNSIGNED NOT NULL,
  `option_value_id` int(10) UNSIGNED NOT NULL,
  `locale` varchar(191) COLLATE utf8mb4_unicode_ci NOT NULL,
  `label` varchar(191) COLLATE utf8mb4_unicode_ci NOT NULL
) ENGINE=InnoDB DEFAULT CHARSET=utf8mb4 COLLATE=utf8mb4_unicode_ci;

--
-- Volcado de datos para la tabla `option_value_translations`
--

INSERT INTO `option_value_translations` (`id`, `option_value_id`, `locale`, `label`) VALUES
(1, 1, 'en', '1 ½ Plaza'),
(3, 3, 'en', '2  Plazas'),
(4, 4, 'en', '2 ½ Plazas'),
(5, 5, 'en', 'Beige'),
(6, 6, 'en', 'Gris'),
(7, 7, 'en', '3  Plazas'),
(8, 8, 'en', '1 ½ plz.'),
(9, 9, 'en', '2  plz.'),
(10, 10, 'en', '2 ½ plz.'),
(11, 11, 'en', '3  plz.'),
(12, 12, 'en', '1 ½ plz.'),
(13, 13, 'en', '2  plz.'),
(14, 14, 'en', '2 ½ plz.'),
(15, 15, 'en', '3  plz.'),
(16, 16, 'en', '1 plz.'),
(24, 24, 'en', '1½plz.'),
(25, 25, 'en', '2  plz.'),
(26, 26, 'en', 'franjas Vino'),
(27, 27, 'en', 'Franjas Azules'),
(28, 28, 'en', '1 ½ plz.'),
(29, 29, 'en', '2  plz.'),
(30, 30, 'en', '2 ½ plz.'),
(31, 31, 'en', '3  plz.'),
(32, 32, 'en', '1 ½ plz.'),
(33, 33, 'en', '2  plz.'),
(34, 34, 'en', '2 ½ plz.'),
(35, 35, 'en', '1 ½ plz.'),
(36, 36, 'en', '2  plz.'),
(38, 38, 'en', '1½ Plaza'),
(39, 39, 'en', '2 Plaza'),
(40, 40, 'en', '3 Plaza'),
(41, 41, 'en', '1 Plaza'),
(42, 42, 'en', '1½ Plaza'),
(43, 43, 'en', '2 Plazas'),
(44, 44, 'en', '3  Plazas'),
(45, 45, 'en', '1 ½ plz.'),
(46, 46, 'en', '2 plz.'),
(47, 47, 'en', '1 ½ plz.'),
(48, 48, 'en', '2  plz.'),
(49, 49, 'en', '2 ½ plz.'),
(50, 50, 'en', '1¼ plz.'),
(51, 51, 'en', '1 plz.'),
(52, 52, 'en', '1 ¼ plz.'),
(53, 53, 'en', '1 ½ plz.'),
(54, 54, 'en', '2 plz.'),
(56, 56, 'en', '2  plz.'),
(57, 57, 'en', '2 ½ plz.'),
(58, 58, 'en', '3  plz.'),
(59, 59, 'en', '1 ½ plz.'),
(60, 60, 'en', '2  plz.'),
(61, 61, 'en', '2 ½ plz.'),
(62, 62, 'en', '3  plz.'),
(63, 63, 'en', '1 ½ plz.'),
(64, 64, 'en', '2  plz.'),
(65, 65, 'en', '1 ½ plz.'),
(66, 66, 'en', '2  plz.'),
(67, 67, 'en', '1 ½ plz.'),
(68, 68, 'en', '2  Plazas'),
(69, 69, 'en', '2 ½ Plazas'),
(70, 70, 'en', '3  Plazas'),
(71, 71, 'en', '1 ½ plz.'),
(72, 72, 'en', '2  Plazas'),
(73, 73, 'en', '2 ½ Plazas'),
(74, 74, 'en', '3  Plazas'),
(75, 75, 'en', '1 ½ Plaza'),
(76, 76, 'en', '2  Plazas'),
(77, 77, 'en', '2 ½ Plazas'),
(78, 78, 'en', '3  Plazas'),
(79, 79, 'en', '2 Plazas'),
(80, 80, 'en', '2 ½ Plazas'),
(81, 81, 'en', '3 Plazas'),
(82, 82, 'en', '2  Plazas'),
(83, 83, 'en', '2 ½ Plazas'),
(84, 84, 'en', '3  Plazas'),
(85, 85, 'en', '1 ½ plz.'),
(86, 86, 'en', '2  Plazas'),
(87, 87, 'en', '2 ½ Plazas'),
(88, 88, 'en', '3  Plazas'),
(89, 89, 'en', '2 ½ Plaza'),
(90, 90, 'en', '3  Plazas'),
(91, 91, 'en', '2  Plazas'),
(92, 92, 'en', '2 ½ Plazas'),
(93, 93, 'en', '3  Plazas'),
(94, 94, 'en', '2  Plazas'),
(95, 95, 'en', '2 ½ Plazas'),
(96, 96, 'en', '3  Plazas'),
(97, 97, 'en', '1 ½ Plaza'),
(98, 98, 'en', '2  Plazas'),
(99, 99, 'en', '2 ½ Plazas'),
(100, 100, 'en', '2  Plazas'),
(101, 101, 'en', '2 ½ Plazas'),
(102, 102, 'en', '3  Plazas'),
(103, 103, 'en', '2  Plazas'),
(104, 104, 'en', '2 ½ Plazas'),
(105, 105, 'en', '3  Plazas'),
(106, 106, 'en', 'Beige'),
(107, 107, 'en', 'Gris'),
(108, 108, 'en', 'Franjas Azul'),
(109, 109, 'en', 'Franjas Vino'),
(110, 110, 'en', 'Franjas Azul'),
(111, 111, 'en', 'Franjas Vino'),
(112, 112, 'en', '1 plz.'),
(113, 113, 'en', '1¼ plz.'),
(114, 114, 'en', '2 plz.'),
(115, 115, 'en', '1 ½ Plazas'),
(116, 116, 'en', '1 Plazas'),
(117, 117, 'en', '1 ½ plz.'),
(118, 118, 'en', '2  Plazas'),
(119, 119, 'en', '1 Plaza'),
(120, 120, 'en', '3 Plazas'),
(121, 121, 'en', '2  Plazas'),
(122, 122, 'en', '2 ½ Plazas'),
(123, 123, 'en', '3  Plazas'),
(124, 124, 'en', '1 ½ plz.'),
(125, 125, 'en', '2  Plazas'),
(126, 126, 'en', '2 ½ Plazas'),
(127, 127, 'en', '3  Plazas'),
(128, 128, 'en', '2  Plazas'),
(129, 129, 'en', '2 ½ Plazas'),
(130, 130, 'en', '3  Plazas'),
(131, 131, 'en', '2  Plazas'),
(132, 132, 'en', '2 ½ Plazas'),
(133, 133, 'en', '3  Plazas'),
(134, 134, 'en', 'Beige'),
(135, 135, 'en', 'Negro'),
(136, 136, 'en', 'Café'),
(137, 137, 'en', 'Beige (Microcuero)'),
(138, 138, 'en', 'Negro (Microcuero)'),
(139, 139, 'en', 'Café (Microcuero)'),
(140, 140, 'en', 'Gris (Gamuza)'),
(141, 141, 'en', 'Café (Gamuza)'),
(142, 142, 'en', 'Negro (Gamuza)'),
(143, 143, 'en', 'Beige (Microcuero)'),
(144, 144, 'en', 'Negro (Microcuero)'),
(145, 145, 'en', 'Café (Microcuero)'),
(146, 146, 'en', 'Gris (Gamuza)'),
(147, 147, 'en', 'Café (Gamuza)'),
(148, 148, 'en', 'Negro (Gamuza)'),
(149, 149, 'en', 'Beige'),
(150, 150, 'en', 'Negro'),
(151, 151, 'en', 'Café'),
(152, 152, 'en', 'Beige (Microcuero)'),
(153, 153, 'en', 'Negro (Microcuero)'),
(154, 154, 'en', 'Café (Microcuero)'),
(155, 155, 'en', 'Gris (Gamuza)'),
(156, 156, 'en', 'Café (Gamuza)'),
(157, 157, 'en', 'Negro (Gamuza)'),
(158, 158, 'en', 'Negro'),
(159, 159, 'en', 'Café'),
(160, 160, 'en', 'Negro'),
(161, 161, 'en', 'Café'),
(162, 162, 'en', 'Negro (Microcuero)'),
(163, 163, 'en', 'Café (Microcuero)'),
(164, 164, 'en', 'Chocolate (Microcuero)'),
(165, 165, 'en', 'Beige (Microcuero)'),
(166, 166, 'en', 'Gris (Gamuza)'),
(167, 167, 'en', 'Café (Gamuza)'),
(168, 168, 'en', 'Negro (Gamuza)'),
(169, 169, 'en', 'Negro'),
(170, 170, 'en', 'Blanco'),
(171, 171, 'en', 'Beige'),
(172, 172, 'en', 'Café'),
(173, 173, 'en', 'Chocolate'),
(174, 174, 'en', 'Rojo'),
(175, 175, 'en', 'Naranja'),
(176, 176, 'en', 'Azul'),
(177, 177, 'en', 'Negro'),
(178, 178, 'en', 'Café'),
(179, 179, 'en', 'Chocolate'),
(180, 180, 'en', 'Beige'),
(181, 181, 'en', 'Blanco'),
(182, 182, 'en', 'Azul'),
(183, 183, 'en', 'Rojo'),
(184, 184, 'en', 'Naranja'),
(185, 185, 'en', 'Verde'),
(186, 186, 'en', 'Negro'),
(187, 187, 'en', 'Café'),
(188, 188, 'en', 'Chocolate'),
(189, 189, 'en', 'Beige'),
(190, 190, 'en', 'Blanco'),
(191, 191, 'en', 'Azul'),
(192, 192, 'en', 'Rojo'),
(193, 193, 'en', 'Naranja'),
(194, 194, 'en', 'Verde'),
(195, 195, 'en', 'Negro'),
(196, 196, 'en', 'Café'),
(197, 197, 'en', 'Chocolate'),
(198, 198, 'en', 'Beige'),
(199, 199, 'en', 'Blanco'),
(200, 200, 'en', 'Azul'),
(201, 201, 'en', 'Rojo'),
(202, 202, 'en', 'Naranja'),
(203, 203, 'en', 'Verde'),
(204, 204, 'en', 'Negro'),
(205, 205, 'en', 'Café'),
(206, 206, 'en', 'Chocolate'),
(207, 207, 'en', 'Beige'),
(208, 208, 'en', 'Blanco'),
(209, 209, 'en', 'Azul'),
(210, 210, 'en', 'Rojo'),
(211, 211, 'en', 'Naranja'),
(212, 212, 'en', 'Verde'),
(213, 213, 'en', '4 Sillas'),
(214, 214, 'en', '6 Sillas'),
(215, 215, 'en', '8 Sillas'),
(216, 216, 'en', 'Negro'),
(217, 217, 'en', 'Café'),
(218, 218, 'en', 'Chocolate'),
(219, 219, 'en', 'Beige'),
(220, 220, 'en', '4 Sillas'),
(221, 221, 'en', '6 Sillas'),
(222, 222, 'en', '8 Sillas'),
(223, 223, 'en', 'Negro'),
(224, 224, 'en', 'Café'),
(225, 225, 'en', 'Chocolate'),
(226, 226, 'en', 'Blanco'),
(228, 228, 'en', '6 Sillas'),
(229, 229, 'en', 'Negro'),
(230, 230, 'en', 'Café'),
(231, 231, 'en', 'Chocolate'),
(232, 232, 'en', 'Beige'),
(233, 233, 'en', 'Blanco'),
(234, 234, 'en', 'Negro'),
(235, 235, 'en', 'Café'),
(236, 236, 'en', 'Beige'),
(237, 237, 'en', 'Madera'),
(238, 238, 'en', 'Vidrio'),
(239, 239, 'en', 'Negro'),
(240, 240, 'en', 'Café'),
(241, 241, 'en', 'Beige'),
(242, 242, 'en', 'Negro'),
(243, 243, 'en', 'Café'),
(244, 244, 'en', 'Beige'),
(245, 245, 'en', '6 sillas'),
(246, 246, 'en', '8 Sillas'),
(247, 247, 'en', 'Negro'),
(248, 248, 'en', 'Café'),
(249, 249, 'en', 'Chocolate'),
(250, 250, 'en', 'Beige'),
(251, 251, 'en', 'Blanco'),
(252, 252, 'en', 'Negro'),
(253, 253, 'en', 'Café'),
(254, 254, 'en', 'Beige'),
(255, 255, 'en', 'Madera'),
(256, 256, 'en', 'Vidrio'),
(257, 257, 'en', 'Negro'),
(258, 258, 'en', 'Café'),
(259, 259, 'en', 'Beige'),
(260, 260, 'en', 'Blanco'),
(261, 261, 'en', 'Negro'),
(262, 262, 'en', 'Café'),
(263, 263, 'en', 'Beige'),
(264, 264, 'en', 'Blanco'),
(265, 265, 'en', 'Negro'),
(266, 266, 'en', 'Café'),
(267, 267, 'en', 'Beige'),
(268, 268, 'en', 'Blanco'),
(269, 269, 'en', 'Negro'),
(270, 270, 'en', 'Café'),
(271, 271, 'en', 'Beige'),
(272, 272, 'en', 'Blanco'),
(273, 273, 'en', '1  Plazas'),
(274, 274, 'en', '1 ½ plz.'),
(275, 275, 'en', '2  Plazas'),
(276, 276, 'en', '2 ½ Plazas'),
(277, 277, 'en', '3  Plazas'),
(278, 278, 'en', 'Negro'),
(279, 279, 'en', 'Beige'),
(280, 280, 'en', 'Chocolate'),
(281, 281, 'en', 'Café'),
(282, 282, 'en', 'Blanco'),
(283, 283, 'en', '1 Plazas'),
(284, 284, 'en', '1 ½ Plaza'),
(285, 285, 'en', '2  plz.'),
(286, 286, 'en', '2 ½ Plazas'),
(287, 287, 'en', '3  Plazas'),
(288, 288, 'en', 'Negro'),
(289, 289, 'en', 'Café'),
(290, 290, 'en', 'Beige'),
(291, 291, 'en', 'Blancohttps://comercialteran.com/#custom-collapse-1'),
(292, 292, 'en', 'Chocolate'),
(293, 293, 'en', '1 ½ plz.'),
(294, 294, 'en', '2  Plazas'),
(295, 295, 'en', 'Manzanilla'),
(296, 296, 'en', 'Lavanda'),
(297, 297, 'en', 'Manzanilla'),
(298, 298, 'en', 'Lavanda'),
(299, 299, 'en', '1 ½ plz.'),
(300, 300, 'en', '2  plz.'),
(301, 301, 'en', '2 Plazas'),
(302, 302, 'en', '2 ½ Plazas'),
(303, 303, 'en', '3 Plazas'),
(304, 304, 'en', '2 Plazas'),
(305, 305, 'en', '2 ½ Plazas'),
(306, 306, 'en', '3  Plazas'),
(307, 307, 'en', '2 plz.'),
(308, 308, 'en', '2 ½ Plaza'),
(309, 309, 'en', '3 Plazas'),
(310, 310, 'en', '2 Plazas'),
(311, 311, 'en', '2 ½ Plazas'),
(312, 312, 'en', '3  Plazas'),
(313, 313, 'en', '1 ½ plz.'),
(314, 314, 'en', '2  plz.'),
(315, 315, 'en', '2 ½ plz.'),
(316, 316, 'en', '3  plz.'),
(317, 317, 'en', '2 Plazas'),
(318, 318, 'en', '2 ½ Plaza'),
(319, 319, 'en', '3 Plazas'),
(320, 320, 'en', 'Chocolate'),
(321, 321, 'en', 'Blanco'),
(322, 322, 'en', 'Blanco'),
(323, 323, 'en', 'Chocolate'),
(324, 324, 'en', 'Chocolate (Microcuero)'),
(325, 325, 'en', 'Blanco'),
(326, 326, 'en', 'Chocolate'),
(327, 327, 'en', 'Blanco'),
(328, 328, 'en', '2  Plazas'),
(329, 329, 'en', '2 ½ Plazas'),
(330, 330, 'en', '3 Plazas'),
(331, 331, 'en', 'Beige'),
(332, 332, 'en', 'Negro'),
(333, 333, 'en', 'Blanco'),
(334, 334, 'en', 'Café'),
(335, 335, 'en', 'Chocolate'),
(336, 336, 'en', '2  Plazas'),
(337, 337, 'en', '2 ½ Plazas'),
(338, 338, 'en', '3 Plazas'),
(339, 339, 'en', 'Beige'),
(340, 340, 'en', 'Gris'),
(341, 341, 'en', 'Negro'),
(342, 342, 'en', 'Blanco'),
(343, 343, 'en', 'Café'),
(344, 344, 'en', 'Chocolate'),
(345, 345, 'en', '1 ½ plz.'),
(346, 346, 'en', '2  Plazas'),
(347, 347, 'en', '2 ½ Plazas'),
(348, 348, 'en', '3  Plazas'),
(349, 349, 'en', 'Beige'),
(350, 350, 'en', 'Gris'),
(351, 351, 'en', 'Negro'),
(352, 352, 'en', 'Blanco'),
(353, 353, 'en', 'Café'),
(354, 354, 'en', 'Chocolate'),
(355, 355, 'en', '2  Plazas'),
(356, 356, 'en', '2 ½ Plazas'),
(357, 357, 'en', '3 Plazas'),
(358, 358, 'en', 'Beige'),
(359, 359, 'en', 'Negro'),
(360, 360, 'en', 'Chocolate'),
(361, 361, 'en', 'Café'),
(362, 362, 'en', 'Blanco'),
(363, 363, 'en', '1 ½ plz.'),
(364, 364, 'en', '2  plz.'),
(365, 365, 'en', '2 ½ plz.'),
(366, 366, 'en', '3  plz.'),
(367, 367, 'en', 'Beige'),
(368, 368, 'en', 'Negro'),
(369, 369, 'en', 'Blanco'),
(370, 370, 'en', 'Café'),
(371, 371, 'en', 'Chocolate'),
(372, 372, 'en', 'A).  Smart'),
(373, 373, 'en', 'A). Smart (Completo)'),
(374, 374, 'en', 'B). Eléctrico (Masajeador y Calefacción)'),
(376, 376, 'en', 'A). Smart (Control de voz, Masajeador y Calefacción))'),
(377, 377, 'en', 'B). Eléctrico (Masajeador y Calefacción)'),
(378, 378, 'en', 'C). Eléctrico'),
(379, 379, 'en', 'Negro (Microcuero)'),
(380, 380, 'en', 'Café (Microcuero)'),
(381, 381, 'en', 'Chocolate (Microcuero)'),
(382, 382, 'en', 'Beige (Microcuero)'),
(383, 383, 'en', 'Blanco (Microcuero)'),
(384, 384, 'en', 'Negro (Microperforado)'),
(385, 385, 'en', 'Café (Microperforado)'),
(386, 386, 'en', 'Chocolate (Microperforado)'),
(387, 387, 'en', 'Beige (Microperforado)'),
(388, 388, 'en', 'Blanco (Microperforado)'),
(389, 389, 'en', '2 PLAZAS'),
(390, 390, 'en', '2 1/2 PLAZAS'),
(391, 391, 'en', '3 PLAZAS'),
(392, 392, 'en', 'Original'),
(393, 393, 'en', 'Original'),
(394, 394, 'en', 'Negro (Microcuero)'),
(395, 395, 'en', 'Café (Microcuero)'),
(396, 396, 'en', 'Chocolate (Microcuero)'),
(397, 397, 'en', 'Beige (Microcuero)'),
(398, 398, 'en', 'Blanco (Microcuero)'),
(399, 399, 'en', '1 ½ plz.'),
(400, 400, 'en', '2  plz.'),
(401, 401, 'en', '2 ½ plz.'),
(402, 402, 'en', '3  plz.'),
(403, 403, 'en', 'Beige'),
(404, 404, 'en', 'Café Claro'),
(405, 405, 'en', 'Chocolate'),
(406, 406, 'en', 'Azul'),
(407, 407, 'en', 'Plomo'),
(408, 408, 'en', '1 1/2 plz'),
(409, 409, 'en', '2 plz'),
(410, 410, 'en', '2 1/2 plz'),
(411, 411, 'en', '3 plz'),
(412, 412, 'en', 'Negro'),
(413, 413, 'en', 'Blanco'),
(414, 414, 'en', 'Café'),
(415, 415, 'en', 'Chocolate'),
(416, 416, 'en', 'Beige'),
(417, 417, 'en', 'Combo sin Colchón'),
(418, 418, 'en', 'Combo con Colchón'),
(419, 419, 'en', 'Rojo'),
(420, 420, 'en', 'Negro'),
(421, 421, 'en', 'Blanco'),
(422, 422, 'en', 'Negro'),
(423, 423, 'en', 'Rojo'),
(424, 424, 'en', 'Negro'),
(425, 425, 'en', 'Azúl'),
(426, 426, 'en', 'Rojo'),
(427, 427, 'en', 'Negro'),
(428, 428, 'en', 'Rojo'),
(429, 429, 'en', 'Rojo'),
(430, 430, 'en', 'Negro'),
(431, 431, 'en', 'Negro'),
(432, 432, 'en', 'Rojo'),
(433, 433, 'en', 'Negro'),
(434, 434, 'en', 'Blanco'),
(435, 435, 'en', 'Beige'),
(436, 436, 'en', 'Café'),
(437, 437, 'en', 'Chocolate'),
(438, 438, 'en', 'Negro'),
(439, 439, 'en', 'Blanco'),
(440, 440, 'en', 'Beige'),
(441, 441, 'en', 'Café'),
(442, 442, 'en', 'Chocolate'),
(443, 443, 'en', 'Gris'),
(444, 444, 'en', 'Naranja'),
(445, 445, 'en', 'Amarillo'),
(446, 446, 'en', '1  plz.'),
(447, 447, 'en', '1 ¼ plz.'),
(449, 449, 'en', '1 ½ plz.'),
(450, 450, 'en', '2  Plazas'),
(451, 451, 'en', '2 ½ Plazas'),
(452, 452, 'en', '3  Plazas'),
(453, 453, 'en', '1 ½ plz.'),
(454, 454, 'en', '2  plz.'),
(455, 455, 'en', '2 ½ Plazas'),
(456, 456, 'en', '3  Plazas'),
(457, 457, 'en', '1 ½ plz.'),
(458, 458, 'en', '2  plz.'),
(459, 459, 'en', '2 ½ Plazas'),
(460, 460, 'en', '3  plz.'),
(461, 461, 'en', '2  Plazas'),
(462, 462, 'en', '2 ½ Plazas'),
(463, 463, 'en', '3 Plazas'),
(464, 464, 'en', '2  Plazas'),
(465, 465, 'en', '2 ½ Plazas'),
(466, 466, 'en', '3 Plazas'),
(467, 467, 'en', '2  Plazas'),
(468, 468, 'en', '2 ½ Plazas'),
(469, 469, 'en', '3 Plazas'),
(470, 470, 'en', '2  Plazas'),
(471, 471, 'en', '2 ½ Plazas'),
(472, 472, 'en', '3 Plazas'),
(473, 473, 'en', '1 ½ plz.'),
(474, 474, 'en', '2  plz.'),
(475, 475, 'en', '2 ½ Plazas'),
(476, 476, 'en', '3  Plazas'),
(477, 477, 'en', '2  Plazas'),
(478, 478, 'en', '2 ½ Plazas'),
(479, 479, 'en', '3 Plazas'),
(480, 480, 'en', '2  Plazas'),
(481, 481, 'en', '2 ½ Plazas'),
(482, 482, 'en', '3 Plazas'),
(483, 483, 'en', '2  Plazas'),
(484, 484, 'en', '2 ½ Plazas'),
(485, 485, 'en', '3  Plazas'),
(486, 486, 'en', '1 ¼ plz.'),
(487, 487, 'en', '1 plz'),
(488, 488, 'en', '1 ¼ plz.'),
(489, 489, 'en', '1 ¼ plz.'),
(490, 490, 'en', '1 ½ plz.'),
(491, 491, 'en', '1 ½ plz.'),
(492, 492, 'en', '2  plz.'),
(493, 493, 'en', '1 ½ plz.'),
(494, 494, 'en', '2  Plazas'),
(495, 495, 'en', '2 ½ plz.'),
(496, 496, 'en', '2  Plazas'),
(497, 497, 'en', '2 ½ Plazas'),
(498, 498, 'en', '3  Plazas'),
(499, 499, 'en', 'Negro'),
(500, 500, 'en', 'Blanco'),
(501, 501, 'en', 'Beige'),
(502, 502, 'en', 'Chocolate');

-- --------------------------------------------------------

--
-- Estructura de tabla para la tabla `orders`
--

CREATE TABLE `orders` (
  `id` int(10) UNSIGNED NOT NULL,
  `customer_id` int(11) DEFAULT NULL,
  `customer_email` varchar(191) COLLATE utf8mb4_unicode_ci NOT NULL,
  `customer_phone` varchar(191) COLLATE utf8mb4_unicode_ci DEFAULT NULL,
  `customer_first_name` varchar(191) COLLATE utf8mb4_unicode_ci NOT NULL,
  `customer_last_name` varchar(191) COLLATE utf8mb4_unicode_ci NOT NULL,
  `customer_surname` varchar(191) COLLATE utf8mb4_unicode_ci DEFAULT NULL,
  `customer_document` varchar(191) COLLATE utf8mb4_unicode_ci DEFAULT NULL,
  `billing_first_name` varchar(191) COLLATE utf8mb4_unicode_ci NOT NULL,
  `billing_last_name` varchar(191) COLLATE utf8mb4_unicode_ci NOT NULL,
  `billing_address_1` varchar(191) COLLATE utf8mb4_unicode_ci NOT NULL,
  `billing_address_2` varchar(191) COLLATE utf8mb4_unicode_ci DEFAULT NULL,
  `billing_city` varchar(191) COLLATE utf8mb4_unicode_ci NOT NULL,
  `billing_state` varchar(191) COLLATE utf8mb4_unicode_ci NOT NULL,
  `billing_zip` varchar(191) COLLATE utf8mb4_unicode_ci NOT NULL,
  `billing_country` varchar(191) COLLATE utf8mb4_unicode_ci NOT NULL,
  `shipping_first_name` varchar(191) COLLATE utf8mb4_unicode_ci NOT NULL,
  `shipping_last_name` varchar(191) COLLATE utf8mb4_unicode_ci NOT NULL,
  `shipping_address_1` varchar(191) COLLATE utf8mb4_unicode_ci NOT NULL,
  `shipping_address_2` varchar(191) COLLATE utf8mb4_unicode_ci DEFAULT NULL,
  `shipping_city` varchar(191) COLLATE utf8mb4_unicode_ci NOT NULL,
  `shipping_state` varchar(191) COLLATE utf8mb4_unicode_ci NOT NULL,
  `shipping_zip` varchar(191) COLLATE utf8mb4_unicode_ci NOT NULL,
  `shipping_country` varchar(191) COLLATE utf8mb4_unicode_ci NOT NULL,
  `sub_total` decimal(18,4) UNSIGNED NOT NULL,
  `shipping_method` varchar(191) COLLATE utf8mb4_unicode_ci NOT NULL,
  `data_fast_id` varchar(191) COLLATE utf8mb4_unicode_ci DEFAULT NULL,
  `shipping_cost` decimal(18,4) UNSIGNED NOT NULL,
  `coupon_id` int(11) DEFAULT NULL,
  `discount` decimal(18,4) UNSIGNED NOT NULL,
  `total` decimal(18,4) UNSIGNED NOT NULL,
  `payment_method` varchar(191) COLLATE utf8mb4_unicode_ci NOT NULL,
  `currency` varchar(191) COLLATE utf8mb4_unicode_ci NOT NULL,
  `currency_rate` decimal(18,4) NOT NULL,
  `locale` varchar(191) COLLATE utf8mb4_unicode_ci NOT NULL,
  `status` varchar(191) COLLATE utf8mb4_unicode_ci NOT NULL,
  `deleted_at` timestamp NULL DEFAULT NULL,
  `created_at` timestamp NULL DEFAULT NULL,
  `updated_at` timestamp NULL DEFAULT NULL
) ENGINE=InnoDB DEFAULT CHARSET=utf8mb4 COLLATE=utf8mb4_unicode_ci;

--
-- Volcado de datos para la tabla `orders`
--

INSERT INTO `orders` (`id`, `customer_id`, `customer_email`, `customer_phone`, `customer_first_name`, `customer_last_name`, `customer_surname`, `customer_document`, `billing_first_name`, `billing_last_name`, `billing_address_1`, `billing_address_2`, `billing_city`, `billing_state`, `billing_zip`, `billing_country`, `shipping_first_name`, `shipping_last_name`, `shipping_address_1`, `shipping_address_2`, `shipping_city`, `shipping_state`, `shipping_zip`, `shipping_country`, `sub_total`, `shipping_method`, `data_fast_id`, `shipping_cost`, `coupon_id`, `discount`, `total`, `payment_method`, `currency`, `currency_rate`, `locale`, `status`, `deleted_at`, `created_at`, `updated_at`) VALUES
(42, 1, 'informacion.smartpc@gmail.com', '2643959', 'Juan', 'Fernando', 'Peña', '1720736428', 'Juan', 'Fher', 'La Forestal', NULL, 'Quito', 'Pichincha', '170604', 'EC', 'Juan', 'Fher', 'La Forestal', NULL, 'Quito', 'Pichincha', '170604', 'EC', 15.0000, 'local_pickup', NULL, 0.0000, NULL, 0.0000, 16.0800, 'credit_card', 'USD', 1.0000, 'en', 'pending_payment', NULL, '2020-05-08 14:12:41', '2020-05-08 14:12:41'),
(43, NULL, 'Fhernandoscl@gmail.com', '0995850151', 'Juan', 'Fher', 'Peña', '1720736428', 'Juan', 'Peña', 'Jdjhshsjsj', NULL, 'Quito', 'Pichincha', '170606', 'EC', 'Juan', 'Peña', 'Jdjhshsjsj', NULL, 'Quito', 'Pichincha', '170606', 'EC', 15.0000, 'local_pickup', '95CC2AA4DEACACC2C648B257FB60C6AA.uat01-vm-tx03', 0.0000, NULL, 0.0000, 16.0800, 'credit_card', 'USD', 1.0000, 'en', 'pending', NULL, '2020-05-08 17:03:16', '2020-05-08 17:17:32'),
(44, NULL, 'fhernandoscl@gmail.com', '0995850151', 'Juan', 'Fernando', 'Peña', '1720736428', 'Juan', 'Fernando', 'la fprestal', NULL, 'Quito', 'Pichincha', '170604', 'EC', 'Juan', 'Fernando', 'la fprestal', NULL, 'Quito', 'Pichincha', '170604', 'EC', 15.0000, 'local_pickup', 'EA397A1D90A31DAE3FD58F1CA9F418D4.uat01-vm-tx02', 0.0000, NULL, 0.0000, 16.0800, 'credit_card', 'USD', 1.0000, 'en', 'pending', NULL, '2020-05-11 17:31:44', '2020-05-11 17:33:22'),
(45, 11, 'andylu_3621@outlook.es', '0999938008', 'Andrea', 'Priscila', 'Villacis', '1727553594', 'Andrea', 'Villacis', 'Madalena Adoum LT 85 U JUANA TERRAZA', 'Madalena Adoum LT 85 U JUANA TERRAZA', 'Quito', 'Pichincha', '170144', 'EC', 'Andrea', 'Villacis', 'Madalena Adoum LT 85 U JUANA TERRAZA', 'Madalena Adoum LT 85 U JUANA TERRAZA', 'Quito', 'Pichincha', '170144', 'EC', 303.0000, 'free_shipping', NULL, 0.0000, NULL, 0.0000, 303.0000, 'credit_card', 'USD', 1.0000, 'en', 'pending_payment', '2020-05-13 19:20:16', '2020-05-13 19:20:16', '2020-05-13 19:20:16'),
(46, NULL, 'FRUANO1510@GMAIL.COM', '022333000', 'FRANK', 'RUANO', 'RUANO', '1718646530', 'FRANK', 'RUANO', 'QUIJOTE', NULL, 'QUITO', 'PICHINCHA', '170102', 'EC', 'FRANK', 'RUANO', 'QUIJOTE', NULL, 'QUITO', 'PICHINCHA', '170102', 'EC', 1285.0000, 'free_shipping', NULL, 0.0000, NULL, 0.0000, 1285.0000, 'credit_card', 'USD', 1.0000, 'en', 'pending_payment', '2020-05-26 22:55:41', '2020-05-26 22:55:40', '2020-05-26 22:55:41'),
(47, NULL, 'FRUANO1510@GMAIL.COM', '022333000', 'FRANK', 'RUANO', 'RUANO', '1718646530', 'FRANK', 'RUANO', 'QUIJOTE', NULL, 'QUITO', 'PICHINCHA', '170102', 'EC', 'FRANK', 'RUANO', 'QUIJOTE', NULL, 'QUITO', 'PICHINCHA', '170102', 'EC', 1285.0000, 'free_shipping', NULL, 0.0000, NULL, 0.0000, 1285.0000, 'credit_card', 'USD', 1.0000, 'en', 'pending_payment', '2020-05-26 22:57:08', '2020-05-26 22:57:08', '2020-05-26 22:57:08'),
(48, NULL, 'FRUANO1510@HOTMAIL.COM', '022333600', 'FRANKLIN', 'FRANK', 'RUANO', '1718646530', 'FRANK', 'RUANO', 'QUIJOTE', NULL, 'QUITO', 'PICHINCHA', '170102', 'EC', 'FRANK', 'RUANO', 'QUIJOTE', NULL, 'QUITO', 'PICHINCHA', '170102', 'EC', 2140.0000, 'free_shipping', NULL, 0.0000, NULL, 0.0000, 2140.0000, 'credit_card', 'USD', 1.0000, 'en', 'pending_payment', '2020-05-26 22:59:39', '2020-05-26 22:59:39', '2020-05-26 22:59:39'),
(49, NULL, 'fhernandoscl@gmail.com', '0995850151', 'Juan', 'Fernando', 'Peña', '1720736428', 'Juan Fernando', 'Peña', 'la forestal', NULL, 'Quito', 'Pichincha', '170604', 'EC', 'Juan Fernando', 'Peña', 'la forestal', NULL, 'Quito', 'Pichincha', '170604', 'EC', 15.0000, 'local_pickup', NULL, 0.0000, NULL, 0.0000, 15.0000, 'credit_card', 'USD', 1.0000, 'en', 'pending_payment', '2020-06-04 12:46:39', '2020-06-04 12:46:39', '2020-06-04 12:46:39'),
(50, NULL, 'fhernandoscl@gmail.com', '0995850151', 'Juan', 'Fernando', 'Peña', '1720736428', 'Juan Fernando', 'Peña', 'la forestal', NULL, 'Quito', 'Pichincha', '170604', 'EC', 'Juan Fernando', 'Peña', 'la forestal', NULL, 'Quito', 'Pichincha', '170604', 'EC', 15.0000, 'local_pickup', NULL, 0.0000, NULL, 0.0000, 15.0000, 'credit_card', 'USD', 1.0000, 'en', 'pending_payment', '2020-06-04 12:47:26', '2020-06-04 12:47:26', '2020-06-04 12:47:26'),
(51, NULL, 'vdjkelly@gmail.com', '3123238318', 'Kelly', 'Salazar', 'ssdsa', '42342342', 'La vela', 'Kelly Salazar', 'La vela', 'La vela', 'Coro', 'falcon', '34324', 'EC', 'La vela', 'Kelly Salazar', 'La vela', 'La vela', 'Coro', 'falcon', '34324', 'EC', 9.0000, 'local_pickup', NULL, 0.0000, NULL, 0.0000, 9.0000, 'credit_card', 'USD', 1.0000, 'en', 'pending_payment', '2020-06-04 12:50:18', '2020-06-04 12:50:18', '2020-06-04 12:50:18'),
(52, NULL, 'vdjkelly@gmail.com', '3123238318', 'Kelly', 'Salazar', 'ssdsa', '42342342', 'La vela', 'Kelly Salazar', 'La vela', 'La vela', 'Coro', 'falcon', '34324', 'EC', 'La vela', 'Kelly Salazar', 'La vela', 'La vela', 'Coro', 'falcon', '34324', 'EC', 9.0000, 'local_pickup', NULL, 0.0000, NULL, 0.0000, 9.0000, 'credit_card', 'USD', 1.0000, 'en', 'pending_payment', '2020-06-04 12:53:26', '2020-06-04 12:53:26', '2020-06-04 12:53:26'),
(53, NULL, 'informacion.smartpc@gmail.com', '0995850151', 'Juan', 'Fernando', 'Peña', '1720736428', 'Juan', 'fhernando', 'la forestal', NULL, 'Quito', 'Pichincha', '170604', 'EC', 'Juan', 'fhernando', 'la forestal', NULL, 'Quito', 'Pichincha', '170604', 'EC', 15.0000, 'local_pickup', NULL, 0.0000, NULL, 0.0000, 15.0000, 'credit_card', 'USD', 1.0000, 'en', 'pending_payment', '2020-06-07 01:06:08', '2020-06-07 01:06:08', '2020-06-07 01:06:08'),
(54, NULL, 'fhernandoscl@gmail.com', '0995850151', 'Juan', 'Fernando', 'Peña', '1720736428001', 'Juan', 'Peña', 'la forestal', NULL, 'Quito', 'Pichincha', '170604', 'EC', 'Juan', 'Peña', 'la forestal', NULL, 'Quito', 'Pichincha', '170604', 'EC', 15.0000, 'local_pickup', '585BF157098E2ADBBD96D129BE852CC4.uat01-vm-tx01', 0.0000, NULL, 0.0000, 16.0800, 'credit_card', 'USD', 1.0000, 'en', 'pending_payment', NULL, '2020-06-17 18:27:51', '2020-06-17 18:27:51'),
(55, NULL, 'informacion.smartpc@gmail.com', '0995850151', 'Juan', 'Fernando', 'Peña', '1720736428', 'Juan', 'Peña', 'la forestal', NULL, 'Quito', 'Pichincha', '170604', 'EC', 'Juan', 'Peña', 'la forestal', NULL, 'Quito', 'Pichincha', '170604', 'EC', 9.0000, 'local_pickup', '840451FB3B75F6EFDA910F185FA95289.uat01-vm-tx01', 0.0000, NULL, 0.0000, 10.0800, 'credit_card', 'USD', 1.0000, 'en', 'pending_payment', NULL, '2020-06-17 18:46:41', '2020-06-17 18:46:41'),
(56, NULL, 'fhernandoscl@gmail.com', NULL, 'Juan', 'Fernando', 'Peña', '1720736428', 'juan', 'fernando', 'la forestal', NULL, 'Quito', 'Pichincha', '170604', 'EC', 'juan', 'fernando', 'la forestal', NULL, 'Quito', 'Pichincha', '170604', 'EC', 15.0000, 'flat_rate', 'C0EA64F1A9771EFA24E17C5CB15E792D.uat01-vm-tx02', 9.0000, NULL, 0.0000, 25.0800, 'credit_card', 'USD', 1.0000, 'en', 'pending_payment', NULL, '2020-06-18 04:35:21', '2020-06-18 04:35:21'),
(57, NULL, 'informacion.smartpc@gmail.com', '084103210', 'Juan', 'David', 'Laso', '1720736428', 'Juan', 'Fernando', 'la casita', NULL, 'Quito', 'Pichincha', '170604', 'EC', 'Juan', 'Fernando', 'la casita', NULL, 'Quito', 'Pichincha', '170604', 'EC', 15.0000, 'local_pickup', 'E0AD3CC3AB574ED2DED4D91CDFB893BE.uat01-vm-tx02', 0.0000, NULL, 0.0000, 16.0800, 'credit_card', 'USD', 1.0000, 'en', 'pending', NULL, '2020-06-22 05:27:19', '2020-06-22 05:28:09'),
(58, NULL, 'informacion.smartpc@gmail.com', '0995850151', 'Juan', 'Fernando', 'Peña', '1720736428', 'juan', 'fsadfsd', 'q1321321', NULL, 'SDFSDFSDFSD', 'SDFSDFSDF', '1321321', 'EC', 'juan', 'fsadfsd', 'q1321321', NULL, 'SDFSDFSDFSD', 'SDFSDFSDF', '1321321', 'EC', 21.0000, 'local_pickup', NULL, 0.0000, NULL, 0.0000, 21.0000, 'credit_card', 'USD', 1.0000, 'en', 'pending_payment', '2020-06-22 05:33:00', '2020-06-22 05:33:00', '2020-06-22 05:33:00'),
(59, 1, 'informacion.smartpc@gmail.com', '131321321', 'juan', 'asdasd', '13132', '1720736428', '321321', '321', '321', NULL, '31321', '31312', '31321', 'EC', '321321', '321', '321', NULL, '31321', '31312', '31321', 'EC', 21.0000, 'local_pickup', 'CDC5AEA428B813B543AA45F8715FFE29.uat01-vm-tx01', 0.0000, NULL, 0.0000, 23.5200, 'credit_card', 'USD', 1.0000, 'en', 'pending_payment', NULL, '2020-06-22 05:42:37', '2020-06-22 05:42:38'),
(60, 1, 'informacion.smartpc@gmail.com', '0995850151', 'Juan', 'Fernando', 'Peña', '1720736428', 'Juan', 'Fernando', 'La Forestal', NULL, 'Quito', 'Pichincha', '170604', 'EC', 'Juan', 'Fernando', 'La Forestal', NULL, 'Quito', 'Pichincha', '170604', 'EC', 15.0000, 'local_pickup', NULL, 0.0000, NULL, 0.0000, 16.8000, 'credit_card', 'USD', 1.0000, 'en', 'pending_payment', '2020-06-22 07:14:40', '2020-06-22 07:14:40', '2020-06-22 07:14:40'),
(61, 1, 'informacion.smartpc@gmail.com', '0995850151', 'Juan', 'Fernando', 'Peña', '1720736428', 'Juan', 'Fernando', 'La Forestal', NULL, 'Quito', 'Pichincha', '170604', 'EC', 'Juan', 'Fernando', 'La Forestal', NULL, 'Quito', 'Pichincha', '170604', 'EC', 15.0000, 'local_pickup', NULL, 0.0000, NULL, 0.0000, 16.8000, 'credit_card', 'USD', 1.0000, 'en', 'pending_payment', '2020-06-22 07:15:26', '2020-06-22 07:15:26', '2020-06-22 07:15:26'),
(62, NULL, 'informacion.smartpc@gmail.com', '0995850151', 'Juan', 'Fernando', 'Peña', '1720736428', 'Juan', 'Peña', 'La forestal', NULL, 'Quito', 'Pichincha', '170604', 'EC', 'Juan', 'Peña', 'La forestal', NULL, 'Quito', 'Pichincha', '170604', 'EC', 15.0000, 'local_pickup', NULL, 0.0000, NULL, 0.0000, 16.8000, 'credit_card', 'USD', 1.0000, 'en', 'pending_payment', '2020-06-22 07:17:11', '2020-06-22 07:17:10', '2020-06-22 07:17:11'),
(63, NULL, 'informacion.smartpc@gmail.com', '0995850151', 'Juan', 'Fernando', 'Peña', '1720736428', 'Juan', 'Peña', 'La Forestal', NULL, 'Quito', 'Pichincha', '170604', 'EC', 'Juan', 'Peña', 'La Forestal', NULL, 'Quito', 'Pichincha', '170604', 'EC', 15.0000, 'local_pickup', NULL, 0.0000, NULL, 0.0000, 16.8000, 'credit_card', 'USD', 1.0000, 'en', 'pending_payment', '2020-06-22 17:23:42', '2020-06-22 17:23:41', '2020-06-22 17:23:42'),
(64, NULL, 'informacion.smartpc@gmail.com', '0995850151', 'Juan', 'Fhernando', 'Peña', '1720736428', 'Juan', 'Fernando', 'La ferestal', NULL, 'Quito', 'Pichincha', '170604', 'EC', 'Juan', 'Fernando', 'La ferestal', NULL, 'Quito', 'Pichincha', '170604', 'EC', 15.0000, 'local_pickup', NULL, 0.0000, NULL, 0.0000, 16.8000, 'credit_card', 'USD', 1.0000, 'en', 'pending_payment', '2020-06-22 17:25:08', '2020-06-22 17:25:08', '2020-06-22 17:25:08'),
(65, NULL, 'informacion.smartpc@gmail.com', '0995850151', 'Juan', 'Fernando', 'Peña', '1720736428', 'Juan', 'Peña', 'La Forestal', NULL, 'Quito', 'Pichincha', '170604', 'EC', 'Juan', 'Peña', 'La Forestal', NULL, 'Quito', 'Pichincha', '170604', 'EC', 15.0000, 'local_pickup', NULL, 0.0000, NULL, 0.0000, 16.8000, 'credit_card', 'USD', 1.0000, 'en', 'pending_payment', '2020-06-22 17:29:50', '2020-06-22 17:29:50', '2020-06-22 17:29:50'),
(66, NULL, 'informacion.smartpc@gmail.com', '0995850151', 'Juan', 'Fernando', 'Peña', '1720736428', 'Juan', 'Peña', 'La forestal', NULL, 'Qioto', 'Pichincha', '170604', 'EC', 'Juan', 'Peña', 'La forestal', NULL, 'Qioto', 'Pichincha', '170604', 'EC', 9.0000, 'local_pickup', 'C8C8E390DF40322EA55CEF2A4D708166.uat01-vm-tx04', 0.0000, NULL, 0.0000, 10.0800, 'credit_card', 'USD', 1.0000, 'en', 'pending_payment', NULL, '2020-06-22 17:39:37', '2020-06-22 17:39:38'),
(67, NULL, 'informacion.smartpc@gmail.com', '0995850151', 'Juan', 'Fhernando', 'Peña', '1720736428', 'Juan', 'Fernando', 'La Porestal', NULL, 'Quito', 'Pichincha', '170604', 'EC', 'Juan', 'Fernando', 'La Porestal', NULL, 'Quito', 'Pichincha', '170604', 'EC', 15.0000, 'local_pickup', NULL, 0.0000, NULL, 0.0000, 16.8000, 'credit_card', 'USD', 1.0000, 'en', 'pending_payment', '2020-06-22 17:49:01', '2020-06-22 17:49:01', '2020-06-22 17:49:01'),
(68, NULL, 'informacion.smartpc@gmail.com', '0995850151', 'Juan', 'Fernando', 'Peña', '1720736428', 'Juan', 'Fernando', 'La Forestal', NULL, 'Quito', 'Pichincha', '170604', 'EC', 'Juan', 'Fernando', 'La Forestal', NULL, 'Quito', 'Pichincha', '170604', 'EC', 21.0000, 'local_pickup', 'DD4D65D742F2A7C0F6F021F31D164580.uat01-vm-tx04', 0.0000, NULL, 0.0000, 23.5200, 'credit_card', 'USD', 1.0000, 'en', 'pending_payment', NULL, '2020-06-22 17:50:27', '2020-06-22 17:50:27'),
(69, NULL, 'informacion.smartpc@gmail.com', '0995850151', 'Juan', 'Fernando', 'Peña', '1720736428', 'Juan', 'Fernando', 'La Forestal', NULL, 'Quito', 'Pichincha', '170604', 'EC', 'Juan', 'Fernando', 'La Forestal', NULL, 'Quito', 'Pichincha', '170604', 'EC', 21.0000, 'local_pickup', '3DCB520399802D523E462546EF760AEC.uat01-vm-tx02', 0.0000, NULL, 0.0000, 23.5200, 'credit_card', 'USD', 1.0000, 'en', 'pending_payment', NULL, '2020-06-22 17:57:59', '2020-06-22 17:57:59'),
(70, NULL, 'informacion.smartpc@gmail.com', '0995850151', 'Juan', 'Fernando', 'Peña', '1720736428', 'Juan', 'Peña', 'La Forestal', NULL, 'Quito', 'Pichincha', '170604', 'EC', 'Juan', 'Peña', 'La Forestal', NULL, 'Quito', 'Pichincha', '170604', 'EC', 21.0000, 'local_pickup', '294A33E91B8767085FFFFE6028DCD83F.uat01-vm-tx01', 0.0000, NULL, 0.0000, 23.5200, 'credit_card', 'USD', 1.0000, 'en', 'pending', NULL, '2020-06-22 18:05:38', '2020-06-22 18:59:05'),
(71, NULL, 'informacion.smartpc@gmail.com', '0995850151', 'Juan', 'Fernando', 'Peña', '1720736428', 'Juan', 'Fher', 'La forestal', NULL, 'Quito', 'Pichincha', '170604', 'EC', 'Juan', 'Fher', 'La forestal', NULL, 'Quito', 'Pichincha', '170604', 'EC', 27.0000, 'local_pickup', '3C3F39C1894841C9979C0C82E5E227AD.uat01-vm-tx02', 0.0000, NULL, 0.0000, 30.2400, 'credit_card', 'USD', 1.0000, 'en', 'pending_payment', NULL, '2020-06-22 22:14:25', '2020-06-22 22:14:26'),
(72, NULL, 'informacion.smartpc@gmail.com', '0995850151', 'Juan', 'Fernando', 'Peña', '1720736428', 'Juan', 'Fher', 'La forestal', NULL, 'Quito', 'Pichincha', '170604', 'EC', 'Juan', 'Fher', 'La forestal', NULL, 'Quito', 'Pichincha', '170604', 'EC', 27.0000, 'local_pickup', '783127712EEC5ABFCD8A504BC18E3ED9.uat01-vm-tx04', 0.0000, NULL, 0.0000, 30.2400, 'credit_card', 'USD', 1.0000, 'en', 'pending', NULL, '2020-06-22 22:23:32', '2020-06-22 22:25:20'),
(73, NULL, 'informacion.smartpc@gmail.com', '0995850151', 'Juan', 'Fernando', 'Peña', '1720736428', 'Juan', 'Peña', 'La Forestal', NULL, 'Quito', 'Pichincha', '170604', 'EC', 'Juan', 'Peña', 'La Forestal', NULL, 'Quito', 'Pichincha', '170604', 'EC', 21.0000, 'local_pickup', '1A090D81DE0109CF84FD49185AAC1CDC.uat01-vm-tx03', 0.0000, NULL, 0.0000, 23.5200, 'credit_card', 'USD', 1.0000, 'en', 'pending', NULL, '2020-06-23 15:52:42', '2020-06-23 15:56:37'),
(74, 12, 'zaidm2541@gmail.com', '664546542', 'IMAN', 'LWMR', 'LWMR', 'X6394164A', 'Calle de Santa Engracia', 'torres', 'Av constitución 181', 'Av constitución 181', 'Almería', 'Almería', '04117', 'EC', 'Calle de Santa Engracia', 'torres', 'Av constitución 181', 'Av constitución 181', 'Almería', 'Almería', '04117', 'EC', 250.0000, 'free_shipping', NULL, 0.0000, NULL, 0.0000, 250.0000, 'credit_card', 'USD', 1.0000, 'en', 'pending_payment', '2020-06-28 03:17:45', '2020-06-28 03:17:45', '2020-06-28 03:17:45'),
(75, 12, 'zaidm2541@gmail.com', '664546542', 'IMAN', 'LWMR', 'LWMR', 'X6394164A', 'Calle de Santa Engracia', 'torres', 'Av constitución 181', 'Av constitución 181', 'Almería', 'Almería', '04117', 'EC', 'Calle de Santa Engracia', 'torres', 'Av constitución 181', 'Av constitución 181', 'Almería', 'Almería', '04117', 'EC', 250.0000, 'flat_rate', NULL, 9.0000, NULL, 0.0000, 259.0000, 'cod', 'USD', 1.0000, 'en', 'pending', NULL, '2020-06-28 03:18:21', '2020-06-28 03:18:21'),
(76, 1, 'informacion.smartpc@gmail.com', '0995850151', 'Juan', 'Fernando', 'Peña', '1720736428', 'Juan', 'Fernando', 'la Forestal', NULL, 'Quito', 'Pichincha', '170604', 'EC', 'Juan', 'Fernando', 'la Forestal', NULL, 'Quito', 'Pichincha', '170604', 'EC', 9.0000, 'local_pickup', '0D7968E2C21C94DFFF67CE8B636F2EE6.prod02-vm-tx08', 0.0000, NULL, 0.0000, 10.0800, 'credit_card', 'USD', 1.0000, 'en', 'pending_payment', NULL, '2020-07-10 04:08:37', '2020-07-10 04:08:38'),
(77, 1, 'informacion.smartpc@gmail.com', '0995850151', 'Juan', 'Fernando', 'Peña', '1720736428', 'Juan', 'Fernando', 'la Forestal', NULL, 'Quito', 'Pichincha', '170604', 'EC', 'Juan', 'Fernando', 'la Forestal', NULL, 'Quito', 'Pichincha', '170604', 'EC', 9.0000, 'local_pickup', 'C967F48C2379F0FCED2BC2AC955022B4.prod02-vm-tx09', 0.0000, NULL, 0.0000, 10.0800, 'credit_card', 'USD', 1.0000, 'en', 'pending_payment', NULL, '2020-07-10 04:09:58', '2020-07-10 04:09:58'),
(78, 1, 'informacion.smartpc@gmail.com', '0995850151', 'Juan', 'Fernando', 'Peña', '1720736428', 'Juan', 'Fernando', 'La Forestal', NULL, 'Quito', 'Pichincha', '170604', 'EC', 'Juan', 'Fernando', 'La Forestal', NULL, 'Quito', 'Pichincha', '170604', 'EC', 9.0000, 'local_pickup', '89E002AEE38DD004009DF30B95277285.prod02-vm-tx07', 0.0000, NULL, 0.0000, 10.0800, 'credit_card', 'USD', 1.0000, 'en', 'pending_payment', NULL, '2020-07-10 04:12:15', '2020-07-10 04:12:15'),
(79, 1, 'informacion.smartpc@gmail.com', '0995850151', 'Juan', 'Fernando', 'Peña', '1720736428', 'Juan', 'Peña', 'La Forestal', NULL, 'Quito', 'Quito', '170604', 'EC', 'Juan', 'Peña', 'La Forestal', NULL, 'Quito', 'Quito', '170604', 'EC', 9.0000, 'local_pickup', NULL, 0.0000, NULL, 0.0000, 10.0800, 'credit_card', 'USD', 1.0000, 'en', 'pending_payment', '2020-07-10 13:14:17', '2020-07-10 13:14:16', '2020-07-10 13:14:17'),
(80, 1, 'informacion.smartpc@gmail.com', '0995850151', 'Juan', 'Fernando', 'Peña', '1720736428', 'Juan', 'Peña', 'La Forestal', NULL, 'Quito', 'Quito', '170604', 'EC', 'Juan', 'Peña', 'La Forestal', NULL, 'Quito', 'Quito', '170604', 'EC', 9.0000, 'local_pickup', NULL, 0.0000, NULL, 0.0000, 10.0800, 'credit_card', 'USD', 1.0000, 'en', 'pending_payment', '2020-07-10 13:14:41', '2020-07-10 13:14:41', '2020-07-10 13:14:41'),
(81, 1, 'informacion.smartpc@gmail.com', '0995850151', 'Juan', 'Fernando', 'Peña', '1720736428', 'Juan', 'Peña', 'La Forestal', NULL, 'Quito', 'Quito', '170604', 'EC', 'Juan', 'Peña', 'La Forestal', NULL, 'Quito', 'Quito', '170604', 'EC', 9.0000, 'local_pickup', 'F96330FFD04CFC465571B29CC4E800BA.prod02-vm-tx09', 0.0000, NULL, 0.0000, 10.0800, 'credit_card', 'USD', 1.0000, 'en', 'pending_payment', NULL, '2020-07-10 13:14:58', '2020-07-10 13:14:58'),
(82, NULL, 'informacion.smartpc@gmail.com', '0995850151', 'Juan', 'Fernando', 'Peña', '1720736428', 'Juan', 'Fernando', 'La Forestal', NULL, 'Quito', 'Pichincha', '170604', 'EC', 'Juan', 'Fernando', 'La Forestal', NULL, 'Quito', 'Pichincha', '170604', 'EC', 9.0000, 'local_pickup', '04F6E713D2C7D6B4E11EFB2FAF50357E.prod02-vm-tx06', 0.0000, NULL, 0.0000, 10.0800, 'credit_card', 'USD', 1.0000, 'en', 'pending_payment', NULL, '2020-07-14 15:14:52', '2020-07-14 15:14:53'),
(83, NULL, 'informacion.smartpc@gmail.com', '995850151', 'JUAN', 'FERNANDO', 'PEÑS', '1720736428', 'JUENA', 'FERNANDO', 'FORESTAÑ', NULL, 'QUIRO', 'PICHICN', '170604', 'EC', 'JUENA', 'FERNANDO', 'FORESTAÑ', NULL, 'QUIRO', 'PICHICN', '170604', 'EC', 9.0000, 'local_pickup', '0E32868F080D16D14E0A045A0D926D11.prod02-vm-tx09', 0.0000, NULL, 0.0000, 10.0800, 'credit_card', 'USD', 1.0000, 'en', 'pending_payment', NULL, '2020-07-14 18:57:04', '2020-07-14 18:57:04'),
(84, NULL, 'informacion.smartpc@gmail.com', '0995850151', 'Juan', 'Fernando', 'Peña', '1720736428', 'Juan', 'Peña', 'La Forestal', NULL, 'Quito', 'Pichincha', '170604', 'EC', 'Juan', 'Peña', 'La Forestal', NULL, 'Quito', 'Pichincha', '170604', 'EC', 9.0000, 'local_pickup', '95F0FE71D410A2E198E7AE85DA717CA1.prod02-vm-tx10', 0.0000, NULL, 0.0000, 10.0800, 'credit_card', 'USD', 1.0000, 'en', 'pending', NULL, '2020-07-15 16:07:20', '2020-07-15 16:08:30'),
(85, 1, 'informacion.smartpc@gmail.com', '0995850151', 'Juan', 'Fernando', 'Peña', '1720736428', 'Juan Fernando', 'Peña', 'La Forestal', NULL, 'Quito', 'Pichincha', '170604', 'EC', 'Juan Fernando', 'Peña', 'La Forestal', NULL, 'Quito', 'Pichincha', '170604', 'EC', 6.0000, 'local_pickup', '112E1E0AD895A7E0D575764405528898.prod02-vm-tx10', 0.0000, NULL, 0.0000, 6.7200, 'credit_card', 'USD', 1.0000, 'en', 'pending', NULL, '2020-07-15 16:55:55', '2020-07-15 16:56:28'),
(86, 1, 'informacion.smartpc@gmail.com', '0995850151', 'Juan', 'Fernando', 'Peña', '1720736428', 'Juan', 'Fernando', 'La Forestal', NULL, 'Quito', 'Pichincha', '170604', 'EC', 'Juan', 'Fernando', 'La Forestal', NULL, 'Quito', 'Pichincha', '170604', 'EC', 6.0000, 'local_pickup', '19DE382A741115D1DC6E37F6D84B4C98.prod02-vm-tx09', 0.0000, NULL, 0.0000, 6.7200, 'credit_card', 'USD', 1.0000, 'en', 'pending', NULL, '2020-07-15 17:31:12', '2020-07-15 17:31:45'),
(87, 10, 'h_mauricio_22@hotmail.com', '0998125839', 'HENRY', 'MAURICIO', 'TERAN', '1719133488', 'MAURICIO', 'TERAN', 'QUITO SECTOR LA FORESTAL', NULL, 'QUITO', 'PICHINCHA', '170604', 'EC', 'MAURICIO', 'TERAN', 'QUITO SECTOR LA FORESTAL', NULL, 'QUITO', 'PICHINCHA', '170604', 'EC', 99.0000, 'free_shipping', NULL, 0.0000, NULL, 0.0000, 99.0000, 'credit_card', 'USD', 1.0000, 'en', 'pending_payment', '2020-07-16 00:45:18', '2020-07-16 00:45:18', '2020-07-16 00:45:18'),
(89, 1, 'informacion.smarpc@gmail.com', '0995850151', 'Juan', 'Fernando', 'Peña', '1720736428', 'JUAN', 'Peña', 'La Forestal', NULL, 'Quito', 'Pichincha', '170604', 'EC', 'JUAN', 'Peña', 'La Forestal', NULL, 'Quito', 'Pichincha', '170604', 'EC', 84.6000, 'free_shipping', 'E458F7DED30EC0ED8CD2B49643AFB539.prod02-vm-tx06', 0.0000, NULL, 0.0000, 85.6800, 'credit_card', 'USD', 1.0000, 'en', 'pending_payment', NULL, '2020-07-16 00:49:59', '2020-07-16 00:50:00'),
(90, 10, 'h_mauricio_22@hotmail.com', '0998125839', 'HENRY', 'MAURICIO', 'TERAN', '1719133488', 'MAURICIO', 'TERAN', 'LA FORESTAL', NULL, 'QUITO', 'PICHINCHA', '170604', 'EC', 'MAURICIO', 'TERAN', 'LA FORESTAL', NULL, 'QUITO', 'PICHINCHA', '170604', 'EC', 99.0000, 'free_shipping', '926C564541951F6FDB7F1562EB86DF3E.prod02-vm-tx10', 0.0000, NULL, 0.0000, 112.4400, 'credit_card', 'USD', 1.0000, 'en', 'pending_payment', NULL, '2020-07-16 00:51:54', '2020-07-16 00:51:54'),
(91, 10, 'h_mauricio_22@hotmail.com', '0998125839', 'HENRY', 'MAURICIO', 'TERAN', '1719133488', 'MAURICIO', 'TERAN', 'QUITO SECTOR LA FORESTAL', NULL, 'QUITO', 'PICHINCHA', '170604', 'EC', 'MAURICIO', 'TERAN', 'QUITO SECTOR LA FORESTAL', NULL, 'QUITO', 'PICHINCHA', '170604', 'EC', 99.0000, 'free_shipping', 'A83566DCE4CE17C6A32CB68E10331903.prod02-vm-tx01', 0.0000, NULL, 0.0000, 112.4400, 'credit_card', 'USD', 1.0000, 'en', 'pending', NULL, '2020-07-16 00:57:22', '2020-07-16 01:03:00'),
(92, NULL, 'h_mauricio_22@hotmail.com', '0998125839', 'HENRY', 'MAURICIO', 'TERAN', '1719133488', 'MNAURICIO', 'TERAN', 'LA FORESTAL', NULL, 'QUITO', 'PICHINCHA', '453533', 'EC', 'MNAURICIO', 'TERAN', 'LA FORESTAL', NULL, 'QUITO', 'PICHINCHA', '453533', 'EC', 24.5500, 'free_shipping', NULL, 0.0000, NULL, 0.0000, 27.4960, 'cod', 'USD', 1.0000, 'en', 'processing', NULL, '2020-07-16 17:20:12', '2020-07-20 02:35:12'),
(94, 1, 'informacion.smartpc@gmail.com', '0995850151', 'Juan', 'Fernando', 'Peña', '1720736428', 'Juan', 'Peña', 'lA FPREA', NULL, 'Quito', 'Pichincha', '170604', 'EC', 'Juan', 'Peña', 'lA FPREA', NULL, 'Quito', 'Pichincha', '170604', 'EC', 9.0000, 'local_pickup', 'C83BD2DCAE3D735B1EFA77F326CDB14E.prod02-vm-tx04', 50.0000, NULL, 0.0000, 60.0800, 'credit_card', 'USD', 1.0000, 'en', 'pending_payment', NULL, '2020-07-20 03:31:16', '2020-07-20 03:31:16'),
(99, NULL, 'e.r.bastidas@hotmail.com', '0993696516', 'Edwin', 'Robert', 'Bastidas', '1718303702001', 'Edwin', 'Bastidas', 'José del Rosario OE3-338 y 25 de Abril', NULL, 'Quito', 'Pichincha', '170553', 'EC', 'Edwin', 'Bastidas', 'José del Rosario OE3-338 y 25 de Abril', NULL, 'Quito', 'Pichincha', '170553', 'EC', 616.0800, 'free_shipping', '7F82BECB52406A9B5049283242CC6F8F.prod02-vm-tx09', 0.0000, NULL, 0.0000, 690.0096, 'credit_card', 'USD', 1.0000, 'en', 'pending_payment', NULL, '2020-08-09 20:47:40', '2020-08-09 20:47:41'),
(100, NULL, 'informacion.smartpc@gmail.com', '0995850151', 'Juan', 'Fernando', 'Peña', '1720736428', 'Juan', 'Fernando', 'La Forestal', NULL, 'Quito', 'Pichincha', '170604', 'EC', 'Juan', 'Fernando', 'La Forestal', NULL, 'Quito', 'Pichincha', '170604', 'EC', 179.0000, 'free_shipping', '346F4BA31FEE9DA2F809D355C1E1BF28.prod02-vm-tx04', 0.0000, NULL, 0.0000, 200.4800, 'credit_card', 'USD', 1.0000, 'en', 'pending_payment', NULL, '2020-08-09 21:35:12', '2020-08-09 21:35:12'),
(101, NULL, 'Informacion.smartpc@gmail.com', '0995850151', 'Juan', 'FERNANDO', 'Peña', '1720736428', 'Juan', 'PEÑA', 'La forestal', NULL, 'Quito', 'Pichincha', '170604', 'EC', 'Juan', 'PEÑA', 'La forestal', NULL, 'Quito', 'Pichincha', '170604', 'EC', 179.0000, 'free_shipping', '8D9C050BA830F82EB1924C78833D93CA.prod02-vm-tx01', 0.0000, NULL, 0.0000, 200.4800, 'credit_card', 'USD', 1.0000, 'en', 'pending_payment', NULL, '2020-08-09 22:25:45', '2020-08-09 22:25:46'),
(109, 15, 'lorena_daza@hotmail.com', '0984878787', 'Lorena', 'Alexandra', 'Daza Duran', '1719504266', 'Lorena', 'Daza Duran', 'calle N4, Oe4-279', 'Luis Pallares', 'Quito', 'pichincha', '170185', 'EC', 'Lorena', 'Daza Duran', 'calle N4, Oe4-279', 'Luis Pallares', 'Quito', 'pichincha', '170185', 'EC', 201.1000, 'local_pickup', '92BE4D1DBAFC8081C4DD7E9F25BAAD97.prod02-vm-tx05', 14.7700, NULL, 0.0000, 240.0020, 'credit_card', 'USD', 1.0000, 'en', 'pending_payment', NULL, '2020-08-11 20:27:51', '2020-08-11 20:27:52'),
(124, NULL, 'japio797@hotmail.com', '0984882306', 'Juan', 'Eduardo', 'Sánchez', '0100758499', 'Juan', 'Sánchez', 'El Carmen de Verdillo sn, a media cuadra de la iglesia del Carmen de Sinincay', NULL, 'Cuenca', 'Azuay', '010167', 'EC', 'Juan', 'Sánchez', 'El Carmen de Verdillo sn, a media cuadra de la iglesia del Carmen de Sinincay', NULL, 'Cuenca', 'Azuay', '010167', 'EC', 535.7140, 'local_pickup', '0D1ACAE81FD560AA10F3A87AB05DF795.prod01-vm-tx04', 0.0000, NULL, 0.0000, 599.9997, 'credit_card', 'USD', 1.0000, 'en', 'pending', NULL, '2020-08-18 02:10:54', '2020-08-18 02:12:13'),
(268, NULL, 'informacion.smartpc@gmail.com', '0995850151', 'Juan', 'Fernando', 'Peña', '1720736428', 'Juan', 'Fernando', 'Quito', NULL, 'Quito', 'Pichincha', '170604', 'EC', 'Juan', 'Fernando', 'Quito', NULL, 'Quito', 'Pichincha', '170604', 'EC', 8.0000, 'local_pickup', '2FE466BF8B33DEF802751FE632287BE3.uat01-vm-tx02', 29.0000, NULL, 0.0000, 37.0000, 'credit_card', 'USD', 1.0000, 'en', 'pending_payment', NULL, '2020-08-24 20:07:03', '2020-08-24 20:07:04'),
(269, NULL, 'informacion.smartpc@gmail.com', '0995850151', 'Juan', 'Fernando', 'Peña', '1720736428', 'Juan', 'Fernando', 'La Forestal', NULL, 'Quito', 'Pichincha', '170604', 'EC', 'Juan', 'Fernando', 'La Forestal', NULL, 'Quito', 'Pichincha', '170604', 'EC', 8.0000, 'local_pickup', 'A0F82045351B6CFBA53B82840EE10FFD.prod01-vm-tx05', 29.0000, NULL, 0.0000, 37.0000, 'credit_card', 'USD', 1.0000, 'en', 'pending', NULL, '2020-08-24 20:09:25', '2020-08-24 20:11:27'),
(270, NULL, 'santiago@corporacionteran.com.ec', '0979284749', 'santiago', 'alexander', 'peña', '1723909287', 'Santaiago', 'Peña', 'quito', NULL, 'QUITO', 'Pichincha', '170604', 'EC', 'Santaiago', 'Peña', 'quito', NULL, 'QUITO', 'Pichincha', '170604', 'EC', 535.7140, 'free_shipping', '1E8DA490F0D7C2B4C5A6D56F1C9962ED.prod01-vm-tx01', 0.0000, NULL, 0.0000, 599.9997, 'credit_card', 'USD', 1.0000, 'en', 'processing', NULL, '2020-08-24 20:40:56', '2020-08-24 21:10:40'),
(271, NULL, 'santiago@corporacionteran.com.ec', '0979284749', 'santiago', 'alexander', 'peña', '1723909287', 'Santaiago', 'Peña', 'quito', NULL, 'QUITO', 'Pichincha', '170604', 'EC', 'Santaiago', 'Peña', 'quito', NULL, 'QUITO', 'Pichincha', '170604', 'EC', 600.0000, 'free_shipping', '84691BF86816742344768CAA833931DE.prod01-vm-tx04', 0.0000, NULL, 0.0000, 600.0000, 'credit_card', 'USD', 1.0000, 'en', 'pending', NULL, '2020-08-24 21:15:40', '2020-08-24 21:16:11'),
(272, 1, 'sdf@asd.com', '2131', 'dsfdsfg', 'sdfg', 'sdfg', '171321', 'sdfg', 'sdfg', 'sdfg', NULL, 'sdfg', 'sdfg', '1321', 'EC', 'sdfg', 'sdfg', 'sdfg', NULL, 'sdfg', 'sdfg', '1321', 'EC', 600.0000, 'free_shipping', 'D5097A6D6E5686C57B62BCEEBA02699D.prod01-vm-tx07', 0.0000, NULL, 0.0000, 600.0000, 'credit_card', 'USD', 1.0000, 'en', 'pending_payment', NULL, '2020-08-24 21:20:42', '2020-08-24 21:20:43'),
(273, 13, 'rogerajr31@gmail.com', '1234567890', 'este', 'alo', 'aun', '1234567890', 'qwerty', 'qwerty', 'qwerty', NULL, 'quito', 'pichincha', '123456', 'EC', 'qwerty', 'qwerty', 'qwerty', NULL, 'quito', 'pichincha', '123456', 'EC', 549.0000, 'free_shipping', '36FF7E81D1F13EF6C9FC7F7F73894CE3.prod01-vm-tx07', 0.0000, NULL, 0.0000, 549.0000, 'credit_card', 'USD', 1.0000, 'en', 'pending_payment', NULL, '2020-08-25 15:15:58', '2020-08-25 15:15:59'),
(274, NULL, 'innuvo@hotmail.com', '0984882306', 'JUAN', 'EDUARDO', 'SANCHEZ', '0100758499', 'JUAN', 'SANCHEZ', 'EL CARMEN DE VERDILLO S/N SININCAY', NULL, 'CUENCA', 'AZUAY', '010107', 'EC', 'JUAN', 'SANCHEZ', 'EL CARMEN DE VERDILLO S/N SININCAY', NULL, 'CUENCA', 'AZUAY', '010107', 'EC', 600.0000, 'free_shipping', '57CCCC83C90DE4A7B01CD4D82EDD5A4C.prod01-vm-tx04', 0.0000, NULL, 0.0000, 600.0000, 'credit_card', 'USD', 1.0000, 'en', 'pending', NULL, '2020-08-26 17:07:22', '2020-08-26 17:08:27'),
(275, NULL, 'dorisbz34@hotmail.com', '0984059243', 'Doris', 'Jimena', 'Batallas', '1712514791', 'Doris', 'Batallas', 'Cayambe s8-232 y Cerro Hermoso', NULL, 'Quito', 'Pichincha', '170603', 'EC', 'Doris', 'Batallas', 'Cayambe s8-232 y Cerro Hermoso', NULL, 'Quito', 'Pichincha', '170603', 'EC', 412.5000, 'free_shipping', '09CCC02B71D71A397C7BC8EBDA6E7B77.prod01-vm-tx02', 0.0000, NULL, 0.0000, 462.0000, 'credit_card', 'USD', 1.0000, 'en', 'pending_payment', '2020-09-01 02:22:38', '2020-09-01 02:20:45', '2020-09-01 02:22:38'),
(276, 18, 'dorisbz34@hotmail.com', '0984059243', 'Doris', 'Jimena', 'Batallas', '1712514791', 'Doris', 'Batallas', 'Cayambe s8-233 y Cerro Hermoso', NULL, 'Quito', 'Pichincha', '170603', 'EC', 'Doris', 'Batallas', 'Cayambe s8-233 y Cerro Hermoso', NULL, 'Quito', 'Pichincha', '170603', 'EC', 412.5000, 'free_shipping', '1B680F51256EAD237657D77B6899B883.prod01-vm-tx10', 0.0000, NULL, 0.0000, 462.0000, 'credit_card', 'USD', 1.0000, 'en', 'pending_payment', '2020-09-01 02:27:47', '2020-09-01 02:25:47', '2020-09-01 02:27:47'),
(277, 18, 'dorisjbz34@hotmail.com', '0984059243', 'Doris', 'Jimena', 'Batallas', '1712514791', 'Doris', 'Batallas', 'Cayambe s8-232 y Cerro Hermoso', NULL, 'Quito', 'Pichincha', '170603', 'EC', 'Doris', 'Batallas', 'Cayambe s8-232 y Cerro Hermoso', NULL, 'Quito', 'Pichincha', '170603', 'EC', 412.5000, 'free_shipping', 'DC78ED355178435210233F0F55138EF3.prod01-vm-tx06', 0.0000, NULL, 0.0000, 462.0000, 'credit_card', 'USD', 1.0000, 'en', 'pending_payment', '2020-09-01 17:22:57', '2020-09-01 17:20:16', '2020-09-01 17:22:57'),
(278, 18, 'dorisbz34@hotmail.com', '0984059243', 'Doris', 'Jimena', 'Batallas', '1712514791', 'Doris', 'Batallas', 'Cayambe s8-232 y Cerro Hermoso', NULL, 'Quito', 'Pichincha', '170603', 'EC', 'Doris', 'Batallas', 'Cayambe s8-232 y Cerro Hermoso', NULL, 'Quito', 'Pichincha', '170603', 'EC', 412.5000, 'free_shipping', '5542EF7A57743BED0DD3FF8AD5DDBD68.prod01-vm-tx07', 0.0000, NULL, 0.0000, 462.0000, 'credit_card', 'USD', 1.0000, 'en', 'pending_payment', '2020-09-02 03:16:03', '2020-09-02 03:14:46', '2020-09-02 03:16:03'),
(279, 13, 'rogerajr31@gmail.com', NULL, 'roger', 'jimenez', NULL, NULL, 'av. 108B-1 Urb. La Pionera', 'jimenez', 'av. 108B-1 Urb. La Pionera', 'av. 108B-1 Urb. La Pionera', 'maracaibo', 'Alabama', '4005', 'EC', 'av. 108B-1 Urb. La Pionera', 'jimenez', 'av. 108B-1 Urb. La Pionera', 'av. 108B-1 Urb. La Pionera', 'maracaibo', 'Alabama', '4005', 'EC', 950.0000, 'free_shipping', NULL, 0.0000, NULL, 0.0000, 950.0000, 'bank_transfer', 'USD', 1.0000, 'en', 'pending', NULL, '2020-09-02 15:26:29', '2020-09-02 15:26:29'),
(280, NULL, 'h_mauricio_22@hotmail.com', '0998125839', 'HENRY', 'MAURICIO', 'TERAN', '1719133488', 'MNAURICIO', 'TERAN', 'LA FORESTAL', NULL, 'QUITO', 'PICHINCHA', '453533', 'EC', 'MNAURICIO', 'TERAN', 'LA FORESTAL', NULL, 'QUITO', 'PICHINCHA', '453533', 'EC', 412.5000, 'free_shipping', '63B527E70BF47FF7D1D3E600D43AD2F0.prod01-vm-tx03', 0.0000, NULL, 0.0000, 462.0000, 'credit_card', 'USD', 1.0000, 'en', 'pending_payment', '2020-09-02 15:38:06', '2020-09-02 15:35:12', '2020-09-02 15:38:06'),
(281, NULL, 'h_mauricio_22@hotmail.com', '0998125839', 'HENRY', 'MAURICIO', 'TERAN', '1719133488', 'MNAURICIO', 'TERAN', 'LA FORESTAL', NULL, 'QUITO', 'PICHINCHA', '453533', 'EC', 'MNAURICIO', 'TERAN', 'LA FORESTAL', NULL, 'QUITO', 'PICHINCHA', '453533', 'EC', 412.5000, 'free_shipping', 'BF2CAD6AF80ACF4A78AA2E817A82236C.prod01-vm-tx05', 0.0000, NULL, 0.0000, 462.0000, 'credit_card', 'USD', 1.0000, 'en', 'pending_payment', '2020-09-02 15:40:33', '2020-09-02 15:39:48', '2020-09-02 15:40:33'),
(282, 13, 'rogerajr31@gmail.com', NULL, 'roger', 'jimenez', NULL, NULL, 'av. 108B-1 Urb. La Pionera', 'jimenez', 'av. 108B-1 Urb. La Pionera', 'av. 108B-1 Urb. La Pionera', 'maracaibo', 'Alabama', '4005', 'EC', 'av. 108B-1 Urb. La Pionera', 'jimenez', 'av. 108B-1 Urb. La Pionera', 'av. 108B-1 Urb. La Pionera', 'maracaibo', 'Alabama', '4005', 'EC', 505.0000, 'free_shipping', NULL, 0.0000, NULL, 0.0000, 505.0000, 'bank_transfer', 'USD', 1.0000, 'en', 'pending', NULL, '2020-09-02 15:55:26', '2020-09-02 15:55:26'),
(283, 17, 'santiago@corporacionteran.com.ec', '0979284749', 'santiago', 'alexander', 'peña', '1723909287', 'Santaiago', 'Peña', 'quito', NULL, 'QUITO', 'Pichincha', '170604', 'EC', 'Santaiago', 'Peña', 'quito', NULL, 'QUITO', 'Pichincha', '170604', 'EC', 462.0000, 'free_shipping', '485033F58F575F02C5BBB46A9AE0B38F.prod01-vm-tx06', 0.0000, NULL, 0.0000, 462.0000, 'credit_card', 'USD', 1.0000, 'en', 'pending_payment', '2020-09-02 15:59:55', '2020-09-02 15:58:46', '2020-09-02 15:59:55'),
(284, 1, 'informacion.smartpc@gmail.com', '1324234', 'Juan Fernando', 'sdfafds', 'Peña', '1720736428', 'Juan', 'Fernando', 'asadasd', NULL, 'Quito', 'dfgdfg', '170604', 'EC', 'Juan', 'Fernando', 'asadasd', NULL, 'Quito', 'dfgdfg', '170604', 'EC', 462.0000, 'free_shipping', '9E4ADD95DFCC237313FBA2A0D510BAC9.prod02-vm-tx10', 0.0000, NULL, 0.0000, 462.0000, 'credit_card', 'USD', 1.0000, 'en', 'pending_payment', NULL, '2020-09-08 02:42:22', '2020-09-08 02:42:22'),
(285, 13, 'rogerajr31@gmail.com', '1234567890', 'este', 'alo', 'aun', '1234567890', 'qwerty', 'qwerty', 'qwerty', NULL, 'quito', 'pichincha', '123456', 'EC', 'qwerty', 'qwerty', 'qwerty', NULL, 'quito', 'pichincha', '123456', 'EC', 699.0000, 'free_shipping', 'ECCA7EECF7D4F4A483DB74BF83549CCA.prod02-vm-tx09', 0.0000, NULL, 0.0000, 699.0000, 'credit_card', 'USD', 1.0000, 'en', 'pending_payment', NULL, '2020-09-24 18:07:02', '2020-09-24 18:07:03'),
(286, NULL, 'Johngabriel_1995@hotmail.com', '0978633607', 'John', 'Gabriel', 'Pin Quiroz', '1313619700', 'Pascual', 'Pin', 'Flor de bastion', 'Bloque 6 Mz 1166 solar 30', 'Guayaquil', 'Guayas- Guayaquil', '090808', 'EC', 'Pascual', 'Pin', 'Flor de bastion', 'Bloque 6 Mz 1166 solar 30', 'Guayaquil', 'Guayas- Guayaquil', '090808', 'EC', 699.0000, 'free_shipping', '94629D4CBBF2A7517F621A601ADDB7D8.prod02-vm-tx05', 0.0000, NULL, 0.0000, 699.0000, 'credit_card', 'USD', 1.0000, 'en', 'pending_payment', '2020-09-25 14:29:34', '2020-09-25 14:28:19', '2020-09-25 14:29:34'),
(287, 19, 'cespinosa@redesecuador.com', '0984267814', 'Alejandro', 'Cristobal', 'Espinosa', '1792791030001', 'Colegio', 'Gutenberg Schule', 'Esmeralda 8', 'Chillo Jijon', 'Quito', 'Pichincha', '170805', 'EC', 'Juan', 'Espinosa', 'Valle de Los Chillos urbanización Capelo', 'Calle Josefina Barba 233 y Manuel Garaicoa', 'Quito', 'Pichincha', '171101', 'EC', 690.0000, 'flat_rate', 'F563870CAE4BA6266889B1E11AAEFAD1.prod01-vm-tx04', 9.0000, NULL, 0.0000, 699.0000, 'credit_card', 'USD', 1.0000, 'en', 'pending_payment', '2020-11-06 14:16:04', '2020-11-06 14:14:45', '2020-11-06 14:16:04'),
(288, 19, 'cespinosa@redesecuador.com', '0984267814', 'Alejandro', 'Cristobal', 'Espinosa', '1707777197', 'Colegio', 'Gutenberg Schule', 'Esmeralda 8', 'Chillo Jijon', 'Quito', 'Pichincha', '170805', 'EC', 'Juan', 'Espinosa', 'Valle de Los Chillos urbanización Capelo', 'Josefina Barba 233 y Manuela Garaicoa', 'Quito', 'Pichincha', '171101', 'EC', 690.0000, 'flat_rate', '4E3B9E6D53C8FC875EA8A8646C14EC4B.prod01-vm-tx07', 9.0000, NULL, 0.0000, 699.0000, 'credit_card', 'USD', 1.0000, 'en', 'pending_payment', '2020-11-06 14:21:04', '2020-11-06 14:20:07', '2020-11-06 14:21:04'),
(289, 19, 'cespinosa@redesecuador.com', '0984267814', 'Alejandro', 'Cristobal', 'Espinosa', '1792791030001', 'Colegio', 'Gutenberg Schule', 'Esmeralda 8', 'Chillo Jijon', 'Quito', 'Pichincha', '170805', 'EC', 'Juan', 'Espinosa', 'Valle de Los Chillos urbanización Capelo', 'Josefina Barba 233 y Manuela Garaicoa', 'Quito', 'Pichincha', '171101', 'EC', 690.0000, 'flat_rate', '066E492468ED0D31C5EB7E4687A90DD7.prod01-vm-tx07', 9.0000, NULL, 0.0000, 699.0000, 'credit_card', 'USD', 1.0000, 'en', 'pending_payment', '2020-11-06 14:24:13', '2020-11-06 14:23:28', '2020-11-06 14:24:13');

-- --------------------------------------------------------

--
-- Estructura de tabla para la tabla `order_products`
--

CREATE TABLE `order_products` (
  `id` int(10) UNSIGNED NOT NULL,
  `order_id` int(10) UNSIGNED NOT NULL,
  `product_id` int(10) UNSIGNED NOT NULL,
  `unit_price` decimal(18,4) UNSIGNED NOT NULL,
  `qty` int(11) NOT NULL,
  `line_total` decimal(18,4) UNSIGNED NOT NULL
) ENGINE=InnoDB DEFAULT CHARSET=utf8mb4 COLLATE=utf8mb4_unicode_ci;

--
-- Volcado de datos para la tabla `order_products`
--

INSERT INTO `order_products` (`id`, `order_id`, `product_id`, `unit_price`, `qty`, `line_total`) VALUES
(54, 42, 65, 9.0000, 1, 9.0000),
(55, 42, 64, 6.0000, 1, 6.0000),
(56, 43, 65, 9.0000, 1, 9.0000),
(57, 43, 64, 6.0000, 1, 6.0000),
(58, 44, 65, 9.0000, 1, 9.0000),
(59, 44, 64, 6.0000, 1, 6.0000),
(60, 45, 21, 303.0000, 1, 303.0000),
(61, 46, 32, 1285.0000, 1, 1285.0000),
(62, 47, 32, 1285.0000, 1, 1285.0000),
(63, 48, 66, 790.0000, 1, 790.0000),
(64, 48, 15, 1350.0000, 1, 1350.0000),
(65, 49, 65, 9.0000, 1, 9.0000),
(66, 49, 64, 6.0000, 1, 6.0000),
(67, 50, 65, 9.0000, 1, 9.0000),
(68, 50, 64, 6.0000, 1, 6.0000),
(69, 51, 65, 9.0000, 1, 9.0000),
(70, 52, 65, 9.0000, 1, 9.0000),
(71, 53, 65, 9.0000, 1, 9.0000),
(72, 53, 64, 6.0000, 1, 6.0000),
(73, 54, 65, 9.0000, 1, 9.0000),
(74, 54, 64, 6.0000, 1, 6.0000),
(75, 55, 65, 9.0000, 1, 9.0000),
(76, 56, 65, 9.0000, 1, 9.0000),
(77, 56, 64, 6.0000, 1, 6.0000),
(78, 57, 65, 9.0000, 1, 9.0000),
(79, 57, 64, 6.0000, 1, 6.0000),
(80, 58, 63, 21.0000, 1, 21.0000),
(81, 59, 63, 21.0000, 1, 21.0000),
(82, 60, 65, 9.0000, 1, 9.0000),
(83, 60, 64, 6.0000, 1, 6.0000),
(84, 61, 65, 9.0000, 1, 9.0000),
(85, 61, 64, 6.0000, 1, 6.0000),
(86, 62, 65, 9.0000, 1, 9.0000),
(87, 62, 64, 6.0000, 1, 6.0000),
(88, 63, 65, 9.0000, 1, 9.0000),
(89, 63, 64, 6.0000, 1, 6.0000),
(90, 64, 65, 9.0000, 1, 9.0000),
(91, 64, 64, 6.0000, 1, 6.0000),
(92, 65, 65, 9.0000, 1, 9.0000),
(93, 65, 64, 6.0000, 1, 6.0000),
(94, 66, 65, 9.0000, 1, 9.0000),
(95, 67, 65, 9.0000, 1, 9.0000),
(96, 67, 64, 6.0000, 1, 6.0000),
(97, 68, 63, 21.0000, 1, 21.0000),
(98, 69, 63, 21.0000, 1, 21.0000),
(99, 70, 63, 21.0000, 1, 21.0000),
(100, 71, 64, 6.0000, 1, 6.0000),
(101, 71, 63, 21.0000, 1, 21.0000),
(102, 72, 64, 6.0000, 1, 6.0000),
(103, 72, 63, 21.0000, 1, 21.0000),
(104, 73, 63, 21.0000, 1, 21.0000),
(105, 74, 1, 250.0000, 1, 250.0000),
(106, 75, 1, 250.0000, 1, 250.0000),
(107, 76, 65, 9.0000, 1, 9.0000),
(108, 77, 65, 9.0000, 1, 9.0000),
(109, 78, 65, 9.0000, 1, 9.0000),
(110, 79, 65, 9.0000, 1, 9.0000),
(111, 80, 65, 9.0000, 1, 9.0000),
(112, 81, 65, 9.0000, 1, 9.0000),
(113, 82, 65, 9.0000, 1, 9.0000),
(114, 83, 65, 9.0000, 1, 9.0000),
(115, 84, 65, 9.0000, 1, 9.0000),
(116, 85, 64, 6.0000, 1, 6.0000),
(117, 86, 64, 6.0000, 1, 6.0000),
(118, 87, 10, 99.0000, 1, 99.0000),
(120, 89, 65, 9.0000, 1, 9.0000),
(121, 89, 24, 75.6000, 1, 75.6000),
(122, 90, 10, 112.0000, 1, 112.0000),
(123, 91, 10, 112.0000, 1, 112.0000),
(124, 92, 67, 24.5500, 1, 24.5500),
(127, 94, 65, 9.0000, 1, 9.0000),
(132, 99, 81, 616.0800, 1, 616.0800),
(133, 100, 1, 179.0000, 1, 179.0000),
(134, 101, 1, 179.0000, 1, 179.0000),
(142, 109, 82, 201.1000, 1, 201.1000),
(157, 124, 43, 535.7140, 1, 535.7140),
(323, 268, 65, 8.0000, 1, 8.0000),
(324, 269, 65, 8.0000, 1, 8.0000),
(325, 270, 43, 535.7140, 1, 535.7140),
(326, 271, 43, 600.0000, 1, 600.0000),
(327, 272, 43, 600.0000, 1, 600.0000),
(328, 273, 72, 549.0000, 1, 549.0000),
(329, 274, 43, 600.0000, 1, 600.0000),
(330, 275, 27, 412.5000, 1, 412.5000),
(331, 276, 27, 412.5000, 1, 412.5000),
(332, 277, 27, 412.5000, 1, 412.5000),
(333, 278, 27, 412.5000, 1, 412.5000),
(334, 279, 81, 950.0000, 1, 950.0000),
(335, 280, 27, 412.5000, 1, 412.5000),
(336, 281, 27, 412.5000, 1, 412.5000),
(337, 282, 27, 505.0000, 1, 505.0000),
(338, 283, 27, 462.0000, 1, 462.0000),
(339, 284, 27, 462.0000, 1, 462.0000),
(340, 285, 107, 699.0000, 1, 699.0000),
(341, 286, 107, 699.0000, 1, 699.0000),
(342, 287, 43, 690.0000, 1, 690.0000),
(343, 288, 43, 690.0000, 1, 690.0000),
(344, 289, 43, 690.0000, 1, 690.0000);

-- --------------------------------------------------------

--
-- Estructura de tabla para la tabla `order_product_options`
--

CREATE TABLE `order_product_options` (
  `id` int(10) UNSIGNED NOT NULL,
  `order_product_id` int(10) UNSIGNED NOT NULL,
  `option_id` int(10) UNSIGNED NOT NULL
) ENGINE=InnoDB DEFAULT CHARSET=utf8mb4 COLLATE=utf8mb4_unicode_ci;

--
-- Volcado de datos para la tabla `order_product_options`
--

INSERT INTO `order_product_options` (`id`, `order_product_id`, `option_id`) VALUES
(8, 60, 15),
(9, 61, 26),
(10, 62, 26),
(11, 105, 1),
(12, 105, 2),
(13, 106, 1),
(14, 106, 2),
(15, 118, 10),
(18, 121, 18),
(19, 122, 10),
(20, 123, 10),
(29, 132, 99),
(30, 133, 1),
(31, 133, 2),
(32, 134, 1),
(33, 134, 2),
(38, 142, 101),
(39, 142, 102),
(68, 157, 96),
(69, 157, 97),
(179, 325, 96),
(180, 325, 97),
(181, 326, 96),
(182, 326, 97),
(183, 327, 96),
(184, 327, 97),
(185, 328, 81),
(186, 329, 96),
(187, 329, 97),
(188, 330, 21),
(189, 331, 21),
(190, 332, 21),
(191, 333, 21),
(192, 334, 99),
(193, 335, 21),
(194, 336, 21),
(195, 337, 21),
(196, 338, 21),
(197, 339, 21),
(198, 340, 127),
(199, 341, 127),
(200, 342, 96),
(201, 342, 97),
(202, 343, 96),
(203, 343, 97),
(204, 344, 96),
(205, 344, 97);

-- --------------------------------------------------------

--
-- Estructura de tabla para la tabla `order_product_option_values`
--

CREATE TABLE `order_product_option_values` (
  `order_product_option_id` int(10) UNSIGNED NOT NULL,
  `option_value_id` int(10) UNSIGNED NOT NULL,
  `price` decimal(18,4) UNSIGNED DEFAULT NULL
) ENGINE=InnoDB DEFAULT CHARSET=utf8mb4 COLLATE=utf8mb4_unicode_ci;

--
-- Volcado de datos para la tabla `order_product_option_values`
--

INSERT INTO `order_product_option_values` (`order_product_option_id`, `option_value_id`, `price`) VALUES
(8, 56, 51.0000),
(9, 91, 0.0000),
(10, 91, 0.0000),
(11, 3, 57.0000),
(12, 6, NULL),
(13, 3, 57.0000),
(14, 6, NULL),
(15, 36, 20.0000),
(18, 112, 0.0000),
(19, 36, 20.0000),
(20, 36, 20.0000),
(29, 389, 0.0000),
(30, 1, NULL),
(31, 5, NULL),
(32, 1, NULL),
(33, 5, NULL),
(38, 402, 101.6100),
(39, 405, NULL),
(68, 378, 0.0000),
(69, 380, NULL),
(179, 378, 0.0000),
(180, 379, NULL),
(181, 378, 0.0000),
(182, 379, NULL),
(183, 378, 0.0000),
(184, 380, NULL),
(185, 310, 0.0000),
(186, 378, 0.0000),
(187, 381, NULL),
(188, 76, 39.2900),
(189, 76, 39.2900),
(190, 76, 39.2900),
(191, 76, 39.2900),
(192, 391, 260.0000),
(193, 76, 39.2900),
(194, 76, 39.2900),
(195, 77, 87.0000),
(196, 76, 44.0000),
(197, 76, 44.0000),
(198, 498, 100.0000),
(199, 498, 100.0000),
(200, 376, 91.0000),
(201, 381, NULL),
(202, 376, 91.0000),
(203, 381, NULL),
(204, 376, 91.0000),
(205, 381, NULL);

-- --------------------------------------------------------

--
-- Estructura de tabla para la tabla `order_taxes`
--

CREATE TABLE `order_taxes` (
  `order_id` int(10) UNSIGNED NOT NULL,
  `tax_rate_id` int(10) UNSIGNED NOT NULL,
  `amount` decimal(15,4) UNSIGNED NOT NULL
) ENGINE=InnoDB DEFAULT CHARSET=utf8mb4 COLLATE=utf8mb4_unicode_ci;

--
-- Volcado de datos para la tabla `order_taxes`
--

INSERT INTO `order_taxes` (`order_id`, `tax_rate_id`, `amount`) VALUES
(42, 1, 1.0800),
(43, 1, 1.0800),
(44, 1, 1.0800),
(54, 1, 1.0800),
(55, 1, 1.0800),
(56, 1, 1.0800),
(57, 1, 1.0800),
(59, 1, 2.5200),
(60, 1, 1.8000),
(61, 1, 1.8000),
(62, 1, 1.8000),
(63, 1, 1.8000),
(64, 1, 1.8000),
(65, 1, 1.8000),
(66, 1, 1.0800),
(67, 1, 1.8000),
(68, 1, 2.5200),
(69, 1, 2.5200),
(70, 1, 2.5200),
(71, 1, 3.2400),
(72, 1, 3.2400),
(73, 1, 2.5200),
(76, 1, 1.0800),
(77, 1, 1.0800),
(78, 1, 1.0800),
(79, 1, 1.0800),
(80, 1, 1.0800),
(81, 1, 1.0800),
(82, 1, 1.0800),
(83, 1, 1.0800),
(84, 1, 1.0800),
(85, 1, 0.7200),
(86, 1, 0.7200),
(89, 1, 1.0800),
(90, 1, 13.4400),
(91, 1, 13.4400),
(92, 1, 2.9460),
(94, 1, 1.0800),
(99, 1, 73.9296),
(100, 1, 21.4800),
(101, 1, 21.4800),
(109, 1, 24.1320),
(124, 1, 64.2857),
(270, 1, 64.2857),
(275, 1, 49.5000),
(276, 1, 49.5000),
(277, 1, 49.5000),
(278, 1, 49.5000),
(280, 1, 49.5000),
(281, 1, 49.5000);

-- --------------------------------------------------------

--
-- Estructura de tabla para la tabla `pages`
--

CREATE TABLE `pages` (
  `id` int(10) UNSIGNED NOT NULL,
  `slug` varchar(191) COLLATE utf8mb4_unicode_ci NOT NULL,
  `is_active` tinyint(1) NOT NULL,
  `created_at` timestamp NULL DEFAULT NULL,
  `updated_at` timestamp NULL DEFAULT NULL
) ENGINE=InnoDB DEFAULT CHARSET=utf8mb4 COLLATE=utf8mb4_unicode_ci;

--
-- Volcado de datos para la tabla `pages`
--

INSERT INTO `pages` (`id`, `slug`, `is_active`, `created_at`, `updated_at`) VALUES
(1, '¿qué-somos', 1, '2019-08-06 05:13:28', '2019-08-06 05:13:28'),
(2, 'términos-y-condiciones', 1, '2019-09-04 23:25:32', '2019-09-04 23:25:32'),
(3, 'políticas-de-privacidad', 1, '2019-09-04 23:36:25', '2019-09-04 23:36:25'),
(4, 'local', 1, '2019-09-13 16:52:53', '2019-09-13 17:18:35'),
(5, 'garantías-cambios-y-devoluciones', 1, '2020-01-14 10:06:27', '2020-01-14 10:06:27'),
(6, 'visión', 1, '2020-01-14 10:24:51', '2020-01-14 10:24:51');

-- --------------------------------------------------------

--
-- Estructura de tabla para la tabla `page_translations`
--

CREATE TABLE `page_translations` (
  `id` int(10) UNSIGNED NOT NULL,
  `page_id` int(10) UNSIGNED NOT NULL,
  `locale` varchar(191) COLLATE utf8mb4_unicode_ci NOT NULL,
  `name` varchar(191) COLLATE utf8mb4_unicode_ci NOT NULL,
  `body` text COLLATE utf8mb4_unicode_ci NOT NULL
) ENGINE=InnoDB DEFAULT CHARSET=utf8mb4 COLLATE=utf8mb4_unicode_ci;

--
-- Volcado de datos para la tabla `page_translations`
--

INSERT INTO `page_translations` (`id`, `page_id`, `locale`, `name`, `body`) VALUES
(1, 1, 'en', 'Misión', '<h2 class=\"_2cuy _3dgx _2vxa\"><strong>MISI&Oacute;N</strong></h2>\r\n<p>Comercializar productos de calidad a trav&eacute;s de din&aacute;micas tiendas ubicadas en&nbsp;parte de la ciudad Quite&ntilde;a especializadas en categor&iacute;as como Salas, Comedores,&nbsp;Camas, entre otras, y ofrecer servicios de valor agregado, para satisfacer las&nbsp;aspiraciones de los consumidores.</p>'),
(2, 2, 'en', 'Términos y Condiciones', '<h2 style=\"text-align: center;\"><strong><span style=\"text-decoration: underline;\">Condiciones Generales</span></strong></h2>\r\n<p>&nbsp;</p>\r\n<p style=\"text-align: justify;\">Los presentes T&eacute;rminos y Condiciones regulan el acceso y el uso que <strong>Comercial Ter&aacute;n</strong> ofrece mediante su plataforma web de publicaci&oacute;n y comercializaci&oacute;n de art&iacute;culos y muebles para el hogar y oficina, ubicada en www.Comercial Ter&aacute;n.com (la &ldquo;web de Comercial Ter&aacute;n&rdquo;) y en sus dominios asociados a los usuarios registrados.</p>\r\n<p style=\"text-align: justify;\">Se entender&aacute; que ha aceptado los presentes T&eacute;rminos y Condiciones de uso, tanto con el registro como usuario de Comercial Ter&aacute;n, mediante la utilizaci&oacute;n de forma efectiva de la web de <strong>Comercial Ter&aacute;n</strong>. Si no desea esta vinculaci&oacute;n bajo las normas planteadas en estos T&eacute;rminos y Condiciones no puede hacer uso del servicio que ofrece <strong>Comercial Ter&aacute;n</strong> a trav&eacute;s de su plataforma web.</p>\r\n<p style=\"text-align: justify;\">&nbsp;</p>\r\n<p style=\"text-align: justify;\"><strong>Comercial Ter&aacute;n</strong> se reserva la posibilidad de modificar unilateralmente en cualquier momento y sin previo aviso el dise&ntilde;o, presentaci&oacute;n, configuraci&oacute;n y/o los&nbsp;T&eacute;rminos y Condiciones de la plataforma web, as&iacute; como algunas o todas las funcionalidades y/o a&ntilde;adir funcionalidades nuevas. Asimismo, Comercial Ter&aacute;n se reserva el derecho de modificar o cambiar las presentes&nbsp;T&eacute;rminos y Condiciones con el objeto de adecuarlo a la legislaci&oacute;n vigente aplicable en cada momento, a las novedades jurisprudenciales y a las pr&aacute;cticas habituales de mercado. En este sentido, es tu responsabilidad acceder a esta p&aacute;gina peri&oacute;dicamente para estar al corriente de las actualizaciones.</p>\r\n<p style=\"text-align: justify;\">&nbsp;</p>\r\n<p style=\"text-align: justify;\">&nbsp;</p>\r\n<h2 style=\"text-align: justify;\"><strong>CUENTA DE USUARIO DE COMERCIAL TER&Aacute;N</strong></h2>\r\n<p style=\"text-align: justify;\">&nbsp;</p>\r\n<p style=\"text-align: justify;\">&nbsp; &nbsp; &nbsp; 1.- Para poder acceder al servicio ofrecido por <strong>Comercial Ter&aacute;n</strong> es necesario crear una cuenta de usuario registrado, facilitando a <strong>Comercial Ter&aacute;n</strong> un nombre de usuario, una direcci&oacute;n de correo electr&oacute;nico y una contrase&ntilde;a.</p>\r\n<p style=\"text-align: justify;\">A los efectos del presente, se considerar&aacute; &ldquo;Usuario&rdquo; a toda aquella persona que contrate el uso de la plataforma web mediante el registro correspondiente y/o, de alg&uacute;n modo, utilice los servicios que presta <strong>Comercial Ter&aacute;n</strong>. Los datos recabados en el formulario para el registro de los Usuarios son los adecuados, pertinentes y no excesivos en relaci&oacute;n a las finalidades y servicios que ofrece <strong>Comercial Ter&aacute;n</strong>.</p>\r\n<p style=\"text-align: justify;\">&nbsp;</p>\r\n<p style=\"text-align: justify;\">&nbsp; &nbsp; &nbsp; 2.- Podr&aacute;n registrarse en <strong>Comercial Ter&aacute;n</strong> todas aquellas personas f&iacute;sicas o jur&iacute;dicas que en su pa&iacute;s de residencia o domicilio social sean consideradas, en el caso de personas f&iacute;sicas, legalmente mayores de edad y, en ambos casos, ostenten capacidad legal para contratar. Las personas menores de edad deber&aacute;n contar con el consentimiento de sus padres o tutores para poder hacer uso de <strong>Comercial Ter&aacute;n</strong>, en cuyo caso los padres o tutores deber&aacute;n leer y aceptar (a trav&eacute;s del registro) los T&eacute;rminos y Condiciones.</p>\r\n<p style=\"text-align: justify;\">&nbsp;</p>\r\n<p style=\"text-align: justify;\">&nbsp;</p>\r\n<h2 style=\"text-align: justify;\"><strong>LICENCIA DE USO DE&nbsp;</strong><strong>COMERCIAL TER&Aacute;N</strong></h2>\r\n<p style=\"text-align: justify;\">&nbsp;</p>\r\n<ul style=\"text-align: justify;\">\r\n<li style=\"text-align: justify;\"><strong>Licencia:</strong> <strong>Comercial Ter&aacute;n</strong> le ofrece licencia limitada y no exclusiva para utilizar el servicio <strong>Comercial Ter&aacute;n</strong> para uso personal o comercial. Esta licencia permite al Usuario hacer uso de la plataforma de <strong>Comercial Ter&aacute;n</strong> para explorar, sondear y sugerir en la p&aacute;gina web <strong>Comercial Ter&aacute;n</strong>. Esta licencia es intransferible y no puede ser sublicenciada a un tercero.</li>\r\n</ul>\r\n<p style=\"text-align: justify;\">&nbsp;</p>\r\n<ul>\r\n<li style=\"text-align: justify;\"><strong>Restricciones:</strong> Excepto que <strong>Comercial Ter&aacute;n</strong> le otorgue autorizaci&oacute;n expresa y por escrito, no podr&aacute; bajo ning&uacute;n concepto redistribuir, vender o plagiar publicaciones y c&oacute;digos expuestos en la web de <strong>Comercial Ter&aacute;n</strong> ni en las aplicaciones m&oacute;viles generadas con <strong>Comercial Ter&aacute;n</strong>, as&iacute; como tampoco realizar ning&uacute;n tipo de modificaci&oacute;n, recompilaci&oacute;n, desensamblaje, ingenier&iacute;a inversa o cualquier otra operaci&oacute;n que tienda a intervenir con la plataforma web de <strong>Comercial Ter&aacute;n</strong>.</li>\r\n</ul>'),
(3, 3, 'en', 'Políticas de Privacidad', '<h2 style=\"text-align: center;\"><span style=\"text-decoration: underline;\"><strong>Pol&iacute;ticas de Privacidad</strong></span></h2>\r\n<p>&nbsp;</p>\r\n<p style=\"text-align: justify;\">&nbsp;</p>\r\n<p class=\"p1\">Esta pol&iacute;tica de privacidad establece c&oacute;mo en <strong>Comercial Ter&aacute;n</strong> usamos y protegemos cualquier informaci&oacute;n que usted nos proporciona cuando utiliza nuestro sitio web. <strong>Comercial Ter&aacute;n</strong> se compromete a garantizar que su privacidad est&aacute; protegida. Si le solicitamos cierta informaci&oacute;n la cual usted puede ser identificado al usar este sitio web, usted puede estar seguro de que s&oacute;lo se utilizar&aacute; de acuerdo con esta declaraci&oacute;n de privacidad. Las Pol&iacute;ticas de privacidad que a continuaci&oacute;n detallamos pueden estar sujetas a futuros cambios. Usted debe visitar esta p&aacute;gina periodicamente para asegurarse de que est&aacute; satisfecho con los cambios.</p>\r\n<p style=\"text-align: justify;\">&nbsp;</p>\r\n<p style=\"text-align: justify;\">&nbsp;</p>\r\n<h2 style=\"text-align: justify;\"><strong>TIPO DE INFORMACI&Oacute;N QUE SE OBTIENE</strong></h2>\r\n<p style=\"text-align: justify;\">&nbsp;</p>\r\n<p style=\"text-align: justify;\">Est&aacute; bajo las normas de confidencialidad y/o privacidad toda aquella informaci&oacute;n se obtiene del usuario al utilizar los servicios que ofrecemos mediante nuestros sitios web, formularios de suscripci&oacute;n a newsletters, registros de usuarios o cualquier promoci&oacute;n que est&eacute; o haya estado disponible para nuestros usuarios.</p>\r\n<p style=\"text-align: justify;\">&nbsp;</p>\r\n<p style=\"text-align: justify;\">&nbsp;</p>\r\n<h2 style=\"text-align: justify;\"><strong>FINALIDAD QUE SE DAR&Aacute; A LA INFORMACI&Oacute;N</strong></h2>\r\n<p style=\"text-align: justify;\">&nbsp;</p>\r\n<p style=\"text-align: justify;\">Los datos personales contenidos en la informaci&oacute;n confidencial, son utilizados para proveer al usuario un servicio personalizado y acorde a sus necesidades, en su caso, ofreciendo publicidad selectiva, geolocalizada de acuerdo a su ubicaci&oacute;n o contenidos que puedan llegar a serle de inter&eacute;s.</p>\r\n<p style=\"text-align: justify;\">&nbsp;</p>\r\n<p style=\"text-align: justify;\">&nbsp;</p>\r\n<h2 style=\"text-align: justify;\"><strong>CONFIDENCIALIDAD DE LA INFORMACI&Oacute;N</strong></h2>\r\n<p style=\"text-align: justify;\">&nbsp;</p>\r\n<p style=\"text-align: justify;\"><strong>Comercial Ter&aacute;n</strong> no compartir&aacute; la informaci&oacute;n confidencial con ninguno de los socios o co-propietarios o terceros, excepto que se tenga expresa autorizaci&oacute;n de las personas que se obtuvo la informaci&oacute;n, o cuando haya sido requerido por orden judicial, de acuerdo con la normativa vigente en el Ecuador o para proteger los derechos de propiedad intelectual u otros derechos de <strong>Comercial Ter&aacute;n</strong>. <strong>Comercial Ter&aacute;n</strong> no vende ni alquila la informaci&oacute;n de los usuarios por ning&uacute;n medio. Si los datos personales del usuario debieran ser compartidos con socios comerciales o patrocinantes, el usuario ser&aacute; notificado antes que &eacute;stos sean recogidos o transferidos. Si no desea que sus datos sean utilizados bajo las condiciones anteriormente descritas, puede decidir no utilizar un servicio determinado o no participar en algunas promociones o concursos escribiendo a&nbsp;<a href=\"mailto:webmaster@eluniverso.com\">corpteran@gmail.com</a>&nbsp;. De acuerdo a lo explicado anteriormente, usted entiende y concuerda en que esta pol&iacute;tica de confidencialidad no aplica a la informaci&oacute;n que el usuario proporcione voluntariamente al comunicarse con otras personas mediante correspondencia electr&oacute;nica, en chats u otras actividades similares. Es responsabilidad del usuario ser prudente en el tipo de informaci&oacute;n que entrega al participar en estas actividades p&uacute;blicas. Comercial Ter&aacute;n no se responsabiliza por la privacidad o pol&iacute;ticas de recolecci&oacute;n de datos de terceros proveedores de servicios y productos o de c&oacute;mo esos terceros proveedores de servicios o productos usen la informaci&oacute;n que usted provea.</p>'),
(4, 4, 'en', 'Local', '<h2 style=\"text-align: center;\"><strong>NUESTRA UBICACI&Oacute;N</strong></h2>\r\n<div id=\"mapDiv\">\r\n<div class=\"gm-style\">\r\n<div tabindex=\"0\">\r\n<div>&nbsp;</div>\r\n<div>\r\n<div class=\"message\">&nbsp;</div>\r\n<div class=\"message\">\r\n<div class=\"text-main\">\r\n<div class=\"text-group\">\r\n<div class=\"text\">\r\n<h3>&nbsp;Comercial Ter&aacute;n se encuentra en:</h3>\r\n<p><em><strong>**Sur de Quito (MATRIZ)</strong></em></p>\r\n<p>CHINCHIPE S9-514 Y EL TRIUNFO | SECTOR LA FORESTAL Quito.</p>\r\n<p><em><strong>*Cayambe</strong></em></p>\r\n<p class=\"p1\">AV. C&oacute;rdova Galarza y Juan montalvo Esquina a 1 cuadra del Hospital Ra&uacute;l Maldonado Mejia.</p>\r\n<p>&nbsp;</p>\r\n<h3>Comercial Ter&aacute;n se encuentra abierto de:</h3>\r\n<p>*LUNES a VIERNES 8:30 - 18:00, *S&Aacute;BADO 9:30 - 17:00 y *DOMINGO (no hay atenci&oacute;n)&nbsp;</p>\r\n<p>&nbsp;</p>\r\n<h3>Comercial Ter&aacute;n n&uacute;meros telef&oacute;nicos:</h3>\r\n<p>*<em><strong>*Sur de Quito (MATRIZ):</strong></em>&nbsp;0960140160 | 0995148908 | 02 2663491 &nbsp;</p>\r\n<p>*&nbsp;<em><strong>*Cayambe:</strong></em> 0960140160 | 0995148908&nbsp;&nbsp;| 02 2663491 &nbsp;</p>\r\n</div>\r\n</div>\r\n</div>\r\n</div>\r\n<div class=\"message me\">&nbsp;</div>\r\n<div class=\"message\">\r\n<div class=\"text-main\">\r\n<div class=\"text-group\">\r\n<div class=\"text\">\r\n<p>&nbsp;</p>\r\n</div>\r\n</div>\r\n</div>\r\n</div>\r\n</div>\r\n</div>\r\n</div>\r\n</div>\r\n<p>Puedes ingresar al link para observar mejor nuestra ubicaci&oacute;n:</p>\r\n<p>&nbsp;</p>\r\n<p><a title=\"Comercial Ter&aacute;n\" href=\"https://goo.gl/maps/xPhCsQvXzCjQhos38\" target=\"_blank\" rel=\"noopener\"> https://goo.gl/maps/xPhCsQvXzCjQhos38</a></p>'),
(5, 5, 'en', 'Garantías, Cambios y Devoluciones', '<div class=\"page-header page-header-page \">\r\n<h1 class=\"entry-title\">Garant&iacute;as, Cambios y Devoluciones</h1>\r\n</div>\r\n<div id=\"content\" class=\"site-content\">\r\n<div class=\"container\">\r\n<div class=\"row\">\r\n<div id=\"primary\" class=\"content-area col-md-12\">\r\n<article id=\"post-2538\" class=\"post-2538 page type-page status-publish hentry\">\r\n<div class=\"entry-content\">\r\n<div class=\"vc_row wpb_row vc_row-fluid\">\r\n<div class=\"container\">\r\n<div class=\"row\">\r\n<div class=\"wpb_column vc_column_container vc_col-sm-12\">\r\n<div class=\"vc_column-inner\">\r\n<div class=\"wpb_wrapper\">\r\n<div class=\"wpb_text_column wpb_content_element \">\r\n<div class=\"wpb_wrapper\">\r\n<p>Pol&iacute;tica de entrega para un pedido y modalidades de entrega</p>\r\n<p>Para los art&iacute;culos comprados en <em><strong>www.comercialteran.com</strong></em> ofrecemos dos formas de entrega, en todas ellas, el plazo de entrega empezar&aacute; a correr a partir de que recibas el correo de confirmaci&oacute;n de facturaci&oacute;n de tu pedido:</p>\r\n<p><strong>Retiro Personal.</strong></p>\r\n<ul>\r\n<li>El cliente puede acercarse el almac&eacute;n para retirar el producto adquirido en nuestra p&aacute;gina web <em><strong>www.comercialteran.com</strong></em> (retiros en nuestras tiendas no tiene costo de env&iacute;o).</li>\r\n</ul>\r\n<p>&nbsp;</p>\r\n<p><strong>Entrega Programada.</strong></p>\r\n<ul>\r\n<li>La entrega de la mercader&iacute;a, depende del lugar de destino y disponibilidad de stock.</li>\r\n<li>En ciudades principales entre 2 y 3 d&iacute;as laborables.</li>\r\n<li>Localidades especiales hasta 4 d&iacute;as laborables.</li>\r\n<li>Los costos de env&iacute;o dependen del producto adquirido, as&iacute; como del lugar de entrega, para revisar costos de env&iacute;o consulta la entrega y costos de envi&oacute; con alguno de nuestros operadores.</li>\r\n<li>En ambos casos, se debe revisar que la mercader&iacute;a y el empaque est&eacute;n en perfectas condiciones y a su total conformidad, antes de firmar la nota de entrega.</li>\r\n</ul>\r\n<p>&nbsp;</p>\r\n<p><strong>Pol&iacute;ticas de anulaci&oacute;n de pedidos</strong></p>\r\n<p>Para anular un pedido, se podr&aacute; hacerlo antes de recibir el correo de factura emitida, caso contrario deber&aacute; aplicar a una devoluci&oacute;n, aunque la mercader&iacute;a no haya sido entregada. Una vez facturado, no habr&aacute; anulaciones.</p>\r\n<p>&nbsp;</p>\r\n<p><strong>Pol&iacute;ticas De Devoluciones</strong></p>\r\n<p>Al momento de recibir el pedido, el cliente debe abrir y probar el producto para verificar las condiciones f&iacute;sicas y de funcionamiento. Si alguno de los productos presenta alg&uacute;n problema de calidad (derivados de da&ntilde;os de f&aacute;brica), aplicaremos nuestra pol&iacute;tica de devoluciones la cual consiste en entregar otro producto igual al comprado, entregando el producto recibido previamente. Se puede solicitar la devoluci&oacute;n del bien o servicio dentro de los 3 d&iacute;as posteriores a la entrega del producto (*Aplica solo a compras&nbsp;<strong>ONLINE</strong>), siempre y cuando lo permita su naturaleza y el estado del bien sea el mismo en el que lo recibi&oacute;. En cualquier caso, los costos de env&iacute;o no son objeto de devoluci&oacute;n.</p>\r\n<p>&nbsp;</p>\r\n<p><strong>Considere las causas de las devoluciones:</strong></p>\r\n<ul>\r\n<li>Producto no corresponde al detalle de la factura.</li>\r\n<li>Producto no es el solicitado en la orden de pedido.</li>\r\n<li>Producto no funciona.</li>\r\n<li>Producto entregado presenta golpes, rayaduras, hendiduras o aver&iacute;as.</li>\r\n<li>Cambio de art&iacute;culo por otro de mayor valor.</li>\r\n<li>Si el producto es retirado o comprado en el local, no aplicara la pol&iacute;tica de devoluciones</li>\r\n</ul>\r\n<p>&nbsp;</p>\r\n<p><strong>Procedimiento de devoluciones</strong></p>\r\n<p>El procedimiento incluye estos pasos espec&iacute;ficos:</p>\r\n<ul>\r\n<li>Solicitud de devoluci&oacute;n. El cliente solicita la devoluci&oacute;n por cualquiera de los siguientes canales:</li>\r\n<li>Mediante nuestro sitio web, en Cont&aacute;ctenos.</li>\r\n<li>Por correo electr&oacute;nico dirigido a <em><strong>corpteran@gmail.com</strong></em></li>\r\n<li>An&aacute;lisis y confirmaci&oacute;n de devoluci&oacute;n. Se analiza la solicitud de devoluci&oacute;n y se coordina la entrega del nuevo producto y/o el retiro del producto.</li>\r\n<li>Retiro o cambio de producto. Coordinado con el cliente, realizado por Log&iacute;stica.</li>\r\n</ul>\r\n<p>Regularizaci&oacute;n de venta y facturaci&oacute;n. Una vez confirmada la devoluci&oacute;n del producto se procede a emitir Nota de Cr&eacute;dito. Si el cliente desea otro producto se procede a emitir Nota de Cr&eacute;dito, facturar producto nuevo y coordinar el retiro y entrega del producto. La Nota de Cr&eacute;dito tiene la vigencia de un a&ntilde;o a partir de la fecha de emisi&oacute;n.</p>\r\n<p>&nbsp;</p>\r\n<p><strong>El cliente debe indicar la siguiente informaci&oacute;n.</strong></p>\r\n<ul>\r\n<li>N&uacute;mero de c&eacute;dula</li>\r\n<li>N&uacute;mero de la factura</li>\r\n<li>N&uacute;mero de la orden</li>\r\n<li>Raz&oacute;n de la devoluci&oacute;n</li>\r\n<li>Nombre del cliente</li>\r\n<li>Detalle de la mercader&iacute;a a devolver</li>\r\n</ul>\r\n<p>Luego de reportada la solicitud de devoluci&oacute;n nos comunicaremos con el cliente para indicarle los pasos a seguir y/o el nuevo producto requerido.</p>\r\n<p>&nbsp;</p>\r\n<p><strong>Restricciones</strong></p>\r\n<p><em><strong>www.comercialteran.com</strong></em> no acepta devoluciones en los siguientes casos:</p>\r\n<ul>\r\n<li>Devoluciones solicitadas despu&eacute;s de los 3 d&iacute;as establecidos para el efecto.</li>\r\n<li>Mercader&iacute;a cuya serie no coincida con la entregada.</li>\r\n<li>Mercader&iacute;a con evidentes se&ntilde;ales de uso.</li>\r\n<li>Mercader&iacute;a sin el empaque original.</li>\r\n<li>Mercader&iacute;a con piezas averiadas o faltantes.</li>\r\n<li>Mercader&iacute;a que no tenga los accesorios completos, manuales, folleter&iacute;a, certificado de garant&iacute;a, etc.</li>\r\n<li>Si la mercader&iacute;a fue vendida como combo, la gesti&oacute;n se realizar&aacute; por todos los productos.</li>\r\n</ul>\r\n<p>&nbsp;</p>\r\n<p><strong>Excepciones</strong></p>\r\n<p><em><strong>www.comercialteran.com</strong></em> puede aceptar devoluciones luego de los 3 d&iacute;as establecidos en los siguientes casos:</p>\r\n<ul>\r\n<li>Que, habiendo cumplido con las formalidades para la aceptaci&oacute;n de la devoluci&oacute;n, el cliente desee hacer un cambio, para lo cual la mercader&iacute;a entrar&aacute; a un proceso de informe t&eacute;cnico para constatar que la unidad est&aacute; en perfectas condiciones, debiendo cancelar los valores de depreciaci&oacute;n y peritaje.</li>\r\n<li>Que la mercader&iacute;a presente problemas t&eacute;cnicos, determinados por la marca o un taller autorizado. En cuyo caso deber&aacute; coordinarse la revisi&oacute;n del art&iacute;culo por el centro de servicio correspondiente.</li>\r\n</ul>\r\n<p>&nbsp;</p>\r\n<p><strong>PARA GARANT&Iacute;AS</strong></p>\r\n<ul>\r\n<li>Se aplicar&aacute; las pol&iacute;ticas de garant&iacute;as seg&uacute;n el producto adquirido e indicaciones reflejados en el certificado original entregado con su compra.</li>\r\n<li>Precios ya incluyen IVA.</li>\r\n<li>Precios v&aacute;lidos solamente para compras realizadas en el sitio web.</li>\r\n</ul>\r\n</div>\r\n</div>\r\n</div>\r\n</div>\r\n</div>\r\n</div>\r\n</div>\r\n</div>\r\n</div>\r\n</article>\r\n</div>\r\n</div>\r\n</div>\r\n</div>'),
(6, 6, 'en', 'Visión', '<h2 class=\"_2cuy _3dgx _2vxa\"><strong>VISI&Oacute;N</strong></h2>\r\n<p>Ser la tienda preferida a nivel nacional de los clientes, colaboradores, proveedores y comunidades destacantdo nuestra compromiso de valor agregado en cuanto a&nbsp;calidad/precio, ocupando un lugar en los hogares de las familias Ecuatorianas de&nbsp;una forma asequible.&nbsp;</p>\r\n<h2 class=\"_2cuy _3dgx _2vxa\">&nbsp;</h2>\r\n<h2 class=\"_2cuy _3dgx _2vxa\"><strong>NUESTRA EMPRESA</strong></h2>\r\n<p><strong>COMERCIAL TER&Aacute;N,</strong>&nbsp;la cadena de tiendas de fabr&iacute;caci&oacute;n de muebles para el&nbsp;hogar m&aacute;s importante de Ecuador, inici&oacute; sus actividades en el a&ntilde;o 1994 con un&nbsp;peque&ntilde;o comercio familiar de pocos metro cuadrados.</p>\r\n<p>Hoy en d&iacute;a, contamos con una moderna red de 4 tiendas de gran formato,&nbsp;ubicadas estrat&eacute;gicamente en al Sur y norte de Quito, Cayambe y el Valle.</p>\r\n<p>&nbsp;</p>\r\n<p>Nuestro compromiso es ofrecer productos de alta calidad junto a servicios de alto&nbsp;valor agregado, para generar una experiencia de compra &uacute;nica que satisfaga tus&nbsp;aspiraciones.</p>\r\n<p>&nbsp;</p>\r\n<p>Las tiendas de&nbsp;<strong>COMERCIAL TER&Aacute;N,</strong>dise&ntilde;adas con los estilos m&aacute;s&nbsp;vanguardistas, se encuentran constantemente surtidas con los m&aacute;s exclusivos&nbsp;modelos en las categor&iacute;as de hogar.&nbsp;</p>');

-- --------------------------------------------------------

--
-- Estructura de tabla para la tabla `payment_response`
--

CREATE TABLE `payment_response` (
  `id` int(10) UNSIGNED NOT NULL,
  `transaction_id` varchar(191) COLLATE utf8mb4_unicode_ci NOT NULL,
  `order_id` varchar(192) COLLATE utf8mb4_unicode_ci DEFAULT NULL,
  `months_of_grace` varchar(191) COLLATE utf8mb4_unicode_ci NOT NULL DEFAULT '0',
  `card` varchar(191) COLLATE utf8mb4_unicode_ci DEFAULT NULL,
  `lote` varchar(191) COLLATE utf8mb4_unicode_ci DEFAULT NULL,
  `status` varchar(191) COLLATE utf8mb4_unicode_ci DEFAULT NULL,
  `reference` varchar(191) COLLATE utf8mb4_unicode_ci DEFAULT NULL,
  `authorization` varchar(191) COLLATE utf8mb4_unicode_ci DEFAULT NULL,
  `value` int(11) DEFAULT NULL,
  `base_default` int(11) NOT NULL DEFAULT 0,
  `interests` int(11) NOT NULL DEFAULT 0,
  `price_total` int(11) NOT NULL DEFAULT 0,
  `meta_data` longtext COLLATE utf8mb4_unicode_ci DEFAULT NULL,
  `created_at` timestamp NULL DEFAULT NULL,
  `updated_at` timestamp NULL DEFAULT NULL
) ENGINE=InnoDB DEFAULT CHARSET=utf8mb4 COLLATE=utf8mb4_unicode_ci;

--
-- Volcado de datos para la tabla `payment_response`
--

INSERT INTO `payment_response` (`id`, `transaction_id`, `order_id`, `months_of_grace`, `card`, `lote`, `status`, `reference`, `authorization`, `value`, `base_default`, `interests`, `price_total`, `meta_data`, `created_at`, `updated_at`) VALUES
(1, '8ac7a4a272ea497b0172ebc5acd71f21', NULL, '0', '454063-0000', 'a1ba3f77948f3980ab60064f38489ae29b2a63da@2020-06-24 16:41:11 +0000', 'PENDING', '200625_000011', '6783.8476.2391 CORPORACION TERAN', 19, 0, 0, 19, '{\"RequestId\":\"350552214799\",\"RiskFraudStatusCode\":\"ACCEPT\",\"ConnectorTxID1\":\"8ac7a4a272ea497b0172ebc5acd71f21\",\"ReferenceNbr\":\"200625_000011\",\"EXTERNAL_SYSTEM_LINK\":\"https:\\/\\/csi-stage.redworldwide.com\\/index.red#transactiondetail\\/000537210214XCM20200625095820732\",\"OrderId\":\"678384762391\",\"RiskStatusCode\":\"PENDING\",\"ExtendedDescription\":\"Transacci\\u00f3n rechazada, valores mal calculados\",\"clearingInstituteName\":\"Datafast\",\"RiskResponseCode\":\"0100\",\"AcquirerResponse\":\"ER\",\"action\":\"created\",\"RiskOrderId\":\"000537210214XCM20200625095820732\"}', '2020-06-25 13:58:23', '2020-06-25 13:58:23'),
(2, '8acda4a173e19fbe0174221d26ac249e', 'D5097A6D6E5686C57B62BCEEBA02699D.prod01-vm-tx07', '0', '451432-7969', 'a76db4e730cc28b02f7b385a9f735c938ee57df7@2020-08-13 08:38:46 +0000', 'PENDING', '200824_000003', '546138', 600, 0, 0, 600, '{\"AuthCode\":\"546138\",\"ConnectorTxID1\":\"8acda4a173e19fbe0174221d26ac249e\",\"RequestId\":\"830999385856\",\"RiskFraudStatusCode\":\"ACCEPT\",\"ReferenceNbr\":\"200824_000003\",\"EXTERNAL_SYSTEM_LINK\":\"https:\\/\\/csi.redworldwide.com\\/index.red#transactiondetail\\/000537205001SCH20200824161610151\",\"OrderId\":\"804275178017\",\"ExtendedDescription\":\"Transaction succeeded (Transacci\\u00f3n Aprobada)\",\"RiskStatusCode\":\"PENDING\",\"RiskResponseCode\":\"0100\",\"AcquirerResponse\":\"00_02VP\",\"action\":\"created\",\"RiskOrderId\":\"000537205001SCH20200824161610151\"}', '2020-08-24 21:16:11', '2020-08-24 21:16:11'),
(3, '8acda4a573e19fbd01742b870a3649ef', '57CCCC83C90DE4A7B01CD4D82EDD5A4C.prod01-vm-tx04', '0', '404837-6582', 'a76db4e730cc28b02f7b385a9f735c938ee57df7@2020-08-13 08:38:46 +0000', 'PENDING', '200826_000001', '068100', 600, 0, 0, 600, '{\"RequestId\":\"831000591426\",\"RiskFraudStatusCode\":\"ACCEPT\",\"ConnectorTxID1\":\"8acda4a573e19fbd01742b870a3649ef\",\"AuthCode\":\"068100\",\"ReferenceNbr\":\"200826_000001\",\"EXTERNAL_SYSTEM_LINK\":\"https:\\/\\/csi.redworldwide.com\\/index.red#transactiondetail\\/000537205001SCP20200826120824610\",\"OrderId\":\"789850287905\",\"RiskStatusCode\":\"PENDING\",\"ExtendedDescription\":\"Transaction succeeded (Transacci\\u00f3n Aprobada)\",\"RiskResponseCode\":\"0100\",\"action\":\"created\",\"AcquirerResponse\":\"00_02VP\",\"RiskOrderId\":\"000537205001SCP20200826120824610\"}', '2020-08-26 17:08:27', '2020-08-26 17:08:27');

-- --------------------------------------------------------

--
-- Estructura de tabla para la tabla `persistences`
--

CREATE TABLE `persistences` (
  `id` int(10) UNSIGNED NOT NULL,
  `user_id` int(10) UNSIGNED NOT NULL,
  `code` varchar(191) COLLATE utf8mb4_unicode_ci NOT NULL,
  `created_at` timestamp NULL DEFAULT NULL,
  `updated_at` timestamp NULL DEFAULT NULL
) ENGINE=InnoDB DEFAULT CHARSET=utf8mb4 COLLATE=utf8mb4_unicode_ci;

--
-- Volcado de datos para la tabla `persistences`
--

INSERT INTO `persistences` (`id`, `user_id`, `code`, `created_at`, `updated_at`) VALUES
(1, 1, 'vmYPt1r9wxkrsFZPI4DsPKqRLiuG60O5', '2019-08-05 00:35:15', '2019-08-05 00:35:15'),
(2, 1, 'RtJO12uyXkNAVF6XpDlQaZFsaDJL23x5', '2019-08-05 00:52:24', '2019-08-05 00:52:24'),
(3, 1, 'xVvX9QbXvyiMFVCDVymMk1ZE2i80Vhar', '2019-08-05 02:29:25', '2019-08-05 02:29:25'),
(4, 1, '7sYUyCwv6fzXW7f8Yr2lKUZSzNINlvgM', '2019-08-05 08:28:40', '2019-08-05 08:28:40'),
(5, 1, 'H33fDIRVCyet3eALqfxtFPoU3oVPKF3t', '2019-08-05 16:16:59', '2019-08-05 16:16:59'),
(6, 1, 'XKSSUvRVc0HwBakScRqjqnwnFnox6X17', '2019-08-06 03:10:11', '2019-08-06 03:10:11'),
(7, 1, 'bfHPzJRTE25kaOtIck0JTsNCIeqCm7oV', '2019-08-07 17:05:08', '2019-08-07 17:05:08'),
(8, 1, 'ZCegkV1qAFBqW7opfDuLDVDhHakKdUPT', '2019-08-07 17:17:34', '2019-08-07 17:17:34'),
(9, 1, 'Dqp61IMoPfzhACuZgbLxGXh6aEmwySG4', '2019-08-09 05:35:28', '2019-08-09 05:35:28'),
(10, 1, 'N5xefvjXoHjQtaTixz0Gke7SxzMLe48C', '2019-08-12 20:58:36', '2019-08-12 20:58:36'),
(11, 1, 'e89HImWFBdeE87G4hEy4XBDtDs0QXPwt', '2019-08-13 16:43:44', '2019-08-13 16:43:44'),
(12, 1, '8e5fSiFXId2cP6lbPfeO8jZ1290QXN9B', '2019-08-13 16:46:07', '2019-08-13 16:46:07'),
(13, 1, '0qjdOF6Vcdll4qtoIdgzEnkFEOMMEvFL', '2019-08-18 18:30:35', '2019-08-18 18:30:35'),
(15, 1, 'gUApwDaHFM0eprUsAb1QPV4343cmjx2p', '2019-08-20 05:49:37', '2019-08-20 05:49:37'),
(16, 1, 'uAPjtDBUc06mOtbtI9gzimL1LN6Nd2L2', '2019-08-20 14:29:52', '2019-08-20 14:29:52'),
(17, 1, 'l6NysUW5XKPNjNF2wfv9UG2LObFGCRou', '2019-08-20 14:40:01', '2019-08-20 14:40:01'),
(18, 1, 'z9kjifMvW4ctktB6rcawajUD9N0Ll2nx', '2019-08-20 22:18:57', '2019-08-20 22:18:57'),
(19, 1, 'gDUnaGwpbMSQbKIu73bMZHlnkHlI56Io', '2019-09-03 15:45:32', '2019-09-03 15:45:32'),
(20, 1, 'sEIuJgB5xlvBmMnVvcrJymY4XerRwMqj', '2019-09-03 16:42:10', '2019-09-03 16:42:10'),
(21, 1, 'wnaI8pAAraGWBhJpwJvkCjYjhIdhcwOu', '2019-09-04 02:36:13', '2019-09-04 02:36:13'),
(23, 1, 'fbNgbeRKSr59S7ZJmfiRqwgyN5ytL632', '2019-09-04 03:46:18', '2019-09-04 03:46:18'),
(24, 1, 'UwJqrCSyYM0wnrmfUawBkTxTmSrO9v6i', '2019-09-04 14:31:40', '2019-09-04 14:31:40'),
(25, 1, 'KtY7r30jhfgTQ0JJG04SMdfYnjT1ulRb', '2019-09-04 17:50:29', '2019-09-04 17:50:29'),
(26, 1, '50IKNEmpTjWUqP293HL5XAcx9XeV1QrZ', '2019-09-04 22:11:26', '2019-09-04 22:11:26'),
(27, 1, '5n2hKUnfCl3oR7k95wSMGGisEfaHq4ZI', '2019-09-04 22:33:01', '2019-09-04 22:33:01'),
(30, 1, 'Ln6noA7Dh7dE4LGUPii8f6V8ibEBU5xI', '2019-09-04 23:58:57', '2019-09-04 23:58:57'),
(31, 1, 'r8ZBMtsCJngB9wUsMwcIf10rvgeAqsqi', '2019-09-05 03:49:51', '2019-09-05 03:49:51'),
(32, 1, 'AWW9iDhjZX2WxGJK8m2MW78ryE00SBA8', '2019-09-05 05:17:39', '2019-09-05 05:17:39'),
(33, 1, 'yI5Pqe5aAGgbMNGwDh0n4RciLW0xckh3', '2019-09-05 15:08:41', '2019-09-05 15:08:41'),
(34, 1, 'k7jYokzTHdIf4Nq4M4pET7tmKuR5W79Z', '2019-09-05 20:06:46', '2019-09-05 20:06:46'),
(35, 1, '2CuBoFl1ITReIOH8dfAL2uCQIfBZDcPo', '2019-09-05 21:20:09', '2019-09-05 21:20:09'),
(36, 1, 'm6k1ItbSPsEh2H4apS2lHUUHbnNU5CFD', '2019-09-05 21:38:34', '2019-09-05 21:38:34'),
(37, 1, 'HCnVPJjQaw6PUvFQJ7H3VjTt8PAK1jBq', '2019-09-05 23:44:56', '2019-09-05 23:44:56'),
(38, 1, 'rEJ3vxacbhtjRwIqh7BUgFlWMUhnJ6Wd', '2019-09-06 14:51:40', '2019-09-06 14:51:40'),
(39, 1, '0CXBYfNxeuKZOTzOZxYWeNIw4Otf0rZ3', '2019-09-06 15:36:09', '2019-09-06 15:36:09'),
(40, 1, 'RbHKK4E0XRveoyQGJWFHwYucn43U2lYx', '2019-09-06 17:03:12', '2019-09-06 17:03:12'),
(41, 1, 'prDOycqlx65EYZgwKFsskfEyntTrMJPD', '2019-09-09 01:36:48', '2019-09-09 01:36:48'),
(42, 1, 'tukpdWIVH3Ed6TEyBvrqP0BwSPPnwZpk', '2019-09-09 04:51:00', '2019-09-09 04:51:00'),
(48, 1, 'x47NJpeY6R1LkQXXstsQqxMD1EArKEmi', '2019-09-09 15:27:02', '2019-09-09 15:27:02'),
(49, 1, 'EzcYODCLbQYK5n7xEgmul7dhjKesuY7N', '2019-09-09 15:28:30', '2019-09-09 15:28:30'),
(50, 1, 'bJdNdLN9Ewd983X8QclygeCZ8JbukLGe', '2019-09-11 20:57:09', '2019-09-11 20:57:09'),
(51, 1, 'OboKVSIOpNkmAaInEI4eWunSjq1ZfvJ3', '2019-09-13 03:07:20', '2019-09-13 03:07:20'),
(52, 1, 'pUENW5e82NdGP9sLGABxG5aERIbg6PnA', '2019-09-13 16:43:47', '2019-09-13 16:43:47'),
(53, 1, 'lw4HGZr551ZLLrhBhbJRUnvLwruwLA9v', '2019-09-16 17:23:44', '2019-09-16 17:23:44'),
(54, 1, '8y6OgJbfNorG4WqIFWHdT4IknH0jJNnn', '2019-09-17 14:56:30', '2019-09-17 14:56:30'),
(58, 1, 'W0AXPEUuIo2LJoVUxk4mamub6Leo79AY', '2019-09-18 17:58:35', '2019-09-18 17:58:35'),
(60, 1, 'Tn3Ou2fb0kN4p8W4zSqRzqLID2TABjCf', '2019-09-19 05:28:39', '2019-09-19 05:28:39'),
(61, 1, 'VQgWHwmZD649Vijy6LL6GRAhlCTxUdiz', '2019-09-19 17:22:31', '2019-09-19 17:22:31'),
(62, 1, 'jSg5QZ5we0zpdvontZ9uZxXPhKTFp5Dg', '2019-09-23 02:55:01', '2019-09-23 02:55:01'),
(63, 1, 'qtfu42lElVHiqbkDrsarxk64Qm3uB0Uy', '2019-09-23 22:47:08', '2019-09-23 22:47:08'),
(65, 1, 'QhDFAXudo0g22iRsKK0Gzlejjllg2XPc', '2019-09-25 16:11:33', '2019-09-25 16:11:33'),
(66, 1, 'ZusKwxaeON7XbDdH9eSgZHkQoJXPN3FZ', '2019-09-27 21:36:20', '2019-09-27 21:36:20'),
(69, 1, 't7XAuZlxwk1L77vUH2y2aPieiDFTgMdM', '2019-10-12 06:50:46', '2019-10-12 06:50:46'),
(70, 1, 'ucRFUuuQNTZpBlJPha3Ri8D8exz5TqeV', '2019-10-14 20:05:55', '2019-10-14 20:05:55'),
(71, 1, 'DepVkq47LVzq4SSHI2Z6sPY6deGgVtVz', '2019-10-30 14:04:35', '2019-10-30 14:04:35'),
(72, 1, 'WKte5swIoUxeYzWUPmd8ka1yPzQzHyCF', '2019-11-01 23:28:52', '2019-11-01 23:28:52'),
(73, 1, '9qo9t7DLqO98KcyoHoRNQmFyOk38XgVU', '2019-11-07 05:46:00', '2019-11-07 05:46:00'),
(74, 1, 'ilPr0JF0QG1Dgqc6g7WrlMVcBEAL4QMZ', '2019-11-16 03:37:05', '2019-11-16 03:37:05'),
(75, 1, 'CYHvrFPebCFaUmytrSKOxmaVNvRLNMNK', '2020-01-02 18:32:54', '2020-01-02 18:32:54'),
(76, 1, 'WRP9iz8mVOpNsdUAhPbsnAIZFookVDJj', '2020-01-03 11:19:17', '2020-01-03 11:19:17'),
(81, 1, '8o4EmG6gu66dHdaor2JgGiuP0IzMgR1A', '2020-01-10 16:32:41', '2020-01-10 16:32:41'),
(105, 1, 'voHVyBIbCcZZOcafXnClZVnvGxmngjlm', '2020-01-30 10:08:25', '2020-01-30 10:08:25'),
(109, 1, 'ATjppRO6wuDPuFbMuzG0Wnto7NCqU8dc', '2020-02-06 16:45:17', '2020-02-06 16:45:17'),
(110, 1, 'jdgarmkDAkTc419nuuHwFukjZCIWDRoM', '2020-02-19 09:31:38', '2020-02-19 09:31:38'),
(111, 1, 'eo2HxmPowM193qvjmDvjoOrK28drbNLw', '2020-03-12 12:17:35', '2020-03-12 12:17:35'),
(112, 1, 'lJ1d1pN19Kk2OUTzf3IonGLTybgdP4tQ', '2020-04-26 19:39:08', '2020-04-26 19:39:08'),
(113, 1, 'ywcQJHEpZblzFoLCmgzsaq94kisRHq0B', '2020-04-27 10:36:56', '2020-04-27 10:36:56'),
(116, 1, 'qLmOxqiGDSjEYta7ojPdcrKJGL61047d', '2020-04-27 12:03:36', '2020-04-27 12:03:36'),
(117, 1, 'CcMUucWO2ekKn36uQjmZukSjcZmsRUCw', '2020-04-27 22:19:44', '2020-04-27 22:19:44'),
(118, 1, 'nbuHHg850RDki9Nf4gCwMY1Tn01ZZkXr', '2020-04-28 08:43:19', '2020-04-28 08:43:19'),
(122, 10, 'iO6QwD7hfcSA7XuqYAh5ZbjXsespZtCU', '2020-04-28 20:47:22', '2020-04-28 20:47:22'),
(123, 1, 'g2uYZYeDLmnWd1EnbYEixWJyD6NCOit5', '2020-04-28 20:47:37', '2020-04-28 20:47:37'),
(124, 1, 'VI5Hvj3e0NHVesNyrd5cRxQeGtH6dkTQ', '2020-04-28 20:48:04', '2020-04-28 20:48:04'),
(125, 1, '4q8OYquDL6oq1IlDdJ7PJsZVPTikhtQv', '2020-04-29 06:27:19', '2020-04-29 06:27:19'),
(126, 1, 'b1ICscZrx5HwlE0YDsKQZXcAzFfIadkS', '2020-04-29 08:24:44', '2020-04-29 08:24:44'),
(127, 1, 'dqbqiFuf6tk32vqL8L87uFeGbEXy2nsa', '2020-04-30 22:40:44', '2020-04-30 22:40:44'),
(128, 1, 'Rb0gIerY9znUie0LUvYA9AAgN7Q8L3GG', '2020-05-02 00:13:00', '2020-05-02 00:13:00'),
(129, 1, 'uL4Gz5oCIH6rOiTydLrFffyA2DxhHXij', '2020-05-02 00:19:50', '2020-05-02 00:19:50'),
(130, 1, 'a7GOuwXgeRqgtVMSFzy1EPXKyQYxBrLx', '2020-05-04 12:18:35', '2020-05-04 12:18:35'),
(131, 1, 'tVSy2U588GiOR09AuxcN1zbZGhw2Tn5l', '2020-05-05 21:19:50', '2020-05-05 21:19:50'),
(132, 1, 'R6BmKRzcsmJ2RdWRj3fUI5hFif892SSE', '2020-05-08 14:09:16', '2020-05-08 14:09:16'),
(133, 11, 'vsYMyEk2KkKpDMaHkuR9HiJxgB3KIx6p', '2020-05-13 19:20:16', '2020-05-13 19:20:16'),
(134, 1, 'O50HKR89KWplvKXEUuPcGeSOGXMqG8Es', '2020-06-04 12:57:20', '2020-06-04 12:57:20'),
(135, 1, 'q3D2uPhp7Ahpf0Grwb4Gy4YmVUy5Ogya', '2020-06-07 01:07:46', '2020-06-07 01:07:46'),
(136, 1, 'wA7SmGRWb5UelMK5Yj08t4ohTM7K1pdg', '2020-06-07 01:40:58', '2020-06-07 01:40:58'),
(137, 1, 'x5XTsM2ZyEKDOsRNiLBTeiidQJ9Qvdkk', '2020-06-07 01:42:52', '2020-06-07 01:42:52'),
(138, 1, '4AjZzIWrvjPaawgwDw7GydawpYSivcAI', '2020-06-09 23:56:19', '2020-06-09 23:56:19'),
(139, 1, 'hUye4ECIngXJbjlzzi08OqY0du5eI43P', '2020-06-12 00:35:40', '2020-06-12 00:35:40'),
(140, 1, 'CE1rb1WNZKFSzhwgPpq7HcXnCaspfPuV', '2020-06-17 18:29:10', '2020-06-17 18:29:10'),
(141, 1, 'YGojCjMW14LlZ2ov4e54RyXDNng7zWCv', '2020-06-21 03:53:07', '2020-06-21 03:53:07'),
(143, 1, '8uIHZyG5TYw1oPw5yUmfrUgr93WxsG0R', '2020-06-22 22:26:03', '2020-06-22 22:26:03'),
(144, 12, 'Knnf4p7oXiTdiCatyZrHQ2ISuzj0h6ha', '2020-06-28 03:17:45', '2020-06-28 03:17:45'),
(145, 1, '8EuKnZvYC6cbPUEXe3qcMSPlGq0OJRrY', '2020-07-10 03:58:49', '2020-07-10 03:58:49'),
(146, 1, 'XhzhhhUJbNLq2wn25nFUteCPbXD67sLV', '2020-07-10 13:12:38', '2020-07-10 13:12:38'),
(147, 1, 'tOxqEBHhBCwPSufKQzXP0j7rEU9p1DfS', '2020-07-15 16:54:22', '2020-07-15 16:54:22'),
(148, 1, 'drQMgZLbngGqnnlLBPYBBL52xiBeALuD', '2020-07-15 22:18:58', '2020-07-15 22:18:58'),
(149, 13, 'md3NqfVJtxXE1dgjsiAFap11QdvO7rZl', '2020-07-15 22:21:58', '2020-07-15 22:21:58'),
(150, 10, 'i5vGsvbKwtDhm1hKGtzmqv5rx5n7bDoj', '2020-07-15 22:26:13', '2020-07-15 22:26:13'),
(151, 13, 'nW0Vg5YVAWsMRBKmmpQGl23Gx2kjGcCz', '2020-07-16 14:52:30', '2020-07-16 14:52:30'),
(152, 1, 'hJuSyjx3I5LUmZaz6wKPLLIwdQxNOAHb', '2020-07-16 21:51:08', '2020-07-16 21:51:08'),
(153, 13, 'A19BlniFIcGaWJXxqm9eRisLNl3DNLfX', '2020-07-17 15:03:44', '2020-07-17 15:03:44'),
(154, 13, 'UKbGnqN4yQOGUQqtHvXqWZ1sdkEbLS4P', '2020-07-17 22:07:54', '2020-07-17 22:07:54'),
(155, 1, 'JlGQZQ3lGnqfLpgF7D0bKNRxFZKOzRZZ', '2020-07-20 02:34:08', '2020-07-20 02:34:08'),
(156, 1, '3vbqUMcZZYhvpR60AMHehT9GAZ84fRGP', '2020-07-20 02:35:05', '2020-07-20 02:35:05'),
(157, 13, 'bNIBpbwG5D66ZBi3tgwiBQ1wsOMyoa56', '2020-07-20 15:19:10', '2020-07-20 15:19:10'),
(158, 13, 'DxXMzWVQl99y38mFOb8bFqLiDnceMLEO', '2020-07-22 14:45:04', '2020-07-22 14:45:04'),
(159, 1, 'rRt1IgZq718EoEylnlevBCLp6FYcvzjU', '2020-07-22 19:18:58', '2020-07-22 19:18:58'),
(160, 13, 'XoHrg7ZdyFP3BjHFoUG6Qf0lA1300NQd', '2020-07-24 15:09:42', '2020-07-24 15:09:42'),
(161, 13, 'glM44A6pItdN3o4bi7kdnAwsSCj1Jool', '2020-07-24 22:16:35', '2020-07-24 22:16:35'),
(162, 1, 'by5wsgPQplJCWBORoJeSEKGI1OB3hBhM', '2020-07-27 04:41:57', '2020-07-27 04:41:57'),
(163, 13, 'Bc9ukPZoIin2QkJxeyNnsZwWHGqZsyjy', '2020-07-29 20:42:23', '2020-07-29 20:42:23'),
(164, 13, '2SuGDJMnveaEQYkHr3xBrmYzHF1J7JPd', '2020-07-31 16:13:27', '2020-07-31 16:13:27'),
(165, 13, 'kKt5Q6VFeJeprgrnry5yBV4tLhqFqIp6', '2020-08-03 15:26:20', '2020-08-03 15:26:20'),
(166, 13, '4c04NS7d4FEsZdd2LTcEFdgv0vjYjTMe', '2020-08-03 23:24:59', '2020-08-03 23:24:59'),
(167, 13, '2n7mig2wYQ0vTEeTNgpKuH05dBBcglse', '2020-08-04 15:24:43', '2020-08-04 15:24:43'),
(168, 13, '8ANXqVQZDIOHFbBm3x9SKlHitvrL3EzQ', '2020-08-04 21:19:58', '2020-08-04 21:19:58'),
(169, 13, 'SLq5vN1UHRpImHBfDES3lCQoammxamwb', '2020-08-05 15:43:17', '2020-08-05 15:43:17'),
(170, 1, 'nKZRnOl6xSGiiUMjiIILWY5HxIzzRAnQ', '2020-08-06 03:39:55', '2020-08-06 03:39:55'),
(171, 14, 'dB2GahVVnddFtUZ5RQxZa4i7Eh5ctqGF', '2020-08-06 04:06:42', '2020-08-06 04:06:42'),
(172, 1, 'IfSNMcycdvs2mdHsQudB8SjB0HCy7pKr', '2020-08-07 01:00:53', '2020-08-07 01:00:53'),
(173, 13, 'mz9DHScF3cCnvBhD8LRWWmQRGFDX46Du', '2020-08-09 17:59:58', '2020-08-09 17:59:58'),
(174, 15, 'vGwIoelfBNPnUgaCjqe6uTrKzA7YplaB', '2020-08-11 20:27:51', '2020-08-11 20:27:51'),
(175, 1, 'od1OIcXKlRAfVUF2UFaPG7iE1nBJWfZB', '2020-08-12 13:46:29', '2020-08-12 13:46:29'),
(176, 1, 'MT3TETg0iVJ138eNrKfBGz6P6gdhczld', '2020-08-12 15:58:40', '2020-08-12 15:58:40'),
(177, 1, 'EfweLJ1YWLidmtmhpFV8tlYQHTO9I3SQ', '2020-08-12 18:45:53', '2020-08-12 18:45:53'),
(178, 1, 'jQAR9LmjtFTr6xpIf72M1t0AvdZgJvl7', '2020-08-12 22:48:31', '2020-08-12 22:48:31'),
(179, 13, 'VBt0F33YTXqjyY5Y6Sv44PZTaAaAitWj', '2020-08-18 01:45:32', '2020-08-18 01:45:32'),
(180, 13, 'eTrRdPOy0YXc1tsru08Mqfz83ftcFyCl', '2020-08-18 01:53:44', '2020-08-18 01:53:44'),
(181, 1, '3edfyh1H82XYCpF73MmvL4dMhxwa2D6g', '2020-08-18 04:47:57', '2020-08-18 04:47:57'),
(182, 1, 'M67nMQS44cxKj3fOwIEjU6lJcJteGu83', '2020-08-18 07:34:30', '2020-08-18 07:34:30'),
(183, 1, 'KlvLuiWBdqSTdljcMqr6XYzIPREmZ1CW', '2020-08-18 15:44:28', '2020-08-18 15:44:28'),
(184, 16, 'ixWYhX2ZnBG1qbaX5za8cYTK63LiWowv', '2020-08-19 00:02:39', '2020-08-19 00:02:39'),
(185, 1, 'tXegfB9jdoGTkT6Oa9pHpnnPC9yAfTVr', '2020-08-19 19:19:40', '2020-08-19 19:19:40'),
(186, 13, 'yjMzAZw0Sh4XSAUZ1yZw05fU1CpWGxxC', '2020-08-19 21:59:47', '2020-08-19 21:59:47'),
(187, 1, 'bhbkh3yeXGXlkmNabTChywIqsYsg1IoV', '2020-08-19 23:00:05', '2020-08-19 23:00:05'),
(188, 17, 'TwZ9dsCvdBYHAMMq5KXd6but7pppDR2H', '2020-08-19 23:06:31', '2020-08-19 23:06:31'),
(189, 1, 'd4fMRqq7266XAl76f4KwWJuf6eJJvnmf', '2020-08-20 04:30:58', '2020-08-20 04:30:58'),
(190, 13, 'YNkDjHPCYJptm0XmkPufVfGQ41IDzW89', '2020-08-20 14:46:21', '2020-08-20 14:46:21'),
(191, 13, 'xyPWMinHFZL6RXLsVIY3oBP76AXhJVhk', '2020-08-21 19:27:03', '2020-08-21 19:27:03'),
(192, 1, 'AtS4tRKP7hHcN4GwSdvu1QXH5vzJ5okm', '2020-08-23 04:10:38', '2020-08-23 04:10:38'),
(193, 1, 'O8d06KqQPE9gX5ckexLhIZy85HZaNbNS', '2020-08-23 05:25:56', '2020-08-23 05:25:56'),
(194, 1, 'aBM6o9C6JDY75syiE0boVHvl6lFWHTs9', '2020-08-23 22:41:07', '2020-08-23 22:41:07'),
(195, 1, 'YmmblDCFkiKSmVKKbmYpTrXevOR1qKNc', '2020-08-24 04:06:35', '2020-08-24 04:06:35'),
(196, 13, 'SCmy8Gk6eUhtAbOMeRe6M1QFBz5hzMNh', '2020-08-24 15:11:54', '2020-08-24 15:11:54'),
(197, 13, 'oPcwcfLakx2LO1WcDjNljIIUk6Nf6Avz', '2020-08-24 16:37:08', '2020-08-24 16:37:08'),
(199, 1, 'eBLlN9vYTXZYKjV3iDOFOKOIhAxRMRCg', '2020-08-24 21:05:05', '2020-08-24 21:05:05'),
(200, 17, 'xxYqxIq7kkxbmkkIbfbTF2RxTn63F7DG', '2020-08-24 21:37:20', '2020-08-24 21:37:20'),
(201, 1, 'BqoJP8WzU0efux3hikCAMy3ezXEWincY', '2020-08-25 01:09:39', '2020-08-25 01:09:39'),
(202, 1, '3houMUxJQ3wWcqr19PRSATmHrxApWX99', '2020-08-25 08:14:25', '2020-08-25 08:14:25'),
(203, 13, '1rUCNubQ59hop96aA0IEoXcdhLUVc8uk', '2020-08-25 14:54:51', '2020-08-25 14:54:51'),
(204, 1, 'vrbV4ACA3jtkctki7un5ifE0sps85XOt', '2020-08-25 15:04:11', '2020-08-25 15:04:11'),
(205, 1, 'gBVrrFGTxSyvEOnDhAfOW0r2Rf8Fj0bq', '2020-08-27 03:57:34', '2020-08-27 03:57:34'),
(206, 13, 'pawgFOZlhiHSlcaxoSn2xFGDM2s06gmM', '2020-08-28 15:39:48', '2020-08-28 15:39:48'),
(207, 18, 'ZS0kUfXdEkTEixowAoZY45FVnVAFCXb9', '2020-09-01 02:25:47', '2020-09-01 02:25:47'),
(208, 18, 'LkBgx6y4HDN4S2p4igbg5wRWMnNrBt9j', '2020-09-01 17:16:23', '2020-09-01 17:16:23'),
(209, 13, 'iJ0hPkaA4YjDU5hsd096KMqhwHAKJHZY', '2020-09-01 19:44:07', '2020-09-01 19:44:07'),
(210, 18, 'CJUqzD6vSQaBfzrKdjAkyfYDg94awH3L', '2020-09-02 03:09:56', '2020-09-02 03:09:56'),
(211, 13, 'V5bgSfu9XzgCsNipQUTHdnMBsX94VZuK', '2020-09-02 15:23:37', '2020-09-02 15:23:37'),
(212, 17, 'QaDLCvtUJ2nx5RDGVdFvTVxCJsFmKhiJ', '2020-09-02 15:51:00', '2020-09-02 15:51:00'),
(213, 13, 'gAd2kmrCrteYZmefsMElGq2e7ClOio1i', '2020-09-02 23:51:22', '2020-09-02 23:51:22'),
(214, 1, 'J3DlSDp84D0JS6qw9Dw0XiDjAFhAhBhQ', '2020-09-02 23:52:32', '2020-09-02 23:52:32'),
(215, 13, 'gawfcgLFJwcybTf4WKx5tYOHHYiVyZ36', '2020-09-07 14:54:47', '2020-09-07 14:54:47'),
(218, 13, 'I6N3LvsGOBQsNx4lkkzyEmOjL3GT26Xq', '2020-09-07 20:30:23', '2020-09-07 20:30:23'),
(219, 13, 'o5ACdUZ8P40sLZJdte4iDZHxGeIOsiev', '2020-09-07 23:12:42', '2020-09-07 23:12:42'),
(220, 1, 'xCnUVI3XP6Dke4pIH4wtjxFKxshoMH0S', '2020-09-08 02:40:59', '2020-09-08 02:40:59'),
(221, 13, 'INyri4amNY8WETLLZmn0ugRg3NFkn9Pf', '2020-09-08 21:44:50', '2020-09-08 21:44:50'),
(222, 13, 'NrsH1fzil3Ky1JHw1Hwz5wDW2maNHT3X', '2020-09-09 16:56:49', '2020-09-09 16:56:49'),
(223, 13, 'LrnrQXSQCJZyjZ6HwIXVT9S6t7pbucuk', '2020-09-14 16:17:06', '2020-09-14 16:17:06'),
(224, 13, 'nwFPxwAgDfuMvFClh83kzRbfELKII7cZ', '2020-09-14 21:39:02', '2020-09-14 21:39:02'),
(225, 13, 'aQfDsraSbPwGlw9f0ZSsFpGfwB1PoL1V', '2020-09-15 22:50:32', '2020-09-15 22:50:32'),
(226, 13, 'ifCQU4ZE4XovOc8XL126iBYMtO5qHxTA', '2020-09-16 14:42:39', '2020-09-16 14:42:39'),
(227, 13, 'x0Zeu8cy0vQf4ArWlGH6I3sMf8iMHsmD', '2020-09-16 15:26:35', '2020-09-16 15:26:35'),
(228, 13, 'J8eSRomIoiwuXbw0FGPWPwR8oscfGtVN', '2020-09-16 18:32:42', '2020-09-16 18:32:42'),
(229, 13, 'kpiZ5kasZgJVUqAzomUaO5rHu6B6Z5T4', '2020-09-17 00:04:31', '2020-09-17 00:04:31'),
(230, 13, 'Ar219KbyJ7cRCBrSoIftGxbi654gajk1', '2020-09-17 23:07:38', '2020-09-17 23:07:38'),
(231, 13, '7ufWjR5nCtf0rYM2RNhwS7fT68nhBMw7', '2020-09-22 00:03:16', '2020-09-22 00:03:16'),
(232, 13, 'GW522Gf1wYdcWo6MOM601kiHSDBmQxdv', '2020-09-22 16:38:00', '2020-09-22 16:38:00'),
(233, 13, '1BGAatQPhntpAgCDArnzhehmrBfVSEnU', '2020-09-22 18:21:39', '2020-09-22 18:21:39'),
(234, 13, 't7RFm6EBE3EdZAHRO8VVZ89x8k7uoWvN', '2020-09-22 21:15:15', '2020-09-22 21:15:15'),
(235, 13, 'XCSL804QPcXuuaHJn1BvivWeGgTANcLW', '2020-09-23 14:32:03', '2020-09-23 14:32:03'),
(236, 13, 'qOxWNJ3QfDDFsiwA77BmerLx9N9JAaLg', '2020-09-24 15:05:51', '2020-09-24 15:05:51'),
(237, 13, 'b3N7jNyWrFeUPnCOLGAheu1h41069Qjw', '2020-09-25 23:27:46', '2020-09-25 23:27:46'),
(238, 1, 'AZUkf7GQU2yusuEdKfov5TTSAobYH4Xs', '2020-10-06 21:59:17', '2020-10-06 21:59:17'),
(239, 1, 'Pr2rQpRFPIFxBd4DNjCp73MYJHBwfHxS', '2020-10-20 04:50:04', '2020-10-20 04:50:04'),
(240, 13, 'agmnbNSydIrt9RwqAq0p3ymg05hHUbAX', '2020-10-22 00:14:04', '2020-10-22 00:14:04'),
(241, 13, '76HRnlvWud26FHYLbpeQSAHHb5HVjQVS', '2020-10-23 19:02:10', '2020-10-23 19:02:10'),
(242, 13, 'ifP2xyXMSCOM9vn49w1z6kTexLPaOp3R', '2020-10-26 15:19:11', '2020-10-26 15:19:11'),
(243, 13, 'gsyuic7nKe3j4rB26NHpL9MhSeaTL1s7', '2020-11-05 00:48:05', '2020-11-05 00:48:05'),
(244, 19, '0TSkKbyrWEc41Nu8aoCysZqOvUdtJaJP', '2020-11-06 14:14:45', '2020-11-06 14:14:45'),
(245, 13, 'Uh4hOJBO1H1Mf0OO4SC2I0PTr1nqMFkT', '2020-11-06 17:09:48', '2020-11-06 17:09:48'),
(246, 13, 'Opd7OIOHdJQ3jKcuGJot7GOFjixWt7ue', '2020-11-06 17:28:40', '2020-11-06 17:28:40'),
(247, 13, 'kYHQDKpx7y8svgsn7CAeoAvihtT3hHuo', '2020-11-07 00:58:50', '2020-11-07 00:58:50'),
(249, 13, 'r448d0sYgV9t1jE2itU9YlJqNKQzJ4b8', '2020-11-09 17:37:42', '2020-11-09 17:37:42'),
(250, 13, 'LpmwtfHsmcbw2zChy7ZeQkFwjdyQpeVo', '2020-11-11 16:56:06', '2020-11-11 16:56:06'),
(251, 13, '5zLzMPPuoFSZ8QZuWp1cA8bhClBXakbQ', '2020-11-12 00:15:46', '2020-11-12 00:15:46'),
(252, 13, 'BqVDWaCf9MLW1s5HNj6U2Kl7BEuRJQDg', '2020-11-13 15:49:13', '2020-11-13 15:49:13'),
(253, 1, 'BnbJ1IcQJeCV2tqRhxNNOTjWKHrz7wrb', '2020-11-17 16:38:51', '2020-11-17 16:38:51'),
(254, 13, 'x0xpZb0TLH7JlyG0uStLgtVpjeCvkrO3', '2020-11-18 00:40:58', '2020-11-18 00:40:58'),
(255, 13, 'VdZlwQvBlZbpgyQj6njHSOJ9VsWFPwDV', '2020-11-18 15:51:56', '2020-11-18 15:51:56'),
(256, 1, '2qrBv0rLhfVTmJtlBwk3jZcHJ7HFhmX9', '2020-11-19 14:42:14', '2020-11-19 14:42:14');

-- --------------------------------------------------------

--
-- Estructura de tabla para la tabla `products`
--

CREATE TABLE `products` (
  `id` int(10) UNSIGNED NOT NULL,
  `tax_class_id` int(10) UNSIGNED DEFAULT NULL,
  `slug` varchar(191) COLLATE utf8mb4_unicode_ci NOT NULL,
  `price` decimal(18,4) UNSIGNED NOT NULL,
  `special_price` decimal(18,4) UNSIGNED DEFAULT NULL,
  `special_price_start` date DEFAULT NULL,
  `special_price_end` date DEFAULT NULL,
  `selling_price` decimal(18,4) UNSIGNED DEFAULT NULL,
  `sku` varchar(191) COLLATE utf8mb4_unicode_ci DEFAULT NULL,
  `manage_stock` tinyint(1) NOT NULL,
  `qty` int(11) DEFAULT NULL,
  `in_stock` tinyint(1) NOT NULL,
  `viewed` int(10) UNSIGNED NOT NULL DEFAULT 0,
  `is_active` tinyint(1) NOT NULL,
  `new_from` datetime DEFAULT NULL,
  `new_to` datetime DEFAULT NULL,
  `deleted_at` timestamp NULL DEFAULT NULL,
  `created_at` timestamp NULL DEFAULT NULL,
  `updated_at` timestamp NULL DEFAULT NULL
) ENGINE=InnoDB DEFAULT CHARSET=utf8mb4 COLLATE=utf8mb4_unicode_ci;

--
-- Volcado de datos para la tabla `products`
--

INSERT INTO `products` (`id`, `tax_class_id`, `slug`, `price`, `special_price`, `special_price_start`, `special_price_end`, `selling_price`, `sku`, `manage_stock`, `qty`, `in_stock`, `viewed`, `is_active`, `new_from`, `new_to`, `deleted_at`, `created_at`, `updated_at`) VALUES
(1, NULL, 'continental-de-lujo-non-flip', 187.0000, 170.0000, NULL, NULL, 170.0000, NULL, 0, NULL, 1, 432, 1, NULL, NULL, NULL, '2019-09-05 15:37:06', '2020-11-19 04:31:06'),
(2, NULL, 'continental-de-lujo-non-flip-2-plz.-y-medio', 372.0000, 297.6000, NULL, NULL, 297.6000, NULL, 0, NULL, 1, 0, 1, NULL, NULL, '2019-09-05 22:02:41', '2019-09-05 20:36:05', '2019-09-05 22:02:41'),
(3, NULL, 'colchón-chaide', 0.0000, NULL, NULL, NULL, 0.0000, NULL, 0, NULL, 1, 1, 1, NULL, NULL, '2019-09-05 22:40:55', '2019-09-05 22:39:54', '2019-09-05 22:40:55'),
(4, NULL, 'continental-de-lujo-pillow-top', 189.0000, 172.0000, NULL, NULL, 172.0000, NULL, 0, NULL, 1, 265, 1, NULL, NULL, NULL, '2019-09-05 23:10:06', '2020-11-19 02:40:05'),
(5, NULL, 'continental-tradicional', 172.0000, 157.0000, NULL, NULL, 157.0000, NULL, 0, NULL, 1, 231, 1, NULL, NULL, NULL, '2019-09-06 01:30:56', '2020-11-15 03:30:49'),
(6, 1, 'imperial-tradicional', 84.0000, 71.0000, '2020-01-01', '2020-01-31', 84.0000, NULL, 0, NULL, 1, 92, 0, NULL, NULL, NULL, '2019-09-06 02:05:35', '2020-08-24 18:44:42'),
(7, NULL, 'imperial-tradicional-27cm-hojas', 115.0000, 104.0000, NULL, NULL, 104.0000, NULL, 0, NULL, 1, 235, 1, NULL, NULL, NULL, '2019-09-06 16:50:03', '2020-11-18 18:37:45'),
(8, NULL, 'ortopédico-prensado', 184.0000, 167.0000, NULL, NULL, 167.0000, NULL, 0, NULL, 1, 239, 1, NULL, NULL, NULL, '2019-09-06 17:02:59', '2020-11-19 02:00:15'),
(9, NULL, 'suave-brisa', 157.0000, 143.0000, NULL, NULL, 143.0000, NULL, 0, NULL, 1, 281, 1, NULL, NULL, NULL, '2019-09-06 17:25:05', '2020-11-19 12:31:46'),
(10, 1, 'zafiro', 65.0000, 59.0000, NULL, NULL, 59.0000, NULL, 0, NULL, 1, 267, 1, NULL, NULL, NULL, '2019-09-06 17:43:21', '2020-11-19 14:51:05'),
(11, NULL, 'baúl-premier', 188.0000, 141.0000, '2019-09-01', '2019-10-01', 188.0000, NULL, 0, NULL, 1, 59, 1, NULL, NULL, '2020-01-24 14:02:51', '2019-09-06 18:57:51', '2020-01-24 14:02:51'),
(12, NULL, 'baúl-premier-WqwvsnP5', 188.0000, 141.0000, '2019-09-01', '2019-10-01', 188.0000, NULL, 0, NULL, 1, 23, 1, NULL, NULL, '2020-01-24 14:02:51', '2019-09-06 23:26:18', '2020-01-24 14:02:51'),
(13, NULL, 'axxo-f51-200cc', 2998.0000, 1890.0000, '2019-09-01', '2019-10-01', 2998.0000, NULL, 0, NULL, 1, 397, 0, '2019-09-01 00:00:00', NULL, NULL, '2019-09-17 22:23:11', '2020-08-17 19:00:11'),
(14, NULL, 'axxo-r9-250cc', 4450.0000, 2990.0000, '2019-09-01', '2019-10-01', 4450.0000, NULL, 0, NULL, 1, 485, 0, '2019-09-01 00:00:00', NULL, NULL, '2019-09-18 16:57:21', '2020-08-17 19:00:30'),
(15, NULL, 'axxo-raptor-150cc', 2030.0000, 1350.0000, '2019-09-01', '2019-10-01', 2030.0000, NULL, 0, NULL, 1, 225, 0, '2019-09-01 00:00:00', NULL, NULL, '2019-09-18 17:48:15', '2020-08-17 19:00:48'),
(16, NULL, 'axxo-tracker-250cc', 4450.0000, 2450.0000, '2019-09-01', '2019-10-01', 4450.0000, NULL, 0, NULL, 1, 172, 0, NULL, NULL, NULL, '2019-09-18 18:07:22', '2020-08-17 19:01:04'),
(17, NULL, 'axxo-trx-200cc', 2714.0000, 1707.0000, '2019-09-01', '2019-10-01', 2714.0000, NULL, 0, NULL, 1, 327, 0, NULL, NULL, NULL, '2019-09-18 18:29:41', '2020-08-17 19:01:18'),
(18, NULL, 'axxo-trz-250cc', 3060.0000, 1929.0000, '2019-09-01', '2019-10-01', 3060.0000, NULL, 0, NULL, 1, 319, 0, NULL, NULL, NULL, '2019-09-18 18:41:33', '2020-08-17 19:01:34'),
(19, 1, 'zafiro-27cm', 92.0000, 84.0000, NULL, NULL, 84.0000, NULL, 0, NULL, 1, 163, 1, NULL, NULL, NULL, '2020-01-13 09:49:48', '2020-11-16 02:35:24'),
(20, NULL, 'imperial-tradicional-23cm', 88.0000, 80.0000, NULL, NULL, 80.0000, NULL, 0, NULL, 1, 155, 1, NULL, NULL, NULL, '2020-01-13 13:01:22', '2020-11-18 07:01:56'),
(21, NULL, 'continental-fb', 1.7010, 1547.0000, NULL, NULL, 1547.0000, NULL, 0, NULL, 1, 137, 1, NULL, NULL, NULL, '2020-01-13 13:13:09', '2020-11-15 23:53:32'),
(22, NULL, 'fussion', 258.0000, 234.0000, NULL, NULL, 234.0000, NULL, 0, NULL, 1, 162, 1, NULL, NULL, NULL, '2020-01-13 13:30:40', '2020-11-16 17:03:23'),
(23, NULL, 'imperial-beige-non-flip', 143.0000, 130.0000, NULL, NULL, 130.0000, NULL, 0, NULL, 1, 168, 1, NULL, NULL, NULL, '2020-01-13 14:22:00', '2020-11-18 22:51:23'),
(24, NULL, 'semi-ortopédico', 98.2800, 75.6000, '2020-01-01', '2020-01-31', 98.2800, NULL, 0, NULL, 1, 62, 0, NULL, NULL, NULL, '2020-01-14 11:05:31', '2020-07-17 23:10:15'),
(25, NULL, 'simmons-andrea-plush', 238.6600, 216.9600, NULL, NULL, 216.9600, NULL, 0, NULL, 1, 182, 1, NULL, NULL, NULL, '2020-01-15 09:17:54', '2020-11-19 04:05:53'),
(26, NULL, 'simmons-erica-firm', 304.6400, 294.6400, NULL, NULL, 294.6400, NULL, 0, NULL, 1, 164, 1, NULL, NULL, NULL, '2020-01-15 09:30:17', '2020-11-19 15:58:29'),
(27, NULL, 'simmons-erica-luxury-firm-pillow-top', 459.8000, 418.0000, NULL, NULL, 418.0000, NULL, 0, NULL, 1, 199, 1, NULL, NULL, NULL, '2020-01-15 09:48:41', '2020-11-17 20:02:07'),
(28, NULL, 'caressa', 1304.0000, 1129.0000, NULL, NULL, 1129.0000, NULL, 0, NULL, 1, 129, 1, NULL, NULL, NULL, '2020-01-15 10:00:02', '2020-11-19 05:36:37'),
(29, NULL, 'escape', 1010.0000, 919.0000, NULL, NULL, 919.0000, NULL, 0, NULL, 1, 148, 1, NULL, NULL, NULL, '2020-01-15 10:39:08', '2020-11-19 05:39:07'),
(30, NULL, 'restonic-excellence', 434.0000, 395.0000, NULL, NULL, 395.0000, NULL, 0, NULL, 1, 175, 1, NULL, NULL, NULL, '2020-01-15 11:31:02', '2020-11-19 08:17:54'),
(31, NULL, 'restonic-gold', 339.0000, 309.0000, NULL, NULL, 309.0000, NULL, 0, NULL, 1, 125, 1, NULL, NULL, NULL, '2020-01-15 12:00:04', '2020-11-15 18:36:47'),
(32, NULL, 'restonic-interlude', 1094.0000, 995.0000, NULL, NULL, 995.0000, NULL, 0, NULL, 1, 142, 1, NULL, NULL, NULL, '2020-01-15 13:26:24', '2020-11-17 09:12:19'),
(33, NULL, 'sonata', 115.0000, 105.0000, NULL, NULL, 105.0000, NULL, 0, NULL, 1, 168, 1, NULL, NULL, NULL, '2020-01-15 16:13:14', '2020-11-19 06:59:20'),
(34, NULL, 'sueño-total', 69.0000, 62.0000, NULL, NULL, 62.0000, NULL, 0, NULL, 1, 140, 1, NULL, NULL, NULL, '2020-01-15 16:31:35', '2020-11-19 09:12:31'),
(35, NULL, 'ecoline-tradicional', 110.0000, 100.0000, NULL, NULL, 100.0000, NULL, 0, NULL, 1, 256, 1, NULL, NULL, NULL, '2020-01-15 17:15:46', '2020-11-18 03:09:42'),
(36, NULL, 'ecoline-adeline', 321.0000, 290.0000, NULL, NULL, 290.0000, NULL, 0, NULL, 1, 184, 1, NULL, NULL, NULL, '2020-01-15 17:41:01', '2020-11-19 23:26:05'),
(37, NULL, 'premium-lara', 427.0000, 390.0000, NULL, NULL, 390.0000, NULL, 0, NULL, 1, 164, 1, NULL, NULL, NULL, '2020-01-15 17:49:58', '2020-11-19 08:18:01'),
(38, NULL, 'premium-a', 427.0000, 390.0000, NULL, NULL, 390.0000, NULL, 0, NULL, 1, 220, 1, NULL, NULL, NULL, '2020-01-16 09:24:59', '2020-11-18 10:39:59'),
(39, NULL, 'ecoline-andrea', 199.0000, 180.0000, NULL, NULL, 180.0000, NULL, 0, NULL, 1, 1300, 1, NULL, NULL, NULL, '2020-01-20 09:21:02', '2020-11-19 08:36:05'),
(40, NULL, 'millenials', 553.0000, 500.0000, NULL, NULL, 500.0000, NULL, 0, NULL, 1, 266, 1, NULL, NULL, NULL, '2020-01-20 10:17:31', '2020-11-18 20:16:33'),
(41, NULL, 'cama-élite', 553.0000, 500.0000, NULL, NULL, 500.0000, NULL, 0, NULL, 1, 348, 1, NULL, NULL, NULL, '2020-01-20 14:32:09', '2020-11-19 02:00:07'),
(42, NULL, 'sala-smart', 2574.0000, 2400.0000, NULL, NULL, 2400.0000, NULL, 0, NULL, 1, 206, 1, '2020-01-01 00:00:00', '2020-01-31 00:00:00', NULL, '2020-01-21 13:50:16', '2020-11-19 05:08:21'),
(43, NULL, 'reclinable-smart', 798.0000, 599.0000, NULL, NULL, 599.0000, NULL, 0, NULL, 1, 2170, 1, '2020-01-01 00:00:00', '2020-01-31 00:00:00', NULL, '2020-01-21 14:19:22', '2020-11-20 01:45:26'),
(44, NULL, 'sala-premium-fmg', 929.0000, 850.0000, NULL, NULL, 850.0000, NULL, 0, NULL, 1, 166, 1, NULL, NULL, NULL, '2020-01-21 16:40:40', '2020-11-17 20:08:33'),
(45, NULL, 'sala-ecoline-new-nova', 562.0000, 520.0000, NULL, NULL, 520.0000, NULL, 0, NULL, 1, 142, 1, NULL, NULL, NULL, '2020-01-21 16:53:26', '2020-11-18 04:18:01'),
(46, NULL, 'sala-premier-nova-g', 862.0000, 790.0000, NULL, NULL, 790.0000, NULL, 0, NULL, 1, 171, 1, NULL, NULL, NULL, '2020-01-22 14:26:00', '2020-11-20 01:14:55'),
(47, NULL, 'sala-premium-cam', 1106.0000, 1000.0000, NULL, NULL, 1000.0000, NULL, 0, NULL, 1, 151, 1, NULL, NULL, NULL, '2020-01-22 15:51:29', '2020-11-19 20:36:59'),
(48, NULL, 'sala-millenials-jtc', 907.0000, 830.0000, NULL, NULL, 830.0000, NULL, 0, NULL, 1, 122, 1, NULL, NULL, NULL, '2020-01-22 16:14:34', '2020-11-17 17:40:27'),
(49, NULL, 'comedor-ecoline', 260.0000, 235.0000, NULL, NULL, 235.0000, NULL, 0, NULL, 1, 121, 1, NULL, NULL, NULL, '2020-01-22 16:42:53', '2020-11-19 18:10:05'),
(50, NULL, 'comedor-premium', 468.0000, 425.0000, NULL, NULL, 425.0000, NULL, 0, NULL, 1, 138, 1, NULL, NULL, NULL, '2020-01-22 17:09:48', '2020-11-19 03:34:21'),
(51, NULL, 'comedor-premuim-triangular', 888.0000, 808.0000, NULL, NULL, 808.0000, NULL, 0, NULL, 1, 144, 1, NULL, NULL, NULL, '2020-01-22 17:18:30', '2020-11-17 14:22:30'),
(52, NULL, 'comedor-premier', 1122.0000, 1020.0000, NULL, NULL, 1020.0000, NULL, 0, NULL, 1, 137, 1, NULL, NULL, NULL, '2020-01-22 17:35:53', '2020-11-20 02:17:21'),
(53, NULL, 'armario-eg3p', 449.0000, 408.0000, NULL, NULL, 408.0000, NULL, 0, NULL, 1, 137, 1, NULL, NULL, NULL, '2020-01-23 09:30:58', '2020-11-19 17:33:15'),
(54, NULL, 'armario-tv-50-eg3p', 449.0000, 408.0000, NULL, NULL, 408.0000, NULL, 0, NULL, 1, 146, 1, NULL, NULL, NULL, '2020-01-23 12:16:09', '2020-11-19 06:51:45'),
(55, NULL, 'armario-g3p', 411.0000, 374.0000, NULL, NULL, 374.0000, NULL, 0, NULL, 1, 129, 1, NULL, NULL, NULL, '2020-01-23 13:00:10', '2020-11-15 13:14:40'),
(56, NULL, 'armario-p2p', 281.0000, 255.0000, NULL, NULL, 255.0000, NULL, 0, NULL, 1, 120, 1, NULL, NULL, NULL, '2020-01-23 13:04:22', '2020-11-18 14:01:34'),
(57, 1, 'base-premier', 90.0000, 81.0000, '2020-01-01', '2020-01-31', 90.0000, NULL, 0, NULL, 1, 100, 1, NULL, NULL, '2020-08-11 18:01:44', '2020-01-23 18:01:13', '2020-08-11 18:01:44'),
(58, NULL, 'base-ecoline-andrea', 92.0000, 83.0000, NULL, NULL, 83.0000, NULL, 0, NULL, 1, 171, 1, NULL, NULL, NULL, '2020-01-24 11:10:02', '2020-11-18 20:36:46'),
(59, NULL, 'cabecera-premier', 154.0000, 140.0000, NULL, NULL, 140.0000, NULL, 0, NULL, 1, 238, 1, NULL, NULL, NULL, '2020-01-24 12:38:16', '2020-11-19 11:52:02'),
(60, NULL, 'base-zafiro-chaide-chaide', 90.0000, 82.0000, NULL, NULL, 82.0000, NULL, 0, NULL, 1, 419, 1, NULL, NULL, NULL, '2020-01-24 13:59:57', '2020-11-17 17:34:12'),
(61, NULL, 'almohada-restonic-memory-foam-chaide-chaide', 29.0000, 25.0000, NULL, NULL, 25.0000, NULL, 0, NULL, 1, 360, 1, NULL, NULL, NULL, '2020-01-24 16:45:07', '2020-11-19 12:46:42'),
(62, NULL, 'almohada-cervical-memory-foam-chaide-chaide', 28.0000, 25.0000, NULL, NULL, 25.0000, NULL, 0, NULL, 1, 205, 1, NULL, NULL, NULL, '2020-01-24 16:57:46', '2020-11-19 09:03:16'),
(63, NULL, 'almohada-zafiro-chaide-chaide', 19.0000, 17.0000, NULL, NULL, 17.0000, NULL, 0, NULL, 1, 272, 1, NULL, NULL, NULL, '2020-01-25 10:57:09', '2020-11-17 20:46:56'),
(64, NULL, 'almohada-aurora-chaide-chaide', 6.0000, 5.0000, NULL, NULL, 5.0000, NULL, 0, NULL, 1, 528, 1, NULL, NULL, NULL, '2020-01-25 13:04:42', '2020-11-19 21:13:26'),
(65, NULL, 'almohada-rubi-chaide-chaide', 9.0000, 8.0000, NULL, NULL, 8.0000, NULL, 0, 10, 1, 477, 1, NULL, NULL, NULL, '2020-01-25 13:28:00', '2020-11-19 00:25:32'),
(66, NULL, 'lavadora-mabe-18-kg', 790.0000, 499.0000, '2020-09-14', '2020-10-31', 499.0000, NULL, 0, NULL, 1, 126, 1, NULL, NULL, NULL, '2020-01-25 14:29:15', '2020-11-19 20:14:50'),
(67, 1, 'almohada-antireflujo', 28.0000, 24.5500, NULL, NULL, 24.5500, NULL, 0, NULL, 1, 103, 1, NULL, NULL, NULL, '2020-07-16 16:43:32', '2020-11-18 23:54:24'),
(68, NULL, 'alternativa', 49.0000, 44.0000, NULL, NULL, 44.0000, NULL, 0, NULL, 1, 124, 1, NULL, NULL, NULL, '2020-07-20 19:00:23', '2020-11-16 03:33:25'),
(69, NULL, 'andrea', 259.0000, 235.0000, NULL, NULL, 235.0000, NULL, 0, NULL, 1, 123, 1, NULL, NULL, NULL, '2020-07-20 21:59:59', '2020-11-18 19:19:45'),
(70, NULL, 'restonic-dreamer', 1606.0000, 1460.0000, NULL, NULL, 1460.0000, NULL, 0, NULL, 1, 125, 1, NULL, NULL, NULL, '2020-07-31 17:34:48', '2020-11-18 06:59:11'),
(71, NULL, 'restonic-elegance', 1362.0000, 1245.0000, NULL, NULL, 1245.0000, NULL, 0, NULL, 1, 114, 1, NULL, NULL, NULL, '2020-07-31 18:39:33', '2020-11-20 02:32:00'),
(72, NULL, 'restonic-grand-palais', 715.0000, 650.0000, NULL, NULL, 650.0000, NULL, 0, NULL, 1, 98, 1, NULL, NULL, NULL, '2020-07-31 19:07:54', '2020-11-16 04:09:31'),
(73, NULL, 'restapedic', 175.0000, 159.0000, NULL, NULL, 159.0000, NULL, 0, NULL, 1, 110, 1, NULL, NULL, NULL, '2020-07-31 19:34:16', '2020-11-16 07:28:20'),
(74, NULL, 'restonic-symphony', 1241.0000, 1129.0000, NULL, NULL, 1129.0000, NULL, 0, NULL, 1, 111, 1, NULL, NULL, NULL, '2020-07-31 19:58:06', '2020-11-16 01:53:48'),
(75, NULL, 'king-moon-smart', 1.9310, 1755.0000, NULL, NULL, 1755.0000, NULL, 0, NULL, 1, 10500, 1, NULL, NULL, NULL, '2020-08-03 23:12:42', '2020-11-19 15:18:24'),
(76, NULL, 'premium-europa', 515.0000, 470.0000, NULL, NULL, 470.0000, NULL, 0, NULL, 1, 158, 1, NULL, NULL, NULL, '2020-08-04 00:22:37', '2020-11-17 03:21:29'),
(77, NULL, 'premier', 354.0000, 320.0000, NULL, NULL, 320.0000, NULL, 0, NULL, 1, 299, 1, NULL, NULL, NULL, '2020-08-04 00:49:00', '2020-11-19 23:08:29'),
(78, NULL, 'moon-smart', 1.7010, 1547.0000, NULL, NULL, 1547.0000, NULL, 0, NULL, 1, 318, 1, NULL, NULL, NULL, '2020-08-04 17:16:42', '2020-11-19 02:55:39'),
(79, NULL, 'premium-emily', 354.0000, 322.0000, NULL, NULL, 322.0000, NULL, 0, NULL, 1, 164, 1, NULL, NULL, NULL, '2020-08-04 18:46:44', '2020-11-17 14:21:31'),
(80, NULL, 'butaca-premier-scarlet', 343.0000, 310.0000, NULL, NULL, 310.0000, NULL, 0, NULL, 1, 141, 1, NULL, NULL, NULL, '2020-08-07 00:02:55', '2020-11-19 21:27:20'),
(81, NULL, 'combo-elite', 690.0000, NULL, NULL, NULL, 690.0000, NULL, 0, NULL, 1, 131, 1, NULL, NULL, '2020-09-14 16:19:45', '2020-08-09 18:20:58', '2020-09-14 16:19:45'),
(82, NULL, 'base-tapiz-chaide-chaide', 109.5000, 99.5000, NULL, NULL, 99.5000, NULL, 0, NULL, 0, 119, 1, NULL, NULL, NULL, '2020-08-11 18:40:19', '2020-11-17 17:54:36'),
(83, NULL, 'velador-premier', 83.0000, 75.0000, NULL, NULL, 75.0000, NULL, 0, NULL, 1, 121, 1, NULL, NULL, NULL, '2020-08-13 22:02:39', '2020-11-20 00:59:45'),
(84, NULL, 'litera-erika', 1045.0000, 950.0000, NULL, NULL, 950.0000, NULL, 0, NULL, 1, 134, 1, NULL, NULL, NULL, '2020-08-14 17:18:43', '2020-11-17 13:25:07'),
(85, NULL, 'fredoom', 1850.0000, 1590.0000, NULL, NULL, 1590.0000, NULL, 0, NULL, 1, 99, 1, NULL, NULL, NULL, '2020-08-14 18:58:55', '2020-11-17 02:36:16'),
(86, NULL, 'xy-10d-150cc', 1500.0000, 1350.0000, NULL, NULL, 1350.0000, NULL, 0, NULL, 1, 93, 1, NULL, NULL, NULL, '2020-08-14 23:57:46', '2020-11-18 17:45:23'),
(87, NULL, 'sport-r-250cc', 2500.0000, 2200.0000, NULL, NULL, 2200.0000, NULL, 0, NULL, 1, 94, 1, NULL, NULL, NULL, '2020-08-15 00:13:38', '2020-11-19 02:34:47'),
(88, NULL, 'gy8-200cc', 1785.0000, 1690.0000, NULL, NULL, 1690.0000, NULL, 0, NULL, 1, 87, 1, NULL, NULL, NULL, '2020-08-17 15:51:58', '2020-11-18 20:26:39'),
(89, NULL, 'gp-200cc', 2500.0000, 2150.0000, NULL, NULL, 2150.0000, NULL, 0, NULL, 1, 88, 1, NULL, NULL, NULL, '2020-08-17 16:26:56', '2020-11-19 09:48:52'),
(90, NULL, 'fast-150cc', 1650.0000, 1490.0000, NULL, NULL, 1490.0000, NULL, 0, NULL, 1, 12, 0, NULL, NULL, NULL, '2020-08-17 17:12:50', '2020-09-23 18:38:52'),
(91, NULL, 'sofá-cama-ivana', 475.0000, 399.0000, NULL, NULL, 399.0000, NULL, 0, NULL, 1, 169, 1, NULL, NULL, NULL, '2020-08-17 22:54:42', '2020-11-20 00:32:55'),
(92, NULL, 'sala-elegant-paris', 1.4010, 1300.0000, NULL, NULL, 1300.0000, NULL, 0, NULL, 1, 128, 1, NULL, NULL, NULL, '2020-08-18 21:30:26', '2020-11-17 10:30:30'),
(93, NULL, 'combo-cama-adeline', 539.0000, 490.0000, NULL, NULL, 490.0000, NULL, 0, NULL, 1, 81, 1, NULL, NULL, NULL, '2020-09-07 20:42:02', '2020-11-17 05:35:32'),
(94, NULL, 'combo-cama-andrea', 350.0000, NULL, NULL, NULL, 350.0000, NULL, 0, NULL, 1, 1, 1, NULL, NULL, '2020-09-08 00:06:15', '2020-09-08 00:01:38', '2020-09-08 00:06:15'),
(95, NULL, 'combo-cama-andrea-vP31UNCT', 385.0000, 350.0000, NULL, NULL, 350.0000, NULL, 0, NULL, 1, 95, 1, NULL, NULL, NULL, '2020-09-08 00:05:09', '2020-11-18 20:47:33'),
(96, NULL, 'combo-cama-élite', 800.0000, 690.0000, NULL, NULL, 690.0000, NULL, 0, NULL, 1, 114, 1, NULL, NULL, NULL, '2020-09-08 00:27:14', '2020-11-19 04:43:49'),
(97, NULL, 'combo-cama-erika', 650.0000, 590.0000, NULL, NULL, 590.0000, NULL, 0, NULL, 1, 788, 1, NULL, NULL, NULL, '2020-09-08 15:28:17', '2020-11-20 00:57:35'),
(98, NULL, 'combo-cama-europa', 870.0000, 790.0000, NULL, NULL, 790.0000, NULL, 0, NULL, 1, 90, 1, NULL, NULL, NULL, '2020-09-08 22:15:05', '2020-11-19 00:44:35'),
(99, NULL, 'combo-premium-lara', 870.0000, 650.0000, NULL, NULL, 650.0000, NULL, 0, NULL, 1, 81, 1, NULL, NULL, NULL, '2020-09-08 22:34:15', '2020-11-18 18:26:45'),
(100, NULL, 'combo-premier', 715.0000, 550.0000, NULL, NULL, 550.0000, NULL, 0, NULL, 1, 144, 1, NULL, NULL, NULL, '2020-09-08 22:58:00', '2020-11-19 15:53:55'),
(101, NULL, 'combo-millenials', 970.0000, 750.0000, NULL, NULL, 750.0000, NULL, 0, NULL, 1, 141, 1, NULL, NULL, NULL, '2020-09-08 23:17:51', '2020-11-19 11:05:11'),
(102, NULL, 'combo-moon', 2210.0000, 1550.0000, NULL, NULL, 1550.0000, NULL, 0, NULL, 0, 133, 1, NULL, NULL, NULL, '2020-09-08 23:36:08', '2020-11-19 03:52:45'),
(103, NULL, 'combo-king-moon', 2440.0000, 1755.0000, NULL, NULL, 1755.0000, NULL, 0, NULL, 1, 4257, 1, NULL, NULL, NULL, '2020-09-08 23:50:40', '2020-11-20 01:45:37'),
(104, NULL, 'sueño-perfecto', 89.0000, 81.0000, NULL, NULL, 81.0000, NULL, 0, NULL, 1, 81, 1, NULL, NULL, NULL, '2020-09-23 22:16:39', '2020-11-19 10:37:01'),
(105, NULL, 'sueño-perfecto-Hfk2SgV0', 89.0000, 81.0000, NULL, NULL, 81.0000, NULL, 0, NULL, 1, 0, 1, NULL, NULL, '2020-09-23 23:03:32', '2020-09-23 22:16:40', '2020-09-23 23:03:32'),
(106, NULL, 'sensaciones', 107.0000, 97.0000, NULL, NULL, 97.0000, NULL, 0, NULL, 1, 55, 1, NULL, NULL, NULL, '2020-09-23 23:52:30', '2020-11-20 00:30:19'),
(107, NULL, 'king-a2', 850.0000, 599.0000, NULL, NULL, 599.0000, NULL, 0, NULL, 1, 99, 1, NULL, NULL, NULL, '2020-09-24 17:20:53', '2020-11-19 22:13:42'),
(108, NULL, 'sofá-cama-andrea', 328.0000, 299.0000, NULL, NULL, 299.0000, NULL, 0, NULL, 1, 65, 1, NULL, NULL, NULL, '2020-09-25 23:40:23', '2020-11-17 19:55:38'),
(109, NULL, 'reclinable-smart-GJmLqsqM', 1398.0000, 699.0000, NULL, NULL, 699.0000, NULL, 0, NULL, 1, 28, 1, NULL, NULL, NULL, '2020-11-06 17:57:53', '2020-11-19 14:42:47'),
(110, NULL, 'reclinable-premier-eléctrico', 798.0000, 399.0000, NULL, NULL, 399.0000, NULL, 0, NULL, 1, 34, 1, NULL, NULL, NULL, '2020-11-07 01:08:35', '2020-11-20 01:45:40'),
(111, NULL, 'reclinables-premier-smart', 998.0000, 499.0000, NULL, NULL, 499.0000, NULL, 0, NULL, 1, 29, 1, NULL, NULL, NULL, '2020-11-07 01:12:25', '2020-11-19 22:33:49');

-- --------------------------------------------------------

--
-- Estructura de tabla para la tabla `product_attributes`
--

CREATE TABLE `product_attributes` (
  `id` int(10) UNSIGNED NOT NULL,
  `product_id` int(10) UNSIGNED NOT NULL,
  `attribute_id` int(10) UNSIGNED NOT NULL
) ENGINE=InnoDB DEFAULT CHARSET=utf8mb4 COLLATE=utf8mb4_unicode_ci;

--
-- Volcado de datos para la tabla `product_attributes`
--

INSERT INTO `product_attributes` (`id`, `product_id`, `attribute_id`) VALUES
(1595, 11, 2),
(1596, 11, 3),
(1597, 11, 5),
(1598, 11, 6),
(1599, 11, 8),
(1600, 12, 2),
(1601, 12, 3),
(1602, 12, 5),
(1603, 12, 6),
(1604, 12, 8),
(2111, 57, 1),
(2112, 57, 2),
(2113, 57, 3),
(2114, 57, 4),
(2115, 57, 5),
(2116, 57, 6),
(2117, 57, 8),
(2118, 57, 10),
(2119, 57, 9),
(2120, 57, 7),
(2667, 24, 2),
(2668, 24, 3),
(2669, 24, 10),
(2670, 24, 6),
(2671, 24, 9),
(2672, 24, 7),
(2673, 24, 11),
(3554, 13, 7),
(3555, 13, 6),
(3556, 14, 6),
(3557, 14, 7),
(3558, 15, 6),
(3559, 15, 7),
(3560, 16, 6),
(3561, 16, 7),
(3562, 17, 6),
(3563, 17, 7),
(3564, 18, 6),
(3565, 18, 7),
(4048, 6, 1),
(4049, 6, 12),
(4050, 6, 2),
(4051, 6, 3),
(4052, 6, 10),
(4053, 6, 6),
(4054, 6, 9),
(4055, 6, 7),
(4056, 6, 11),
(4366, 81, 3),
(4367, 81, 4),
(4368, 81, 5),
(4369, 81, 7),
(4388, 88, 25),
(4389, 88, 26),
(4390, 88, 27),
(4391, 88, 28),
(4392, 88, 29),
(4393, 88, 30),
(4394, 88, 31),
(4395, 88, 32),
(4542, 94, 2),
(4543, 94, 3),
(4544, 94, 4),
(4545, 94, 5),
(4546, 94, 6),
(4547, 94, 7),
(4548, 94, 39),
(4549, 94, 38),
(4550, 94, 37),
(4551, 94, 36),
(4552, 94, 35),
(4553, 94, 34),
(4554, 94, 33),
(5432, 50, 6),
(5433, 50, 7),
(5434, 50, 8),
(5435, 51, 6),
(5436, 51, 7),
(5437, 51, 8),
(5438, 52, 6),
(5439, 52, 7),
(5440, 52, 8),
(5441, 53, 6),
(5442, 53, 7),
(5443, 53, 13),
(5444, 53, 14),
(5445, 53, 15),
(5446, 53, 16),
(5447, 53, 17),
(5448, 53, 18),
(5449, 54, 6),
(5450, 54, 13),
(5451, 54, 14),
(5452, 54, 15),
(5453, 54, 16),
(5454, 54, 7),
(5455, 54, 17),
(5456, 54, 18),
(5457, 55, 6),
(5458, 55, 13),
(5459, 55, 14),
(5460, 55, 15),
(5461, 55, 16),
(5462, 55, 7),
(5463, 55, 17),
(5464, 55, 18),
(5465, 56, 6),
(5466, 56, 13),
(5467, 56, 14),
(5468, 56, 15),
(5469, 56, 16),
(5479, 58, 1),
(5480, 58, 2),
(5481, 58, 3),
(5482, 58, 20),
(5483, 58, 19),
(5484, 58, 10),
(5485, 58, 6),
(5486, 58, 8),
(5487, 58, 9),
(5488, 59, 2),
(5489, 59, 3),
(5490, 59, 4),
(5491, 59, 5),
(5492, 59, 6),
(5493, 59, 8),
(5494, 59, 7),
(5495, 60, 2),
(5496, 60, 3),
(5497, 60, 6),
(5498, 60, 8),
(5499, 60, 9),
(5500, 60, 7),
(5501, 60, 10),
(5502, 61, 6),
(5503, 61, 14),
(5504, 61, 21),
(5505, 61, 11),
(5566, 1, 2),
(5567, 1, 3),
(5568, 1, 4),
(5569, 1, 5),
(5570, 1, 6),
(5571, 1, 7),
(5572, 1, 9),
(5573, 1, 10),
(5574, 1, 11),
(5575, 4, 2),
(5576, 4, 3),
(5577, 4, 4),
(5578, 4, 5),
(5579, 4, 10),
(5580, 4, 6),
(5581, 4, 9),
(5582, 4, 7),
(5583, 4, 11),
(5584, 5, 2),
(5585, 5, 3),
(5586, 5, 4),
(5587, 5, 5),
(5588, 5, 10),
(5589, 5, 6),
(5590, 5, 9),
(5591, 5, 7),
(5592, 5, 11),
(5593, 7, 2),
(5594, 7, 3),
(5595, 7, 4),
(5596, 7, 10),
(5597, 7, 6),
(5598, 7, 9),
(5599, 7, 7),
(5600, 7, 11),
(5601, 8, 2),
(5602, 8, 3),
(5603, 8, 4),
(5604, 8, 5),
(5605, 8, 10),
(5606, 8, 9),
(5607, 8, 7),
(5608, 8, 11),
(5609, 9, 2),
(5610, 9, 3),
(5611, 9, 4),
(5612, 9, 10),
(5613, 9, 6),
(5614, 9, 9),
(5615, 9, 7),
(5616, 9, 11),
(5617, 10, 2),
(5618, 10, 3),
(5619, 10, 10),
(5620, 10, 6),
(5621, 10, 9),
(5622, 10, 7),
(5623, 10, 11),
(5624, 19, 2),
(5625, 19, 3),
(5626, 19, 10),
(5627, 19, 6),
(5628, 19, 9),
(5629, 19, 7),
(5630, 19, 11),
(5649, 20, 1),
(5650, 20, 12),
(5651, 20, 2),
(5652, 20, 3),
(5653, 20, 10),
(5654, 20, 6),
(5655, 20, 9),
(5656, 20, 7),
(5657, 20, 11),
(5667, 22, 2),
(5668, 22, 3),
(5669, 22, 4),
(5670, 22, 5),
(5671, 22, 6),
(5672, 22, 7),
(5673, 22, 9),
(5674, 22, 10),
(5675, 22, 11),
(5676, 23, 2),
(5677, 23, 3),
(5678, 23, 10),
(5679, 23, 6),
(5680, 23, 9),
(5681, 23, 7),
(5682, 23, 11),
(5683, 25, 2),
(5684, 25, 3),
(5685, 25, 4),
(5686, 25, 5),
(5687, 25, 10),
(5688, 25, 6),
(5689, 25, 9),
(5690, 25, 7),
(5691, 25, 11),
(5701, 26, 2),
(5702, 26, 3),
(5703, 26, 4),
(5704, 26, 5),
(5705, 26, 10),
(5706, 26, 6),
(5707, 26, 9),
(5708, 26, 7),
(5709, 26, 11),
(5710, 27, 2),
(5711, 27, 3),
(5712, 27, 4),
(5713, 27, 5),
(5714, 27, 10),
(5715, 27, 6),
(5716, 27, 9),
(5717, 27, 7),
(5718, 27, 11),
(5719, 28, 3),
(5720, 28, 4),
(5721, 28, 5),
(5722, 28, 10),
(5723, 28, 6),
(5724, 28, 9),
(5725, 28, 7),
(5726, 28, 11),
(5727, 29, 3),
(5728, 29, 4),
(5729, 29, 5),
(5730, 29, 10),
(5731, 29, 6),
(5732, 29, 9),
(5733, 29, 7),
(5734, 29, 11),
(5735, 30, 2),
(5736, 30, 3),
(5737, 30, 4),
(5738, 30, 5),
(5739, 30, 10),
(5740, 30, 6),
(5741, 30, 9),
(5742, 30, 7),
(5743, 30, 11),
(5744, 31, 4),
(5745, 31, 5),
(5746, 31, 10),
(5747, 31, 6),
(5748, 31, 9),
(5749, 31, 7),
(5750, 31, 11),
(5751, 32, 3),
(5752, 32, 4),
(5753, 32, 5),
(5754, 32, 10),
(5755, 32, 6),
(5756, 32, 9),
(5757, 32, 7),
(5758, 32, 11),
(5759, 33, 3),
(5760, 33, 4),
(5761, 33, 5),
(5762, 33, 6),
(5763, 33, 7),
(5764, 33, 9),
(5765, 33, 10),
(5766, 33, 11),
(5767, 34, 2),
(5768, 34, 3),
(5769, 34, 4),
(5770, 34, 5),
(5771, 34, 10),
(5772, 34, 6),
(5773, 34, 9),
(5774, 34, 7),
(5775, 34, 11),
(5837, 62, 6),
(5838, 62, 14),
(5839, 62, 21),
(5840, 62, 11),
(5845, 64, 6),
(5846, 64, 14),
(5847, 64, 21),
(5848, 64, 11),
(5849, 63, 6),
(5850, 63, 14),
(5851, 63, 21),
(5852, 63, 11),
(5853, 65, 6),
(5854, 65, 14),
(5855, 65, 21),
(5856, 65, 11),
(5857, 66, 6),
(5858, 66, 14),
(5859, 66, 22),
(5860, 66, 7),
(5861, 67, 6),
(5862, 67, 14),
(5863, 67, 21),
(5864, 68, 2),
(5865, 68, 3),
(5866, 68, 10),
(5867, 68, 6),
(5868, 68, 9),
(5869, 68, 7),
(5870, 68, 11),
(5879, 69, 3),
(5880, 69, 4),
(5881, 69, 5),
(5882, 69, 6),
(5883, 69, 7),
(5884, 69, 9),
(5885, 69, 10),
(5886, 69, 11),
(5887, 70, 3),
(5888, 70, 4),
(5889, 70, 5),
(5890, 70, 10),
(5891, 70, 6),
(5892, 70, 9),
(5893, 70, 7),
(5894, 70, 11),
(5903, 71, 3),
(5904, 71, 4),
(5905, 71, 5),
(5906, 71, 10),
(5907, 71, 6),
(5908, 71, 9),
(5909, 71, 7),
(5910, 71, 11),
(5911, 72, 3),
(5912, 72, 4),
(5913, 72, 5),
(5914, 72, 10),
(5915, 72, 6),
(5916, 72, 9),
(5917, 72, 7),
(5918, 72, 11),
(5919, 73, 3),
(5920, 73, 4),
(5921, 73, 5),
(5922, 73, 10),
(5923, 73, 6),
(5924, 73, 9),
(5925, 73, 7),
(5926, 73, 11),
(5927, 74, 3),
(5928, 74, 4),
(5929, 74, 5),
(5930, 74, 10),
(5931, 74, 6),
(5932, 74, 9),
(5933, 74, 7),
(5934, 74, 11),
(5953, 21, 2),
(5954, 21, 3),
(5955, 21, 4),
(5956, 21, 5),
(5957, 21, 10),
(5958, 21, 6),
(5959, 21, 9),
(5960, 21, 7),
(5961, 21, 11),
(5968, 79, 2),
(5969, 79, 3),
(5970, 79, 4),
(5971, 79, 5),
(5972, 79, 6),
(5973, 79, 7),
(5977, 82, 2),
(5978, 82, 3),
(5979, 82, 10),
(5980, 82, 19),
(5981, 82, 20),
(5982, 82, 8),
(5983, 82, 6),
(5984, 83, 17),
(5985, 83, 7),
(5986, 83, 6),
(5987, 83, 8),
(5988, 85, 25),
(5989, 85, 26),
(5990, 85, 27),
(5991, 85, 28),
(5992, 85, 29),
(5993, 85, 30),
(5994, 85, 31),
(5995, 85, 32),
(5996, 86, 25),
(5997, 86, 26),
(5998, 86, 27),
(5999, 86, 28),
(6000, 86, 29),
(6001, 86, 30),
(6002, 86, 31),
(6003, 86, 32),
(6004, 87, 25),
(6005, 87, 26),
(6006, 87, 27),
(6007, 87, 28),
(6008, 87, 29),
(6009, 87, 30),
(6010, 87, 31),
(6011, 87, 32),
(6012, 89, 25),
(6013, 89, 26),
(6014, 89, 27),
(6015, 89, 28),
(6016, 89, 29),
(6017, 89, 30),
(6018, 89, 31),
(6019, 89, 32),
(6020, 90, 25),
(6021, 90, 26),
(6022, 90, 27),
(6023, 90, 28),
(6024, 90, 29),
(6025, 90, 30),
(6026, 90, 31),
(6027, 90, 32),
(6032, 92, 6),
(6033, 92, 8),
(6034, 92, 7),
(6035, 93, 3),
(6036, 93, 4),
(6037, 93, 5),
(6038, 93, 6),
(6039, 93, 7),
(6040, 93, 33),
(6041, 93, 34),
(6042, 93, 35),
(6043, 93, 36),
(6044, 93, 37),
(6045, 93, 39),
(6046, 95, 2),
(6047, 95, 3),
(6048, 95, 4),
(6049, 95, 5),
(6050, 95, 6),
(6051, 95, 7),
(6052, 95, 8),
(6053, 95, 33),
(6054, 95, 34),
(6055, 95, 35),
(6056, 95, 36),
(6057, 95, 37),
(6058, 95, 39),
(6059, 96, 3),
(6060, 96, 4),
(6061, 96, 5),
(6062, 96, 6),
(6063, 96, 7),
(6064, 96, 39),
(6065, 96, 33),
(6066, 96, 34),
(6067, 96, 35),
(6068, 96, 37),
(6069, 96, 36),
(6070, 97, 3),
(6071, 97, 4),
(6072, 97, 5),
(6073, 97, 6),
(6074, 97, 7),
(6075, 97, 39),
(6076, 97, 33),
(6077, 97, 34),
(6078, 97, 35),
(6079, 97, 37),
(6080, 97, 36),
(6081, 98, 3),
(6082, 98, 4),
(6083, 98, 5),
(6084, 98, 6),
(6085, 98, 8),
(6086, 98, 7),
(6087, 98, 39),
(6088, 98, 33),
(6089, 98, 34),
(6090, 98, 35),
(6091, 98, 37),
(6092, 98, 36),
(6135, 36, 3),
(6136, 36, 4),
(6137, 36, 5),
(6138, 36, 6),
(6139, 36, 7),
(6140, 37, 3),
(6141, 37, 4),
(6142, 37, 5),
(6143, 37, 6),
(6144, 37, 7),
(6145, 38, 3),
(6146, 38, 4),
(6147, 38, 5),
(6148, 38, 6),
(6149, 38, 7),
(6150, 39, 2),
(6151, 39, 3),
(6152, 39, 4),
(6153, 39, 5),
(6154, 39, 6),
(6155, 39, 8),
(6156, 39, 7),
(6157, 40, 3),
(6158, 40, 4),
(6159, 40, 5),
(6160, 40, 6),
(6161, 40, 8),
(6162, 40, 7),
(6163, 41, 3),
(6164, 41, 4),
(6165, 41, 5),
(6166, 41, 6),
(6167, 41, 7),
(6171, 42, 6),
(6172, 42, 7),
(6173, 42, 8),
(6174, 76, 3),
(6175, 76, 4),
(6176, 76, 5),
(6177, 76, 6),
(6178, 76, 8),
(6179, 76, 7),
(6180, 84, 15),
(6181, 84, 9),
(6182, 84, 17),
(6183, 84, 18),
(6184, 84, 1),
(6185, 84, 2),
(6186, 84, 3),
(6187, 44, 6),
(6188, 44, 7),
(6189, 44, 8),
(6190, 45, 6),
(6191, 45, 7),
(6192, 45, 8),
(6193, 46, 6),
(6194, 46, 7),
(6195, 46, 8),
(6196, 47, 6),
(6197, 47, 7),
(6198, 47, 8),
(6199, 48, 6),
(6200, 48, 7),
(6201, 48, 8),
(6202, 77, 2),
(6203, 77, 3),
(6204, 77, 4),
(6205, 77, 5),
(6206, 77, 6),
(6207, 77, 8),
(6208, 77, 7),
(6209, 80, 7),
(6210, 80, 8),
(6211, 80, 6),
(6212, 35, 2),
(6213, 35, 3),
(6214, 35, 4),
(6215, 35, 6),
(6216, 35, 7),
(6217, 49, 6),
(6218, 49, 7),
(6219, 49, 8),
(6279, 91, 7),
(6280, 91, 14),
(6281, 91, 8),
(6282, 91, 6),
(6324, 78, 3),
(6325, 78, 4),
(6326, 78, 5),
(6327, 78, 6),
(6328, 78, 8),
(6329, 78, 7),
(6330, 75, 3),
(6331, 75, 4),
(6332, 75, 5),
(6333, 75, 6),
(6334, 75, 7),
(6365, 108, 7),
(6366, 108, 14),
(6367, 108, 6),
(6368, 108, 8),
(6372, 107, 3),
(6373, 107, 4),
(6374, 107, 5),
(6375, 107, 6),
(6376, 107, 7),
(6377, 107, 8),
(6378, 103, 3),
(6379, 103, 4),
(6380, 103, 5),
(6381, 103, 6),
(6382, 103, 8),
(6383, 103, 7),
(6384, 103, 39),
(6385, 103, 33),
(6386, 103, 34),
(6387, 103, 35),
(6388, 103, 37),
(6389, 103, 36),
(6390, 106, 2),
(6391, 106, 3),
(6392, 106, 4),
(6393, 106, 6),
(6394, 106, 7),
(6395, 106, 9),
(6396, 104, 2),
(6397, 104, 3),
(6398, 104, 6),
(6399, 104, 7),
(6400, 104, 9),
(6401, 102, 3),
(6402, 102, 4),
(6403, 102, 5),
(6404, 102, 6),
(6405, 102, 8),
(6406, 102, 7),
(6407, 102, 39),
(6408, 102, 33),
(6409, 102, 34),
(6410, 102, 35),
(6411, 102, 37),
(6412, 102, 36),
(6425, 101, 3),
(6426, 101, 4),
(6427, 101, 5),
(6428, 101, 6),
(6429, 101, 8),
(6430, 101, 7),
(6431, 101, 39),
(6432, 101, 33),
(6433, 101, 34),
(6434, 101, 35),
(6435, 101, 37),
(6436, 101, 36),
(6437, 100, 2),
(6438, 100, 3),
(6439, 100, 4),
(6440, 100, 5),
(6441, 100, 6),
(6442, 100, 8),
(6443, 100, 7),
(6444, 100, 39),
(6445, 100, 33),
(6446, 100, 34),
(6447, 100, 35),
(6448, 100, 37),
(6449, 100, 36),
(6450, 99, 3),
(6451, 99, 4),
(6452, 99, 5),
(6453, 99, 6),
(6454, 99, 8),
(6455, 99, 7),
(6456, 99, 39),
(6457, 99, 33),
(6458, 99, 34),
(6459, 99, 35),
(6460, 99, 37),
(6461, 99, 36),
(6465, 43, 6),
(6466, 43, 7),
(6467, 43, 8),
(6513, 111, 6),
(6514, 111, 7),
(6515, 111, 8),
(6516, 110, 6),
(6517, 110, 7),
(6518, 110, 8),
(6519, 109, 6),
(6520, 109, 7),
(6521, 109, 8);

-- --------------------------------------------------------

--
-- Estructura de tabla para la tabla `product_attribute_values`
--

CREATE TABLE `product_attribute_values` (
  `product_attribute_id` int(10) UNSIGNED NOT NULL,
  `attribute_value_id` int(10) UNSIGNED NOT NULL
) ENGINE=InnoDB DEFAULT CHARSET=utf8mb4 COLLATE=utf8mb4_unicode_ci;

--
-- Volcado de datos para la tabla `product_attribute_values`
--

INSERT INTO `product_attribute_values` (`product_attribute_id`, `attribute_value_id`) VALUES
(1595, 6),
(1596, 7),
(1597, 9),
(1598, 10),
(1598, 12),
(1598, 13),
(1598, 14),
(1598, 15),
(1598, 17),
(1598, 42),
(1599, 37),
(1599, 38),
(1600, 6),
(1601, 7),
(1602, 9),
(1603, 10),
(1603, 12),
(1603, 14),
(1604, 36),
(2111, 19),
(2112, 6),
(2113, 7),
(2114, 8),
(2115, 9),
(2116, 10),
(2116, 12),
(2116, 14),
(2116, 40),
(2116, 95),
(2117, 36),
(2117, 37),
(2117, 38),
(2118, 48),
(2119, 45),
(2120, 33),
(2667, 6),
(2668, 7),
(2669, 47),
(2670, 11),
(2671, 65),
(2672, 34),
(2673, 62),
(3554, 34),
(3555, 10),
(3555, 16),
(3555, 41),
(3556, 10),
(3556, 11),
(3556, 16),
(3557, 34),
(3558, 10),
(3558, 40),
(3559, 34),
(3560, 16),
(3560, 40),
(3560, 42),
(3561, 34),
(3562, 10),
(3562, 11),
(3562, 16),
(3562, 40),
(3563, 34),
(3564, 11),
(3564, 16),
(3564, 40),
(3565, 34),
(4048, 19),
(4049, 64),
(4050, 6),
(4051, 7),
(4052, 47),
(4053, 57),
(4054, 43),
(4055, 34),
(4056, 62),
(4366, 7),
(4367, 8),
(4368, 9),
(4369, 69),
(4388, 178),
(4389, 158),
(4390, 179),
(4391, 160),
(4392, 168),
(4393, 180),
(4394, 176),
(4395, 181),
(4542, 6),
(4543, 7),
(4544, 8),
(4545, 9),
(4546, 10),
(4546, 12),
(4546, 14),
(4546, 95),
(4547, 33),
(4549, 198),
(4550, 197),
(4551, 196),
(4552, 191),
(4552, 192),
(4552, 193),
(4552, 194),
(4552, 195),
(4553, 190),
(4554, 189),
(5432, 10),
(5432, 12),
(5432, 14),
(5432, 15),
(5432, 40),
(5433, 69),
(5434, 36),
(5434, 37),
(5434, 38),
(5435, 10),
(5435, 12),
(5435, 14),
(5435, 15),
(5435, 16),
(5435, 40),
(5436, 69),
(5437, 36),
(5437, 37),
(5437, 38),
(5438, 10),
(5438, 12),
(5438, 14),
(5438, 40),
(5439, 69),
(5440, 36),
(5440, 37),
(5440, 38),
(5441, 10),
(5441, 12),
(5441, 14),
(5441, 40),
(5442, 35),
(5443, 73),
(5444, 74),
(5445, 79),
(5446, 81),
(5446, 82),
(5446, 83),
(5447, 84),
(5448, 90),
(5449, 10),
(5449, 12),
(5449, 14),
(5449, 40),
(5450, 70),
(5451, 74),
(5452, 78),
(5453, 81),
(5453, 82),
(5453, 83),
(5454, 35),
(5455, 92),
(5456, 90),
(5457, 10),
(5457, 12),
(5457, 14),
(5457, 40),
(5458, 72),
(5459, 75),
(5460, 78),
(5461, 81),
(5461, 82),
(5462, 35),
(5463, 84),
(5464, 90),
(5465, 10),
(5465, 12),
(5465, 14),
(5465, 40),
(5466, 71),
(5467, 76),
(5468, 78),
(5469, 81),
(5469, 82),
(5479, 19),
(5480, 6),
(5481, 7),
(5482, 97),
(5483, 96),
(5484, 101),
(5485, 10),
(5485, 12),
(5485, 14),
(5485, 40),
(5485, 95),
(5486, 36),
(5486, 37),
(5486, 38),
(5487, 45),
(5488, 113),
(5489, 114),
(5490, 115),
(5491, 116),
(5492, 10),
(5492, 12),
(5492, 14),
(5492, 40),
(5492, 95),
(5493, 36),
(5493, 37),
(5493, 38),
(5494, 33),
(5495, 6),
(5496, 7),
(5497, 11),
(5498, 39),
(5499, 43),
(5500, 33),
(5501, 52),
(5502, 40),
(5503, 117),
(5504, 118),
(5504, 119),
(5505, 61),
(5566, 6),
(5567, 7),
(5568, 8),
(5569, 9),
(5570, 12),
(5570, 15),
(5571, 30),
(5572, 59),
(5573, 50),
(5574, 62),
(5575, 6),
(5576, 7),
(5577, 8),
(5578, 9),
(5579, 52),
(5580, 12),
(5580, 15),
(5581, 59),
(5582, 30),
(5583, 62),
(5584, 6),
(5585, 7),
(5586, 8),
(5587, 9),
(5588, 60),
(5589, 15),
(5590, 59),
(5591, 30),
(5592, 62),
(5593, 6),
(5594, 7),
(5595, 8),
(5596, 50),
(5597, 57),
(5597, 58),
(5598, 43),
(5599, 31),
(5600, 62),
(5601, 6),
(5602, 7),
(5603, 8),
(5604, 9),
(5605, 56),
(5606, 45),
(5607, 30),
(5608, 63),
(5609, 6),
(5610, 7),
(5611, 8),
(5612, 50),
(5613, 12),
(5614, 44),
(5615, 46),
(5616, 62),
(5617, 6),
(5618, 7),
(5619, 49),
(5620, 11),
(5621, 43),
(5622, 33),
(5623, 62),
(5624, 6),
(5625, 7),
(5626, 50),
(5627, 11),
(5628, 43),
(5629, 32),
(5630, 62),
(5649, 19),
(5650, 64),
(5651, 6),
(5652, 7),
(5653, 49),
(5654, 57),
(5654, 58),
(5655, 43),
(5656, 31),
(5657, 62),
(5667, 6),
(5668, 7),
(5669, 8),
(5670, 9),
(5671, 15),
(5672, 30),
(5673, 59),
(5674, 51),
(5675, 61),
(5676, 6),
(5677, 7),
(5678, 50),
(5679, 12),
(5680, 43),
(5681, 31),
(5682, 62),
(5683, 6),
(5684, 7),
(5685, 8),
(5686, 9),
(5687, 51),
(5688, 40),
(5689, 45),
(5690, 30),
(5691, 61),
(5701, 6),
(5702, 7),
(5703, 8),
(5704, 9),
(5705, 53),
(5706, 40),
(5707, 45),
(5708, 30),
(5709, 63),
(5710, 6),
(5711, 7),
(5712, 8),
(5713, 9),
(5714, 55),
(5715, 40),
(5716, 45),
(5717, 30),
(5718, 62),
(5719, 7),
(5720, 8),
(5721, 9),
(5722, 52),
(5723, 12),
(5724, 45),
(5725, 30),
(5726, 62),
(5727, 7),
(5728, 8),
(5729, 9),
(5730, 67),
(5731, 40),
(5732, 45),
(5733, 30),
(5734, 62),
(5735, 6),
(5736, 7),
(5737, 8),
(5738, 9),
(5739, 60),
(5740, 12),
(5741, 45),
(5742, 30),
(5743, 61),
(5744, 8),
(5745, 9),
(5746, 52),
(5747, 12),
(5748, 45),
(5749, 30),
(5750, 63),
(5751, 7),
(5752, 8),
(5753, 9),
(5754, 47),
(5755, 40),
(5756, 45),
(5757, 30),
(5758, 61),
(5759, 7),
(5760, 8),
(5761, 9),
(5762, 12),
(5763, 30),
(5764, 43),
(5765, 51),
(5766, 62),
(5767, 6),
(5768, 7),
(5769, 8),
(5770, 9),
(5771, 50),
(5772, 10),
(5773, 43),
(5774, 33),
(5775, 62),
(5837, 40),
(5838, 120),
(5839, 118),
(5839, 119),
(5839, 122),
(5840, 61),
(5845, 40),
(5846, 123),
(5847, 122),
(5848, 61),
(5849, 40),
(5850, 121),
(5851, 122),
(5852, 61),
(5853, 40),
(5854, 124),
(5855, 122),
(5856, 61),
(5857, 40),
(5858, 125),
(5859, 132),
(5860, 35),
(5861, 40),
(5862, 138),
(5863, 122),
(5864, 6),
(5865, 7),
(5866, 139),
(5867, 11),
(5867, 13),
(5867, 16),
(5868, 141),
(5869, 142),
(5870, 62),
(5879, 7),
(5880, 8),
(5881, 9),
(5882, 40),
(5883, 146),
(5884, 144),
(5885, 143),
(5886, 62),
(5887, 7),
(5888, 8),
(5889, 9),
(5890, 147),
(5891, 40),
(5892, 45),
(5893, 30),
(5894, 61),
(5903, 7),
(5904, 8),
(5905, 9),
(5906, 54),
(5907, 12),
(5908, 45),
(5909, 30),
(5910, 61),
(5911, 7),
(5912, 8),
(5913, 9),
(5914, 66),
(5915, 12),
(5916, 45),
(5917, 30),
(5918, 61),
(5919, 7),
(5920, 8),
(5921, 9),
(5922, 51),
(5923, 15),
(5924, 45),
(5925, 30),
(5926, 63),
(5927, 7),
(5928, 8),
(5929, 9),
(5930, 52),
(5931, 12),
(5932, 45),
(5933, 30),
(5934, 63),
(5953, 6),
(5954, 7),
(5955, 8),
(5956, 9),
(5957, 50),
(5958, 40),
(5959, 59),
(5960, 30),
(5961, 61),
(5968, 6),
(5969, 7),
(5970, 8),
(5971, 9),
(5972, 10),
(5972, 12),
(5972, 14),
(5972, 40),
(5972, 95),
(5973, 69),
(5977, 6),
(5978, 7),
(5979, 53),
(5980, 96),
(5981, 97),
(5982, 148),
(5983, 11),
(5983, 12),
(5983, 14),
(5983, 95),
(5984, 88),
(5985, 33),
(5986, 10),
(5986, 12),
(5986, 14),
(5986, 40),
(5986, 95),
(5987, 36),
(5987, 37),
(5987, 38),
(5988, 157),
(5989, 158),
(5990, 159),
(5991, 160),
(5992, 161),
(5993, 162),
(5994, 163),
(5995, 164),
(5996, 166),
(5997, 158),
(5998, 167),
(5999, 160),
(6000, 168),
(6001, 169),
(6002, 170),
(6003, 171),
(6004, 172),
(6005, 158),
(6006, 173),
(6007, 160),
(6008, 174),
(6009, 175),
(6010, 176),
(6011, 177),
(6012, 182),
(6013, 158),
(6014, 183),
(6015, 160),
(6016, 174),
(6017, 184),
(6018, 176),
(6019, 185),
(6020, 166),
(6021, 158),
(6022, 167),
(6023, 160),
(6024, 168),
(6025, 175),
(6026, 186),
(6027, 187),
(6032, 10),
(6032, 11),
(6032, 12),
(6032, 15),
(6032, 40),
(6032, 42),
(6032, 95),
(6033, 36),
(6033, 37),
(6033, 38),
(6034, 69),
(6035, 7),
(6036, 8),
(6037, 9),
(6038, 10),
(6038, 12),
(6038, 14),
(6038, 95),
(6039, 33),
(6040, 189),
(6041, 190),
(6042, 191),
(6042, 192),
(6042, 193),
(6042, 194),
(6042, 195),
(6043, 196),
(6044, 197),
(6045, 200),
(6046, 6),
(6047, 7),
(6048, 8),
(6049, 9),
(6050, 10),
(6050, 12),
(6050, 14),
(6050, 40),
(6050, 95),
(6051, 33),
(6052, 36),
(6052, 37),
(6052, 38),
(6053, 189),
(6054, 190),
(6055, 191),
(6055, 192),
(6055, 193),
(6055, 194),
(6055, 195),
(6056, 196),
(6057, 197),
(6058, 200),
(6059, 7),
(6060, 8),
(6061, 9),
(6062, 10),
(6062, 12),
(6062, 14),
(6062, 40),
(6062, 95),
(6063, 69),
(6064, 200),
(6065, 189),
(6066, 190),
(6067, 191),
(6067, 192),
(6067, 193),
(6067, 194),
(6067, 195),
(6068, 197),
(6069, 196),
(6070, 7),
(6071, 8),
(6072, 9),
(6073, 10),
(6073, 12),
(6073, 14),
(6073, 40),
(6073, 95),
(6074, 69),
(6075, 200),
(6076, 189),
(6077, 190),
(6078, 191),
(6078, 192),
(6078, 193),
(6078, 194),
(6078, 195),
(6079, 197),
(6080, 196),
(6081, 7),
(6082, 8),
(6083, 9),
(6084, 10),
(6084, 11),
(6084, 12),
(6084, 13),
(6084, 14),
(6084, 40),
(6084, 95),
(6085, 36),
(6085, 37),
(6085, 38),
(6086, 69),
(6087, 200),
(6088, 189),
(6089, 190),
(6090, 191),
(6090, 192),
(6090, 193),
(6090, 194),
(6090, 195),
(6091, 197),
(6092, 196),
(6135, 7),
(6136, 8),
(6137, 9),
(6138, 14),
(6139, 33),
(6140, 7),
(6141, 8),
(6142, 9),
(6143, 10),
(6143, 12),
(6143, 14),
(6143, 40),
(6143, 95),
(6144, 69),
(6145, 7),
(6146, 8),
(6147, 9),
(6148, 10),
(6148, 12),
(6148, 14),
(6149, 69),
(6150, 6),
(6151, 7),
(6152, 8),
(6153, 9),
(6154, 10),
(6154, 12),
(6154, 14),
(6154, 15),
(6155, 36),
(6155, 37),
(6155, 38),
(6156, 33),
(6157, 7),
(6158, 8),
(6159, 9),
(6160, 10),
(6160, 12),
(6160, 14),
(6160, 15),
(6160, 40),
(6161, 36),
(6161, 37),
(6161, 38),
(6162, 69),
(6163, 7),
(6164, 8),
(6165, 9),
(6166, 10),
(6166, 12),
(6166, 14),
(6167, 69),
(6171, 10),
(6171, 12),
(6171, 14),
(6171, 40),
(6172, 69),
(6173, 36),
(6173, 37),
(6173, 38),
(6174, 7),
(6175, 8),
(6176, 9),
(6177, 10),
(6177, 12),
(6177, 14),
(6177, 15),
(6177, 40),
(6177, 95),
(6178, 36),
(6178, 37),
(6178, 38),
(6179, 69),
(6180, 78),
(6180, 79),
(6180, 80),
(6181, 45),
(6182, 85),
(6182, 86),
(6182, 87),
(6182, 88),
(6182, 89),
(6183, 90),
(6183, 91),
(6184, 19),
(6185, 6),
(6186, 7),
(6187, 10),
(6187, 11),
(6187, 12),
(6187, 13),
(6187, 14),
(6187, 15),
(6187, 16),
(6187, 17),
(6187, 40),
(6187, 41),
(6187, 42),
(6188, 69),
(6189, 36),
(6189, 37),
(6189, 38),
(6190, 10),
(6190, 11),
(6190, 12),
(6190, 13),
(6190, 14),
(6190, 15),
(6190, 16),
(6190, 17),
(6190, 40),
(6190, 41),
(6190, 42),
(6191, 33),
(6192, 36),
(6192, 37),
(6192, 38),
(6193, 10),
(6193, 11),
(6193, 12),
(6193, 13),
(6193, 14),
(6193, 15),
(6193, 16),
(6193, 17),
(6193, 40),
(6193, 41),
(6193, 42),
(6194, 69),
(6195, 36),
(6195, 37),
(6195, 38),
(6196, 10),
(6196, 11),
(6196, 12),
(6196, 13),
(6196, 14),
(6196, 15),
(6196, 16),
(6196, 17),
(6196, 40),
(6196, 41),
(6196, 42),
(6197, 69),
(6198, 36),
(6198, 37),
(6198, 38),
(6199, 10),
(6199, 11),
(6199, 12),
(6199, 13),
(6199, 14),
(6199, 15),
(6199, 16),
(6199, 17),
(6199, 40),
(6199, 41),
(6199, 42),
(6200, 69),
(6201, 36),
(6201, 37),
(6201, 38),
(6202, 6),
(6203, 7),
(6204, 8),
(6205, 9),
(6206, 10),
(6206, 12),
(6206, 14),
(6206, 15),
(6206, 40),
(6206, 95),
(6207, 36),
(6207, 37),
(6207, 38),
(6208, 69),
(6209, 69),
(6210, 36),
(6210, 37),
(6210, 38),
(6211, 10),
(6211, 12),
(6211, 14),
(6211, 15),
(6211, 40),
(6211, 95),
(6212, 6),
(6213, 7),
(6214, 8),
(6215, 10),
(6215, 14),
(6215, 40),
(6215, 95),
(6216, 33),
(6217, 10),
(6217, 11),
(6217, 12),
(6217, 13),
(6217, 14),
(6217, 15),
(6217, 16),
(6217, 17),
(6217, 40),
(6217, 41),
(6217, 42),
(6218, 33),
(6219, 36),
(6219, 37),
(6219, 38),
(6279, 33),
(6280, 188),
(6281, 36),
(6281, 37),
(6281, 38),
(6282, 10),
(6282, 12),
(6282, 14),
(6282, 40),
(6282, 95),
(6324, 7),
(6325, 8),
(6326, 9),
(6327, 10),
(6327, 12),
(6327, 14),
(6327, 15),
(6327, 40),
(6327, 95),
(6328, 36),
(6328, 37),
(6328, 38),
(6329, 69),
(6330, 7),
(6331, 8),
(6332, 9),
(6333, 10),
(6333, 12),
(6333, 14),
(6333, 40),
(6333, 95),
(6334, 69),
(6365, 33),
(6366, 188),
(6367, 10),
(6367, 12),
(6367, 14),
(6367, 15),
(6367, 40),
(6367, 95),
(6368, 36),
(6368, 37),
(6368, 38),
(6372, 7),
(6373, 8),
(6374, 9),
(6375, 10),
(6375, 12),
(6375, 14),
(6375, 15),
(6375, 40),
(6375, 95),
(6376, 69),
(6377, 36),
(6377, 37),
(6377, 38),
(6378, 7),
(6379, 8),
(6380, 9),
(6381, 10),
(6381, 12),
(6381, 14),
(6381, 15),
(6381, 40),
(6381, 95),
(6382, 36),
(6382, 37),
(6382, 38),
(6383, 69),
(6384, 200),
(6385, 189),
(6386, 190),
(6387, 191),
(6387, 192),
(6387, 193),
(6387, 194),
(6387, 195),
(6388, 197),
(6389, 196),
(6390, 6),
(6391, 7),
(6392, 8),
(6393, 15),
(6394, 69),
(6395, 43),
(6396, 6),
(6397, 7),
(6398, 15),
(6398, 16),
(6398, 40),
(6398, 41),
(6399, 142),
(6400, 141),
(6401, 7),
(6402, 8),
(6403, 9),
(6404, 10),
(6404, 12),
(6404, 14),
(6404, 15),
(6404, 40),
(6404, 95),
(6405, 36),
(6405, 37),
(6405, 38),
(6406, 69),
(6407, 200),
(6408, 189),
(6409, 190),
(6410, 191),
(6410, 192),
(6410, 193),
(6410, 194),
(6410, 195),
(6411, 197),
(6412, 196),
(6425, 7),
(6426, 8),
(6427, 9),
(6428, 10),
(6428, 12),
(6428, 14),
(6428, 40),
(6428, 95),
(6429, 36),
(6429, 37),
(6429, 38),
(6430, 69),
(6431, 200),
(6432, 189),
(6433, 190),
(6434, 191),
(6434, 192),
(6434, 193),
(6434, 194),
(6434, 195),
(6435, 197),
(6436, 196),
(6437, 6),
(6438, 7),
(6439, 8),
(6440, 9),
(6441, 10),
(6441, 12),
(6441, 14),
(6441, 15),
(6441, 40),
(6441, 95),
(6442, 36),
(6442, 37),
(6442, 38),
(6443, 69),
(6444, 200),
(6445, 189),
(6446, 190),
(6447, 191),
(6447, 192),
(6447, 193),
(6447, 194),
(6447, 195),
(6448, 197),
(6449, 196),
(6450, 7),
(6451, 8),
(6452, 9),
(6453, 10),
(6453, 11),
(6453, 12),
(6453, 14),
(6453, 40),
(6453, 95),
(6454, 36),
(6454, 37),
(6454, 38),
(6455, 69),
(6456, 200),
(6457, 189),
(6458, 190),
(6459, 191),
(6459, 192),
(6459, 193),
(6459, 194),
(6459, 195),
(6460, 197),
(6461, 196),
(6465, 10),
(6465, 12),
(6465, 14),
(6465, 15),
(6465, 95),
(6466, 69),
(6467, 36),
(6467, 37),
(6467, 38),
(6513, 10),
(6513, 12),
(6513, 14),
(6513, 15),
(6513, 40),
(6513, 95),
(6514, 69),
(6515, 36),
(6515, 37),
(6515, 38),
(6516, 10),
(6516, 12),
(6516, 14),
(6516, 15),
(6516, 40),
(6516, 95),
(6517, 69),
(6518, 36),
(6518, 37),
(6518, 38),
(6519, 10),
(6519, 12),
(6519, 14),
(6519, 15),
(6519, 40),
(6519, 95),
(6520, 69),
(6521, 36),
(6521, 37),
(6521, 38);

-- --------------------------------------------------------

--
-- Estructura de tabla para la tabla `product_categories`
--

CREATE TABLE `product_categories` (
  `product_id` int(10) UNSIGNED NOT NULL,
  `category_id` int(10) UNSIGNED NOT NULL
) ENGINE=InnoDB DEFAULT CHARSET=utf8mb4 COLLATE=utf8mb4_unicode_ci;

--
-- Volcado de datos para la tabla `product_categories`
--

INSERT INTO `product_categories` (`product_id`, `category_id`) VALUES
(1, 13),
(1, 14),
(4, 13),
(4, 14),
(5, 13),
(5, 14),
(6, 13),
(6, 14),
(7, 13),
(7, 14),
(8, 13),
(8, 14),
(9, 13),
(9, 14),
(10, 13),
(10, 14),
(11, 13),
(11, 14),
(12, 13),
(12, 14),
(13, 5),
(14, 5),
(15, 5),
(16, 5),
(17, 5),
(18, 5),
(19, 13),
(19, 14),
(20, 13),
(20, 14),
(21, 13),
(21, 14),
(22, 13),
(22, 14),
(23, 13),
(23, 14),
(24, 13),
(24, 14),
(25, 13),
(25, 15),
(26, 13),
(26, 15),
(27, 13),
(27, 15),
(28, 13),
(28, 14),
(29, 13),
(29, 14),
(30, 13),
(30, 14),
(31, 13),
(31, 14),
(32, 13),
(32, 14),
(33, 13),
(33, 17),
(34, 13),
(34, 17),
(35, 18),
(35, 20),
(36, 18),
(36, 20),
(37, 18),
(37, 20),
(38, 18),
(38, 20),
(39, 18),
(39, 20),
(40, 18),
(40, 20),
(41, 18),
(42, 1),
(43, 29),
(44, 1),
(45, 1),
(46, 1),
(47, 1),
(48, 1),
(49, 2),
(50, 2),
(51, 2),
(52, 2),
(53, 19),
(54, 19),
(55, 19),
(56, 19),
(57, 20),
(57, 21),
(58, 20),
(58, 21),
(59, 20),
(59, 23),
(60, 20),
(60, 21),
(61, 25),
(62, 25),
(63, 25),
(64, 25),
(65, 25),
(66, 4),
(67, 25),
(68, 13),
(68, 14),
(69, 13),
(69, 17),
(70, 13),
(70, 14),
(71, 13),
(71, 14),
(72, 13),
(72, 14),
(73, 13),
(73, 14),
(74, 13),
(74, 14),
(75, 18),
(75, 20),
(76, 18),
(76, 20),
(77, 18),
(77, 20),
(78, 18),
(78, 20),
(79, 18),
(79, 20),
(80, 1),
(81, 18),
(81, 20),
(82, 20),
(82, 21),
(83, 20),
(83, 22),
(84, 20),
(84, 26),
(85, 5),
(85, 27),
(86, 5),
(86, 27),
(87, 5),
(87, 27),
(88, 5),
(88, 27),
(89, 5),
(89, 27),
(90, 5),
(90, 27),
(91, 1),
(92, 1),
(93, 18),
(93, 20),
(93, 28),
(95, 18),
(95, 20),
(95, 28),
(96, 18),
(96, 20),
(96, 28),
(97, 18),
(97, 20),
(97, 28),
(98, 18),
(98, 20),
(98, 28),
(99, 18),
(99, 20),
(99, 28),
(100, 18),
(100, 20),
(100, 28),
(101, 18),
(101, 20),
(101, 28),
(102, 18),
(102, 20),
(102, 28),
(103, 18),
(103, 20),
(103, 28),
(104, 13),
(104, 16),
(105, 13),
(105, 16),
(106, 13),
(106, 16),
(107, 18),
(107, 20),
(108, 1),
(109, 29),
(109, 30),
(110, 29),
(110, 30),
(111, 29),
(111, 30);

-- --------------------------------------------------------

--
-- Estructura de tabla para la tabla `product_options`
--

CREATE TABLE `product_options` (
  `product_id` int(10) UNSIGNED NOT NULL,
  `option_id` int(10) UNSIGNED NOT NULL
) ENGINE=InnoDB DEFAULT CHARSET=utf8mb4 COLLATE=utf8mb4_unicode_ci;

--
-- Volcado de datos para la tabla `product_options`
--

INSERT INTO `product_options` (`product_id`, `option_id`) VALUES
(1, 1),
(1, 2),
(4, 3),
(4, 31),
(5, 4),
(6, 5),
(6, 32),
(7, 6),
(7, 7),
(8, 8),
(9, 9),
(10, 10),
(11, 11),
(12, 12),
(19, 13),
(20, 14),
(20, 33),
(21, 15),
(22, 16),
(23, 17),
(24, 18),
(25, 19),
(26, 20),
(27, 21),
(28, 22),
(29, 23),
(30, 24),
(31, 25),
(32, 26),
(33, 27),
(34, 34),
(35, 28),
(35, 45),
(36, 29),
(36, 44),
(37, 35),
(37, 43),
(38, 30),
(38, 42),
(39, 36),
(39, 41),
(40, 37),
(40, 40),
(41, 38),
(41, 39),
(42, 46),
(42, 95),
(43, 96),
(43, 97),
(44, 47),
(45, 48),
(46, 49),
(47, 50),
(48, 51),
(49, 52),
(49, 53),
(49, 60),
(50, 54),
(50, 55),
(50, 61),
(51, 56),
(51, 57),
(51, 58),
(51, 59),
(52, 62),
(52, 63),
(52, 64),
(52, 65),
(53, 66),
(54, 67),
(55, 68),
(56, 69),
(57, 70),
(57, 71),
(58, 72),
(58, 100),
(59, 73),
(59, 103),
(60, 74),
(61, 75),
(62, 76),
(68, 77),
(69, 78),
(70, 79),
(71, 80),
(72, 81),
(73, 82),
(74, 83),
(75, 84),
(75, 85),
(76, 86),
(76, 87),
(77, 88),
(77, 89),
(78, 90),
(78, 91),
(79, 92),
(79, 93),
(80, 98),
(81, 99),
(82, 101),
(82, 102),
(83, 104),
(84, 105),
(85, 107),
(86, 108),
(87, 109),
(88, 110),
(89, 111),
(90, 106),
(91, 112),
(92, 113),
(93, 114),
(94, 115),
(95, 116),
(96, 117),
(97, 118),
(98, 119),
(99, 120),
(100, 121),
(101, 122),
(102, 123),
(103, 124),
(104, 125),
(106, 126),
(107, 127),
(108, 128);

-- --------------------------------------------------------

--
-- Estructura de tabla para la tabla `product_translations`
--

CREATE TABLE `product_translations` (
  `id` int(10) UNSIGNED NOT NULL,
  `product_id` int(10) UNSIGNED NOT NULL,
  `locale` varchar(191) COLLATE utf8mb4_unicode_ci NOT NULL,
  `name` varchar(191) COLLATE utf8mb4_unicode_ci NOT NULL,
  `description` text COLLATE utf8mb4_unicode_ci NOT NULL,
  `short_description` text COLLATE utf8mb4_unicode_ci DEFAULT NULL
) ENGINE=InnoDB DEFAULT CHARSET=utf8mb4 COLLATE=utf8mb4_unicode_ci;

--
-- Volcado de datos para la tabla `product_translations`
--

INSERT INTO `product_translations` (`id`, `product_id`, `locale`, `name`, `description`, `short_description`) VALUES
(1, 1, 'en', 'Continental de Lujo Non Flip', '<p><strong>Composici&oacute;n interna</strong></p>\r\n<p>&nbsp;</p>\r\n<p><img src=\"https://fotos.subefotos.com/7bd825aa481c83a2a3d720142d911fa3o.png\" width=\"818\" height=\"164\" /></p>\r\n<p>&nbsp;</p>\r\n<p>&nbsp;</p>\r\n<p><strong>Beneficios</strong></p>\r\n<p>&nbsp;</p>\r\n<p>&nbsp;</p>\r\n<p><img class=\"image-responsive\" src=\"https://fotos.subefotos.com/0f2be5a940412c58bb52745ee19b7fe0o.png\" /></p>', '*Los precios incluyen IVA'),
(2, 2, 'en', 'CONTINENTAL DE LUJO NON FLIP  2 plz. y medio', '<ul>\r\n<li>Tela de algod&oacute;n con protecci&oacute;n Anti &Aacute;caros y Anti Bacterias.</li>\r\n<li>Triple acolchado profundo con espumas suaves y resilientes.</li>\r\n<li>Pillow Top: espuma de confort de alta resiliencia y suavidad.</li>\r\n<li>Planchas de espuma de alta densidad y resiliencia.</li>\r\n<li>Padding: Resistente l&aacute;mina aislante.</li>\r\n<li>Panel de resortes de acero de alto carbono con cilindros estabilizadores de postura.</li>\r\n<li>Tela 3D (Air Flow) que mantiene el interior de colch&oacute;n fresco y ventilado.</li>\r\n<li>Componente de apoyo y protecci&oacute;n: Resistente l&aacute;mina aislante y plancha de espuma.</li>\r\n</ul>', NULL),
(3, 3, 'en', 'Colchón chaide', '<p>grande</p>', NULL),
(4, 4, 'en', 'Continental de Lujo Pillow Top', '<p><strong>Composici&oacute;n interna</strong></p>\r\n<p>&nbsp;</p>\r\n<p><strong><img class=\"image-responsive\" src=\"https://fotos.subefotos.com/697e7c54387544472fe212cbcd556c58o.png\" /></strong></p>\r\n<p>&nbsp;</p>\r\n<p>&nbsp;</p>\r\n<p><strong>Beneficios</strong></p>\r\n<p>&nbsp;</p>\r\n<p>&nbsp;</p>\r\n<p><img class=\"image-responsive\" src=\"https://fotos.subefotos.com/19d81b599e91e58c5601b0784481b251o.png\" /></p>', '*Los precios incluyen IVA'),
(5, 5, 'en', 'Continental de Lujo Tradicional', '<p><strong>Composici&oacute;n interna</strong></p>\r\n<p>&nbsp;</p>\r\n<p><strong><img class=\"image-responsive\" src=\"https://fotos.subefotos.com/ec5735b105930c5db4f3582d2dfba40ao.png\" /></strong></p>\r\n<p>&nbsp;</p>\r\n<p><strong>Beneficios</strong></p>\r\n<p>&nbsp;</p>\r\n<p>&nbsp;</p>\r\n<p><img class=\"image-responsive\" src=\"https://fotos.subefotos.com/504d4577bf758e66367638685008a6a6o.png\" /></p>', '*Los precios incluyen IVA'),
(6, 6, 'en', 'Imperial Tradicional 18cm', '<ul>\r\n<li>Acolchado con espumas suaves y resilientes.</li>\r\n<li>Planchas de espuma de mediana densidad.</li>\r\n<li>Padding: Resistente l&aacute;mina aislante.</li>\r\n<li>Secci&oacute;n resortes de acero capaces de consolidar la postura.</li>\r\n<li>Tela de algod&oacute;n Anti Bacterias , Hongos y&nbsp;Anti &Aacute;caros.</li>\r\n</ul>', NULL),
(7, 7, 'en', 'Imperial Tradicional 27cm', '<p><strong>Composici&oacute;n interna</strong></p>\r\n<p>&nbsp;</p>\r\n<p><strong><img class=\"image-responsive\" src=\"https://fotos.subefotos.com/14d33f1e14618aa586cab253bee6fef7o.png\" /></strong></p>\r\n<p>&nbsp;</p>\r\n<p>&nbsp;</p>\r\n<p><strong>Beneficios</strong></p>\r\n<p>&nbsp;</p>\r\n<p>&nbsp;</p>\r\n<p><img class=\"image-responsive\" src=\"https://fotos.subefotos.com/2c6d05340ab4af7e743511cf9ccd02e3o.png\" /></p>\r\n<p>&nbsp;</p>\r\n<p>&nbsp;</p>\r\n<p>&nbsp;</p>', '*Los precios incluyen IVA'),
(8, 8, 'en', 'Ortopédico Prensado Clínico', '<p><strong>Composici&oacute;n interna</strong></p>\r\n<p>&nbsp;</p>\r\n<p>&nbsp;</p>\r\n<p><strong><img class=\"image-responsive\" src=\"https://fotos.subefotos.com/5e761bdb13d6d71db9c8abda3442b3b8o.png\" /></strong></p>\r\n<p>&nbsp;</p>\r\n<p><strong>Beneficios</strong></p>\r\n<p>&nbsp;</p>\r\n<p>&nbsp;</p>\r\n<p><img class=\"image-responsive\" src=\"https://fotos.subefotos.com/eb6a1da3d802cc3b3924d7abcb7282a0o.png\" /></p>\r\n<p>&nbsp;</p>', '*Los precios incluyen IVA'),
(9, 9, 'en', 'Suave Brisa', '<p><strong>Composici&oacute;n interna</strong></p>\r\n<p><strong><img class=\"image-responsive\" src=\"https://fotos.subefotos.com/ea5e9855200393f2b358e8dcc341c172o.png\" /></strong></p>\r\n<p>&nbsp;</p>\r\n<p><strong>Beneficios</strong></p>\r\n<p>&nbsp;</p>\r\n<p>&nbsp;</p>\r\n<p><img class=\"image-responsive\" src=\"https://fotos.subefotos.com/02394b720c4793882a7f6cb34d705024o.png\" /></p>', '*Los precios incluyen IVA'),
(10, 10, 'en', 'Zafiro 23cm', '<p><strong>Composici&oacute;n interna</strong></p>\r\n<p>&nbsp;</p>\r\n<p><strong><img class=\"image-responsive\" src=\"https://fotos.subefotos.com/4758f55b54765f538bbe459c5455667eo.png\" /></strong></p>\r\n<p>&nbsp;</p>\r\n<p>&nbsp;</p>\r\n<p><strong>Beneficios</strong></p>\r\n<p>&nbsp;</p>\r\n<p>&nbsp;</p>\r\n<p><img class=\"image-responsive\" src=\"https://fotos.subefotos.com/578b56b12c13d3be8c34c3d30dbed809o.jpg\" /></p>\r\n<p>&nbsp;</p>', NULL),
(11, 11, 'en', 'BAÚL PREMIER', '<ul>\r\n<li>Estable y robusto - Polipiel con costura de seguridad sobre estructura s&oacute;lida y duradera.&nbsp;</li>\r\n<li>C&oacute;modo - Cubierta de Polipiel y relleno de esponja gruesa, suave y c&oacute;modo. La base es resistente a la humedad, antiporosa.</li>\r\n<li>Pr&aacute;ctico y funcional - Este Baul es perfecto para almacenar revistas, juguetes, &aacute;lbums, DVD, ropas en su habitaci&oacute;n, tambi&eacute;m puede servir de taburete, reposapi&eacute;s, mesa de noche, mesa central, etc.</li>\r\n<li>Dise&ntilde;o original, elegante y moderno. Su dise&ntilde;o posee l&iacute;neas sim&eacute;tricas a cuadros con un suave efecto acolchado. Se adapta bien a la decoraci&oacute;n en su casa.</li>\r\n</ul>', NULL),
(12, 12, 'en', 'BAÚL PREMIER', '<ul>\r\n<li>Estable y robusto - Polipiel con costura de seguridad sobre estructura s&oacute;lida y duradera.&nbsp;</li>\r\n<li>C&oacute;modo - Cubierta de Polipiel y relleno de esponja gruesa, suave y c&oacute;modo. La base es resistente a la humedad, antiporosa.</li>\r\n<li>Pr&aacute;ctico y funcional - Este Baul es perfecto para almacenar revistas, juguetes, &aacute;lbums, DVD, ropas en su habitaci&oacute;n, tambi&eacute;m puede servir de taburete, etc.</li>\r\n<li>Dise&ntilde;o original, elegante y moderno.&nbsp;</li>\r\n</ul>', NULL),
(13, 13, 'en', 'Axxo F51 200cc', '<ul>\r\n<li><strong>Cilindraje:</strong>&nbsp;200 cc</li>\r\n<li><strong>Potencia m&aacute;xima:</strong>&nbsp;14,9 Hp @ 6600 rpm</li>\r\n<li><strong>Torque m&aacute;xima:</strong>&nbsp;15,3 Nm @ 5100 rpm</li>\r\n<li><strong># V&aacute;lvulas:&nbsp;</strong>2</li>\r\n<li><strong>Sistema de Refrigeraci&oacute;n:</strong>&nbsp;Aire</li>\r\n<li><strong>Encendido / arranque:</strong>&nbsp;E/P&nbsp;(El&eacute;ctrico, Pedal)</li>\r\n<li><strong>Peso:&nbsp;</strong>118 Kg</li>\r\n<li><strong># de Marchas:</strong>&nbsp;5&nbsp;</li>\r\n<li><strong>Freno delantero:</strong>&nbsp;Disco&nbsp;</li>\r\n<li><strong>Freno posterior:</strong>&nbsp;Tambor&nbsp;</li>\r\n<li><strong>Llanta delantera:</strong>&nbsp;90/90 &ndash; 17&Prime;</li>\r\n<li><strong>Llanta posterior:</strong>&nbsp;110/80 &ndash; 17&Prime;</li>\r\n<li><strong>Suspensi&oacute;n delantera:</strong>&nbsp;Telesc&oacute;picas</li>\r\n<li><strong>Suspensi&oacute;n posterior:</strong>&nbsp;Monoshock</li>\r\n</ul>', 'Transita por las carreteras.\r\n¡Atrévete a sentir todo el poder que solo Axxo te puede ofrecer!'),
(14, 14, 'en', 'Axxo R9 250cc', '<ul>\r\n<li><strong>Cilindraje:</strong>&nbsp;250 cc</li>\r\n<li><strong>Potencia m&aacute;xima:</strong>&nbsp;15,28 Hp @ 7500 rpm</li>\r\n<li><strong>Torque m&aacute;xima:</strong>&nbsp;16,2 Nm @ 7500 rpm</li>\r\n<li><strong># V&aacute;lvulas:&nbsp;</strong>2</li>\r\n<li><strong>Sistema de Refrigeraci&oacute;n:</strong>&nbsp;Radiador de Aceite</li>\r\n<li><strong>Encendido / arranque:</strong>&nbsp;E&nbsp;(El&eacute;ctrico)</li>\r\n<li><strong>Peso:&nbsp;</strong>128 Kg</li>\r\n<li><strong># de Marchas:</strong>&nbsp;6&nbsp;</li>\r\n<li><strong>Freno delantero:</strong>&nbsp;Disco&nbsp;</li>\r\n<li><strong>Freno posterior:</strong>&nbsp;Disco&nbsp;</li>\r\n<li><strong>Llanta delantera:</strong>&nbsp;110/60-17&Prime;</li>\r\n<li><strong>Llanta posterior:</strong>&nbsp;140/60-17&Prime;</li>\r\n<li><strong>Suspensi&oacute;n delantera:</strong>&nbsp;Barras Invertidas</li>\r\n<li><strong>Suspensi&oacute;n posterior:</strong>&nbsp;Monoshock</li>\r\n</ul>', 'Conoce la nueva R9, espectacular diseño ergonómico, que te permite ir cómodo mientras transitas por la carretera.\r\n¡Atrévete a sentir todo el poder que solo Axxo te puede ofrecer!'),
(15, 15, 'en', 'Axxo Raptor 150cc', '<ul>\r\n<li><strong>Cilindraje (monocil&iacute;ndrico):</strong>&nbsp;150 cc</li>\r\n<li><strong>Tiempos:</strong>&nbsp;4T &ndash; 2 V&aacute;lvulas</li>\r\n<li><strong>Potencia m&aacute;xima:</strong>&nbsp;12,06 Hp / 8500 rpm</li>\r\n<li><strong>Torque m&aacute;xima:</strong>&nbsp;10 Nm / 7500 rpm</li>\r\n<li><strong>Encendido / arranque:</strong>&nbsp;E/P (Electr&oacute;nico/Pedal)</li>\r\n<li><strong>Distribuci&oacute;n:</strong>&nbsp;Palillos</li>\r\n<li><strong>Velocidades:</strong>&nbsp;5 Velocidades</li>\r\n<li><strong>Capacidad del tanque combustible:</strong>&nbsp;12 litros</li>\r\n<li><strong>Enfriamiento:</strong>&nbsp;Por Aire</li>\r\n<li><strong>Freno delantero:</strong>&nbsp;Disco</li>\r\n<li><strong>Freno posterior:</strong>&nbsp;Tambor</li>\r\n<li><strong>Llanta delantera:</strong>&nbsp;1.4-18&Prime;</li>\r\n<li><strong>Llanta posterior:</strong>&nbsp;1.85-18&Prime;</li>\r\n<li><strong>Peso:</strong>&nbsp;110 kg.</li>\r\n<li><strong>Suspensi&oacute;n delantera:</strong>&nbsp;Barras Telesc&oacute;picas</li>\r\n<li><strong>Suspensi&oacute;n posterior:</strong>&nbsp;Doble Amortiguador</li>\r\n</ul>', 'La Raptor 150cc es ideal para motociclistas que requieren más capacidad de carga y fuerza. No sólo ofrece el poder, sino también esta equipada con un asiento largo, grueso y acolchado para hacer su transporte diario más cómodo y conveniente.'),
(16, 16, 'en', 'Axxo Tracker 250cc', '<ul>\r\n<li><strong>Cilindraje (monocil&iacute;ndrico):</strong>&nbsp;250 cc</li>\r\n<li><strong>Tiempos:</strong>&nbsp;4T &ndash; 2 V&aacute;lvulas</li>\r\n<li><strong>Potencia m&aacute;xima:</strong>&nbsp;16.76 Hp @ 8000rpm</li>\r\n<li><strong>Torque m&aacute;xima:</strong>&nbsp;17 Nm @ 6500rpm</li>\r\n<li><strong>Encendido / arranque:</strong>&nbsp;E (El&eacute;ctrico)</li>\r\n<li><strong>Distribuci&oacute;n:</strong>&nbsp;Cadenilla</li>\r\n<li><strong>Velocidades:</strong>&nbsp;6 Velocidades</li>\r\n<li><strong>Capacidad del tanque combustible:</strong>&nbsp;14 litros</li>\r\n<li><strong>Enfriamiento:</strong>&nbsp;Por aire</li>\r\n<li><strong>Freno delantero:</strong>&nbsp;Disco</li>\r\n<li><strong>Freno posterior:</strong>&nbsp;Disco</li>\r\n<li><strong>Llanta delantera:</strong>&nbsp;110 / 90-17&Prime;</li>\r\n<li><strong>Llanta posterior:</strong>&nbsp;130 / 70-17&Prime;</li>\r\n<li><strong>Peso:</strong>&nbsp;132 kg.</li>\r\n<li><strong>Suspensi&oacute;n delantera:</strong>&nbsp;Barras invertidas</li>\r\n<li><strong>Suspensi&oacute;n posterior:</strong>&nbsp;Monoshock</li>\r\n</ul>', 'Si buscas una moto para viajes, este modelo es ideal. Ofrece un óptimo diseño ergonómico para un confort duradero, así como completa seguridad gracias a los sofisticados sistemas de anti vibración y de control en el manejo para los momentos de mayor exigencia. ¡Perfecta para lanzarse a la aventura!.'),
(17, 17, 'en', 'Axxo TRX 200cc', '<ul>\r\n<li><strong>Cilindraje (monocil&iacute;ndrico):</strong>&nbsp;200 cc</li>\r\n<li><strong>Tiempos:</strong>&nbsp;4T &ndash; 2 V&aacute;lvulas</li>\r\n<li><strong>Potencia m&aacute;xima:</strong>&nbsp;13.41 Hp / 8000 rpm</li>\r\n<li><strong>Torque m&aacute;xima:</strong>&nbsp;14 N.m. / 6000 rpm</li>\r\n<li><strong>Encendido / arranque:</strong>&nbsp;E/P (El&eacute;ctrico/Pedal)</li>\r\n<li><strong>Distribuci&oacute;n:</strong>&nbsp;Palillos</li>\r\n<li><strong>Velocidades:</strong>&nbsp;5 Velocidades</li>\r\n<li><strong>Capacidad del tanque combustible:</strong>&nbsp;12 litros</li>\r\n<li><strong>Enfriamiento:</strong>&nbsp;Por Aire</li>\r\n<li><strong>Freno delantero:</strong>&nbsp;Disco</li>\r\n<li><strong>Freno posterior:</strong>&nbsp;Disco</li>\r\n<li><strong>Llanta delantera:</strong>&nbsp;80 / 100-21&Prime;</li>\r\n<li><strong>Llanta posterior:</strong>&nbsp;110 / 100-18&Prime;</li>\r\n<li><strong>Peso:</strong>&nbsp;123 kg.</li>\r\n<li><strong>Suspensi&oacute;n delantera:</strong>&nbsp;Barras Telesc&oacute;picas</li>\r\n<li><strong>Suspensi&oacute;n posterior:</strong>&nbsp;Monoshock</li>\r\n</ul>', 'La funcionalidad de su diseño permitirá que puedas utilizarla aún sobre las rutas más exigentes, tanto como para el uso diario.\r\nSe adaptará a la perfección a tu rutina respondiendo eficazmente a cualquier tipo de retos. ¡Una tu imaginación y traza el recorrido, nuestra TRX te acompañará!'),
(18, 18, 'en', 'Axxo TRZ 250cc', '<ul>\r\n<li><strong>Cilindraje (monocil&iacute;ndrico):</strong>&nbsp;250 cc</li>\r\n<li><strong>Tiempos:</strong>&nbsp;4T &ndash; 2 V&aacute;lvulas</li>\r\n<li><strong>Potencia m&aacute;xima:</strong>&nbsp;16,09 Hp / 7000 rpm</li>\r\n<li><strong>Torque m&aacute;xima:</strong>&nbsp;17 N.m. / 6000 rpm</li>\r\n<li><strong>Encendido / arranque:</strong>&nbsp;E/P (Electr&oacute;nico/Pedal)</li>\r\n<li><strong>Distribuci&oacute;n:</strong>&nbsp;Cadenilla</li>\r\n<li><strong>Velocidades:</strong>&nbsp;6 Velocidades</li>\r\n<li><strong>Capacidad del tanque combustible:</strong>&nbsp;12 litros</li>\r\n<li><strong>Enfriamiento:</strong>&nbsp;Por Aire</li>\r\n<li><strong>Freno delantero:</strong>&nbsp;Disco</li>\r\n<li><strong>Freno posterior:</strong>&nbsp;Disco</li>\r\n<li><strong>Llanta delantera:</strong>&nbsp;80 / 100-21&Prime;</li>\r\n<li><strong>Llanta posterior:</strong>&nbsp;110 / 100-18&Prime;</li>\r\n<li><strong>Peso:</strong>&nbsp;130 kg.</li>\r\n<li><strong>Suspensi&oacute;n delantera:</strong>&nbsp;Barras invertidas</li>\r\n<li><strong>Suspensi&oacute;n posterior:</strong>&nbsp;Monoshock</li>\r\n</ul>', 'Si lo que estás buscando es adrenalida y diversión al máximo, ¡éste es el modelo que necesitas de verdad!, Así podrás alcanzar un desenvolvimiento en carreras absolutamente espectacular. Te sentirás como un piloto pofesional desde el primer instante que estés sobre ella y enciendas su potente motor'),
(19, 19, 'en', 'Zafiro 27cm', '<p><strong>Composici&oacute;n interna</strong></p>\r\n<p>&nbsp;</p>\r\n<p><strong><img class=\"image-responsive\" src=\"https://fotos.subefotos.com/b0c188c94b526642e33e9b6928b8a6d2o.png\" /></strong></p>\r\n<p>&nbsp;</p>\r\n<p><strong>Beneficios</strong></p>\r\n<p>&nbsp;</p>\r\n<p>&nbsp;</p>\r\n<p><img class=\"image-responsive\" src=\"https://fotos.subefotos.com/ce71ae23313d94cfd9bee09106b1932do.png\" /></p>\r\n<p>&nbsp;</p>', NULL),
(20, 20, 'en', 'Imperial Tradicional 23cm', '<p><strong>Composici&oacute;n interna</strong></p>\r\n<p>&nbsp;</p>\r\n<p><strong><img class=\"image-responsive\" src=\"https://fotos.subefotos.com/14d33f1e14618aa586cab253bee6fef7o.png\" /></strong></p>\r\n<p>&nbsp;</p>\r\n<p><strong>Beneficios</strong></p>\r\n<p>&nbsp;</p>\r\n<p>&nbsp;</p>\r\n<p><img class=\"image-responsive\" src=\"https://fotos.subefotos.com/2c6d05340ab4af7e743511cf9ccd02e3o.png\" /></p>\r\n<p>&nbsp;</p>\r\n<p>&nbsp;</p>', '*Los precios incluyen IVA'),
(21, 21, 'en', 'Continental FB', '<p><strong>Composici&oacute;n interna</strong></p>\r\n<p>&nbsp;</p>\r\n<p><strong><img class=\"image-responsive\" src=\"https://fotos.subefotos.com/2acf970bc88f83b6efefe5b4b12b1a45o.png\" /></strong></p>\r\n<p>&nbsp;</p>\r\n<p>&nbsp;</p>\r\n<p><strong>Beneficios</strong></p>\r\n<p>&nbsp;</p>\r\n<p>&nbsp;</p>\r\n<p><strong><img class=\"image-responsive\" src=\"https://fotos.subefotos.com/9ae3f23cdc61f51aeef238befcd5bb3do.png\" /></strong></p>\r\n<p>&nbsp;</p>', '*Los precios incluyen IVA'),
(22, 22, 'en', 'Fussion', '<p><strong>Composici&oacute;n interna</strong></p>\r\n<p>&nbsp;</p>\r\n<p><strong><img class=\"image-responsive\" src=\"https://fotos.subefotos.com/9aee48e3815325d61b65d2a980353f48o.png\" /></strong></p>\r\n<p>&nbsp;</p>\r\n<p><strong>Beneficios</strong></p>\r\n<p>&nbsp;</p>\r\n<p><img src=\"https://i.imgur.com/3LbQrpa.png\" /></p>\r\n<p>&nbsp;</p>\r\n<p>&nbsp;</p>\r\n<p>&nbsp;</p>', '*Los precios incluyen IVA'),
(23, 23, 'en', 'Imperial Beige Non Flip', '<p><strong>Composici&oacute;n interna<img src=\"https://i.imgur.com/gwk8eAX.png\" /></strong></p>\r\n<p>&nbsp;</p>\r\n<p><strong>Beneficios</strong></p>\r\n<p>&nbsp;</p>\r\n<p>&nbsp;</p>\r\n<p><img src=\"https://i.imgur.com/wT6Sjyr.png\" /></p>', '*Los precios incluyen IVA'),
(24, 24, 'en', 'Semi Ortopédico', '<ul>\r\n<li>Acolchado con tela de algod&oacute;n con protecci&oacute;n anti &aacute;caros y anti bacterias.</li>\r\n<li>PLancha de espuma de confort y soporte.</li>\r\n<li>N&uacute;cleo de espuma prensada.</li>\r\n</ul>\r\n<p>&nbsp;</p>', NULL),
(25, 25, 'en', 'Simmons Andrea Plush', '<p><strong>Composici&oacute;n interna</strong></p>\r\n<p><strong><img src=\"https://i.imgur.com/Ga8mXEY.png\" /></strong></p>\r\n<p>&nbsp;</p>\r\n<p><strong>Beneficios</strong></p>\r\n<p>&nbsp;</p>\r\n<p><strong><img src=\"https://i.imgur.com/EwgbbPd.png\" /></strong></p>\r\n<p>&nbsp;</p>\r\n<p>&nbsp;</p>', '*Los precios incluyen IVA'),
(26, 26, 'en', 'Simmons Erica Firm', '<p><strong>Composici&oacute;n interna</strong></p>\r\n<p>&nbsp;</p>\r\n<p><strong><img src=\"https://i.imgur.com/EuRKzef.png\" /></strong></p>\r\n<p>&nbsp;</p>\r\n<p>&nbsp;</p>\r\n<p>&nbsp;</p>\r\n<p><strong>Beneficios</strong></p>\r\n<p>&nbsp;</p>\r\n<p><img src=\"https://i.imgur.com/TiCx8Zg.png\" /></p>\r\n<p>&nbsp;</p>\r\n<p>&nbsp;</p>', '*Los precios incluyen IVA'),
(27, 27, 'en', 'Simmons Erica Luxury Firm Pillow Top', '<p><strong>Composici&oacute;n interna</strong></p>\r\n<p>&nbsp;</p>\r\n<p><strong><img src=\"https://i.imgur.com/Pxf97OJ.png\" /></strong></p>\r\n<p>&nbsp;</p>\r\n<p><strong>Beneficios</strong></p>\r\n<p>&nbsp;</p>\r\n<p>&nbsp;</p>\r\n<p><strong><img src=\"https://i.imgur.com/IR4LJr4.png\" /></strong></p>\r\n<p>&nbsp;</p>', '*Los precios incluyen IVA'),
(28, 28, 'en', 'Restonic Caressa', '<p><strong>Composici&oacute;n interna</strong></p>\r\n<p>&nbsp;</p>\r\n<p><strong><img src=\"https://i.imgur.com/85ao6AG.png\" /></strong></p>\r\n<p>&nbsp;</p>\r\n<p><strong>Beneficios</strong></p>\r\n<p>&nbsp;</p>\r\n<p>&nbsp;</p>\r\n<p><img src=\"https://i.imgur.com/kEeGe7i.png\" /></p>\r\n<p>&nbsp;</p>', '*Los precios incluyen IVA'),
(29, 29, 'en', 'Restonic Escape', '<p><strong>Composici&oacute;n interna</strong></p>\r\n<p>&nbsp;</p>\r\n<p><strong><img src=\"https://i.imgur.com/i5oNl5i.png\" /></strong></p>\r\n<p>&nbsp;</p>\r\n<p>&nbsp;</p>\r\n<p><strong>Beneficios</strong></p>\r\n<p>&nbsp;</p>\r\n<p>&nbsp;</p>\r\n<p><strong><img src=\"https://i.imgur.com/zDDlIj2.png\" /></strong></p>\r\n<p>&nbsp;</p>', '*Los precios incluyen IVA'),
(30, 30, 'en', 'Restonic Excellence', '<p><strong>Composici&oacute;n interna</strong></p>\r\n<p>&nbsp;</p>\r\n<p><strong><img src=\"https://i.imgur.com/1c2zLnW.png\" /></strong></p>\r\n<p>&nbsp;</p>\r\n<p><strong>Beneficios</strong></p>\r\n<p>&nbsp;</p>\r\n<p>&nbsp;</p>\r\n<p><strong><img src=\"https://i.imgur.com/XoPO3Xu.png\" /></strong></p>\r\n<p>&nbsp;</p>', '*Los precios incluyen IVA'),
(31, 31, 'en', 'Restonic Gold', '<p><strong>Composici&oacute;n interna</strong></p>\r\n<p>&nbsp;</p>\r\n<p><img src=\"https://i.imgur.com/mAmCEG1.png\" /></p>\r\n<p>&nbsp;</p>\r\n<p><strong>Beneficios</strong></p>\r\n<p>&nbsp;</p>\r\n<p>&nbsp;</p>\r\n<p><strong><img src=\"https://i.imgur.com/4iOHehI.png\" /></strong></p>', '*Los precios incluyen IVA'),
(32, 32, 'en', 'Restonic Interlude', '<p><strong>Composici&oacute;n interna</strong></p>\r\n<p>&nbsp;</p>\r\n<p><strong><img src=\"https://i.imgur.com/yPoHYIb.png\" /></strong></p>\r\n<p>&nbsp;</p>\r\n<p><strong>Beneficios</strong></p>\r\n<p>&nbsp;</p>\r\n<p>&nbsp;</p>\r\n<p><img src=\"https://i.imgur.com/7NNHqsZ.png\" /></p>\r\n<p>&nbsp;</p>', '*Los precios incluyen IVA'),
(33, 33, 'en', 'Sonata', '<p><strong>Beneficios</strong></p>\r\n<p>&nbsp;</p>\r\n<p><strong><img src=\"https://i.imgur.com/oyabzgY.png\" /></strong></p>\r\n<p>&nbsp;</p>\r\n<p>&nbsp;</p>', NULL),
(34, 34, 'en', 'Sueño Total', '<ul>\r\n<li>Tela elaborada con fibras de algod&oacute;n.</li>\r\n<li>Acolchado con espuma de alta densidad.</li>\r\n<li>Construido con esponjas de baja densidad.</li>\r\n<li>Panel de resortes de acero de alto carbono, templado por descarga el&eacute;ctrica.</li>\r\n<li>Garant&iacute;a &uacute;nicamente en defectos de f&aacute;brica.</li>\r\n</ul>', '*Los precios incluyen IVA'),
(35, 35, 'en', 'Ecoline Tradicional', '<p><strong>Caracter&iacute;sticas</strong></p>\r\n<p>&nbsp;</p>\r\n<p><img src=\"https://i.imgur.com/6oeqzk3.png\" /></p>\r\n<p>&nbsp;</p>\r\n<p>&nbsp;</p>\r\n<p>&nbsp;</p>\r\n<p>&nbsp;</p>', '*Los precios incluyen IVA'),
(36, 36, 'en', 'Ecoline Adeline', '<p><strong>Caracter&iacute;sticas</strong></p>\r\n<p>&nbsp;</p>\r\n<p><img src=\"https://i.imgur.com/6rZJ1sk.png\" /></p>\r\n<p>&nbsp;</p>\r\n<p>&nbsp;</p>\r\n<p>&nbsp;</p>', '*Los precios incluyen IVA'),
(37, 37, 'en', 'Premium Lara', '<p><strong>Caracter&iacute;sticas</strong></p>\r\n<p>&nbsp;</p>\r\n<p><img src=\"https://i.imgur.com/Zx4liIc.png\" /></p>\r\n<p>&nbsp;</p>', '*Los precios incluyen IVA'),
(38, 38, 'en', 'Premium Erika', '<p><strong>Caracter&iacute;sticas</strong></p>\r\n<p>&nbsp;</p>\r\n<p><strong><img src=\"https://i.imgur.com/sEqXhpX.png\" /></strong></p>\r\n<p>&nbsp;</p>', '*Los precios incluyen IVA'),
(39, 39, 'en', 'Ecoline Andrea', '<p><strong>Caracter&iacute;sticas</strong></p>\r\n<p>&nbsp;</p>\r\n<p><strong><img src=\"https://i.imgur.com/AXDD09B.png\" /></strong></p>', '*Los precios incluyen IVA'),
(40, 40, 'en', 'Millenials', '<p><strong>Caracter&iacute;sticas</strong></p>\r\n<p>&nbsp;</p>\r\n<p><strong><img src=\"https://i.imgur.com/lqemWMt.png\" /></strong></p>\r\n<p>&nbsp;</p>', '*Los precios incluyen IVA'),
(41, 41, 'en', 'Cama Élite', '<p><strong>Caracter&iacute;sticas</strong></p>\r\n<p>&nbsp;</p>\r\n<p><strong><img src=\"https://i.imgur.com/kPhvN34.png\" /></strong></p>\r\n<p>&nbsp;</p>', '*Los precios incluyen IVA'),
(42, 42, 'en', 'Premier Scarlet Smart', '<p><strong>Caracter&iacute;sticas</strong></p>\r\n<p>&nbsp;</p>\r\n<p><img src=\"https://i.imgur.com/VZzdPKi.jpg\" /></p>\r\n<p>&nbsp;</p>', '*Los precios incluyen IVA'),
(43, 43, 'en', 'Reclinable Premier Smart', '<p><strong>Caracter&iacute;sticas</strong></p>\r\n<p>&nbsp;</p>\r\n<p><img src=\"https://i.imgur.com/FvyXCdR.png\" /></p>\r\n<p>&nbsp;</p>\r\n<p>&nbsp;</p>\r\n<p>&nbsp;</p>', '*Los precios incluyen IVA'),
(44, 44, 'en', 'Sala Premium FMG.  (LUCES, CONTROL X CELULAR)', '<p>Caracter&iacute;sticas</p>\r\n<p>&nbsp;</p>\r\n<p><strong><img src=\"https://i.imgur.com/bRt4LTD.jpg\" /></strong></p>\r\n<p>&nbsp;</p>\r\n<p><strong>Incluye:</strong></p>\r\n<ul>\r\n<li>Asiento esquinero o Bar.</li>\r\n<li>1 Asientos lineal 3 puestos.</li>\r\n<li>1 Asiento lineal 2 puestos.</li>\r\n<li>1 Butaca individual.</li>\r\n<li>Mesa centro.</li>\r\n<li>5 cojines decorativos.</li>\r\n</ul>', '*Los precios incluyen IVA'),
(45, 45, 'en', 'Sala Ecoline New Nova.   (LUCES, CONTROL X CELULAR)', '<p><strong>Caracter&iacute;sticas</strong></p>\r\n<p>&nbsp;</p>\r\n<p><strong><img src=\"https://i.imgur.com/GqecXch.jpg\" /></strong><strong>Incluye:</strong></p>\r\n<ul>\r\n<li>Asiento esquinero o Bar.</li>\r\n<li>2 Asientos lineal 2 puestos.</li>\r\n<li>1 Butaca tipo cama 50cm anchura.</li>\r\n<li>1 Butaca individual.</li>\r\n<li>Mesa centro.</li>\r\n<li>5 cojines decorativos.</li>\r\n</ul>', '*Los precios incluyen IVA'),
(46, 46, 'en', 'Sala Premier Nova G.    (LUCES, CONTROL X CELULAR)', '<p><strong>Caracter&iacute;sticas:</strong></p>\r\n<p>&nbsp;</p>\r\n<p><strong><img src=\"https://i.imgur.com/bRt4LTD.jpg\" /></strong></p>\r\n<p>&nbsp;</p>\r\n<p><em><strong>Incluye:</strong></em></p>\r\n<ul>\r\n<li>Asiento esquinero o Bar.</li>\r\n<li>1 Asientos lineal 2 puestos.</li>\r\n<li>1 Asientos lineal 3 puestos.</li>\r\n<li>1 Butaca individual.</li>\r\n<li>Mesa centro.</li>\r\n<li>6 cojines decorativos.</li>\r\n</ul>', '*Los precios incluyen IVA'),
(47, 47, 'en', 'Sala Premium Cam.   (LUCES, CONTROL X CELULAR)', '<p><strong>Caracter&iacute;sticas</strong></p>\r\n<p>&nbsp;</p>\r\n<p><img src=\"https://i.imgur.com/bRt4LTD.jpg\" /><strong>Incluye:</strong></p>\r\n<ul>\r\n<li>Asiento esquinero o Bar.</li>\r\n<li>2 Asientos lineal 2 puestos.</li>\r\n<li>1 Butaca tipo cama 100cm</li>\r\n<li>1 Butaca individual.</li>\r\n<li>Mesa centro.</li>\r\n<li>5 cojines decorativos.</li>\r\n</ul>', '*Los precios incluyen IVA'),
(48, 48, 'en', 'Sala Millenials JTC.   (LUCES, CONTROL X CELULAR)', '<p><strong>Caracter&iacute;sticas</strong></p>\r\n<p>&nbsp;</p>\r\n<p><strong><img src=\"https://i.imgur.com/bRt4LTD.jpg\" /></strong><strong>Incluye:</strong></p>\r\n<ul>\r\n<li>Asiento esquinero o Bar.</li>\r\n<li>1 Asientos lineal 2 puestos.</li>\r\n<li>1 Butaca tipo cama 140cm</li>\r\n<li>1 Butaca individual.</li>\r\n<li>Mesa centro.</li>\r\n<li>4 cojines decorativos.</li>\r\n</ul>', '*Los precios incluyen IVA'),
(49, 49, 'en', 'Comedor Andrea', '<p><strong>Caracter&iacute;sticas</strong></p>\r\n<p>&nbsp;</p>\r\n<p><strong><img src=\"https://i.imgur.com/GqecXch.jpg\" /></strong></p>\r\n<p>&nbsp;</p>', '*Los precios incluyen IVA'),
(50, 50, 'en', 'Comedor Premium', '<p><strong>Caracter&iacute;sticas</strong></p>\r\n<p>&nbsp;</p>\r\n<p><strong><img src=\"https://i.imgur.com/bRt4LTD.jpg\" /></strong></p>', '*Los precios incluyen IVA'),
(51, 51, 'en', 'Comedor Premuim Triangular', '<p><strong>Caracter&iacute;sticas</strong></p>\r\n<p>&nbsp;</p>\r\n<p>&nbsp;</p>\r\n<p><strong><img src=\"https://i.imgur.com/bRt4LTD.jpg\" /></strong></p>\r\n<p>&nbsp;</p>', '*Los precios incluyen IVA'),
(52, 52, 'en', 'Comedor Premier', '<p><strong>Caracter&iacute;sticas</strong></p>\r\n<p>&nbsp;</p>\r\n<p><strong><img src=\"https://i.imgur.com/bRt4LTD.jpg\" /></strong></p>\r\n<p>&nbsp;</p>', '*Los precios incluyen IVA'),
(53, 53, 'en', 'Armario Andrea EG3P', '<p><strong>Caracter&iacute;sticas</strong></p>\r\n<p>&nbsp;</p>\r\n<p><strong><img class=\"post-image-placeholder\" src=\"https://i.imgur.com/GPAEnrM.jpg\" /></strong></p>\r\n<p>&nbsp;</p>', '*Los precios incluyen IVA'),
(54, 54, 'en', 'Armario Andrea TV 50\" /  EG3P', '<ul>\r\n<li>\r\n<p><strong>Caracter&iacute;sticas</strong></p>\r\n<p>&nbsp;</p>\r\n<p><strong><img class=\"post-image-placeholder\" src=\"https://i.imgur.com/GPAEnrM.jpg\" /></strong></p>\r\n<p>&nbsp;</p>\r\n</li>\r\n</ul>', '*Los precios incluyen IVA'),
(55, 55, 'en', 'Armario Andrea G3P', '<ul>\r\n<li>\r\n<p><strong>Caracter&iacute;sticas</strong></p>\r\n<p>&nbsp;</p>\r\n<p><strong><img class=\"post-image-placeholder\" src=\"https://i.imgur.com/GPAEnrM.jpg\" /></strong></p>\r\n<p>&nbsp;</p>\r\n</li>\r\n</ul>', '*Los precios incluyen IVA'),
(56, 56, 'en', 'Armario Andrea M3P', '<ul>\r\n<li>\r\n<p><strong>Caracter&iacute;sticas</strong></p>\r\n<p>&nbsp;</p>\r\n<p><strong><img class=\"post-image-placeholder\" src=\"https://i.imgur.com/GPAEnrM.jpg\" /></strong></p>\r\n<p>&nbsp;</p>\r\n</li>\r\n</ul>', '*Los precios incluyen IVA'),
(57, 57, 'en', 'Base Premier', '<ul>\r\n<li>Estructura en madera de Tabl&oacute;n entero.</li>\r\n<li>Interiores de espuma de alta densidad Chaide.</li>\r\n<li>Tapizados con finas y elegantes telas.</li>\r\n</ul>', NULL),
(58, 58, 'en', 'Base Andrea', '<p><strong>Caracter&iacute;sticas</strong></p>\r\n<p>&nbsp;</p>\r\n<p><img class=\"post-image-placeholder\" src=\"https://i.imgur.com/IsPZIDy.jpg\" /></p>\r\n<p>&nbsp;</p>\r\n<p>&nbsp;</p>', '*Los precios incluyen IVA'),
(59, 59, 'en', 'Cabecera Andrea', '<p><strong>Caracter&iacute;sticas</strong></p>\r\n<p>&nbsp;</p>\r\n<p><strong><img src=\"https://i.imgur.com/cQyzAZA.png\" /></strong></p>\r\n<p>&nbsp;</p>', '*Los precios incluyen IVA'),
(60, 60, 'en', 'Base Zafiro Chaide & Chaide', '<p><strong>Caracter&iacute;sticas</strong></p>\r\n<p>&nbsp;</p>\r\n<p><img src=\"https://i.imgur.com/mYpST1d.png\" /></p>\r\n<p><img src=\"blob:https://imgur.com/e54cac0d-e3fc-43d3-878d-be284e3f5280\" alt=\"\" /></p>', '*Los precios incluyen IVA'),
(61, 61, 'en', 'Almohada Restonic Memory Foam Chaide & Chaide', '<p><strong>Caracter&iacute;sticas</strong></p>\r\n<p>&nbsp;</p>\r\n<p><strong><img src=\"https://i.imgur.com/mvzYq2j.png\" /></strong></p>\r\n<p>&nbsp;</p>\r\n<p>&nbsp;</p>', '*Los precios incluyen IVA'),
(62, 62, 'en', 'Almohada Cervical Memory Foam Chaide & Chaide', '<p><strong>Caracter&iacute;sticas</strong></p>\r\n<p>&nbsp;</p>\r\n<p><strong><img src=\"https://i.imgur.com/mvzYq2j.png\" /></strong></p>\r\n<p>&nbsp;</p>', '*Los precios incluyen IVA'),
(63, 63, 'en', 'Almohada Zafiro Chaide & Chaide', '<p><strong>Caracter&iacute;sticas</strong></p>\r\n<p>&nbsp;</p>\r\n<p><strong><img src=\"https://i.imgur.com/gZgVHLw.png\" /></strong></p>\r\n<p>&nbsp;</p>', '*Los precios incluyen IVA'),
(64, 64, 'en', 'Almohada Aurora Chaide & Chaide', '<p><strong>Caracter&iacute;sticas</strong></p>\r\n<p>&nbsp;</p>\r\n<p><strong><img src=\"https://i.imgur.com/UMk27TL.png\" /></strong></p>', '*Los precios incluyen IVA'),
(65, 65, 'en', 'Almohada Rubí Chaide & Chaide', '<p><strong>Beneficios</strong></p>\r\n<p>&nbsp;</p>\r\n<p><strong><img src=\"https://i.imgur.com/ZHlMjN4.png\" /></strong></p>\r\n<p>&nbsp;</p>\r\n<p>&nbsp;</p>', '*Los precios incluyen IVA'),
(66, 66, 'en', 'Lavadora Mabe 18 kg', '<h2><em><strong>Lavadora Aqua Saver Autom&aacute;tica 18 kg Blanca Mabe - LMA78100WBAB0</strong></em></h2>\r\n<h6>Tecnolog&iacute;a Aqua Saver Green optimiza el consumo para ahorrar m&aacute;s agua y energ&iacute;a por lavada.&nbsp;<br />Infusor aqua energy roller que mejora el movimiento de la ropa dando una m&aacute;xima limpieza evitando el enredo.<br />Filtro atrapapelusas Zerofuzz,ayudaa eliminar los rastros de pelusa que pudiera haber en la ropa.</h6>\r\n<p>&nbsp;</p>\r\n<ul>\r\n<li>\r\n<h4>Tecnolog&iacute;a Aqua Saver Green</h4>\r\n</li>\r\n</ul>\r\n<h6>Optimiza el consumo para ahorrar m&aacute;s agua y energ&iacute;a por lavada.&nbsp;</h6>\r\n<ul>\r\n<li>\r\n<h4>Funci&oacute;n bot&oacute;n ECO</h4>\r\n</li>\r\n</ul>\r\n<h6>Sistema integrado en la lavadora que ayuda a optimizar el consumo de agua y energ&iacute;a.</h6>\r\n<ul>\r\n<li>\r\n<h4>Sistema de lavado Infusor Aqua Energy</h4>\r\n</li>\r\n</ul>\r\n<h6>Gracias &nbsp;a la nueva tecnolog&iacute;a del infusor potencializa el ahorro de agua, reduce el enredo de las prendas y ayuda a mover cargas de ropa extra grandes.</h6>\r\n<ul>\r\n<li>\r\n<h4>Canasta Sphere Care de Acero inoxidable</h4>\r\n</li>\r\n</ul>\r\n<h6>Ayuda a una mayor salida del agua y pronto secado de la ropa. &nbsp;</h6>\r\n<ul>\r\n<li>\r\n<h4>Filtro atrapapelusas Zerofuzz</h4>\r\n</li>\r\n</ul>\r\n<h6>Ayuda a eliminar los rastros de pelusa que pudieran haber en la ropa.</h6>\r\n<ul>\r\n<li>\r\n<h4>Tapa Amortiguada</h4>\r\n</li>\r\n</ul>\r\n<h6>Sistema de cierre lento para mayor seguridad al lavar y evitar accidentes</h6>', '*Los precios incluyen IVA'),
(67, 67, 'en', 'Almohada Antireflujo', '<h2 class=\"gu ag ea ey ad0 ad1 i0 oh\" data-baseweb=\"typo-headingxlarge\"><img class=\"a85 a86\" src=\"https://chaide-y-chaide.s3.amazonaws.com/TELABAMBOO.png\" width=\"108\" height=\"108\" /></h2>\r\n<h2 class=\"gu ag ea ey ad0 ad1 i0 oh\" data-baseweb=\"typo-headingxlarge\">Tela de Bamboo</h2>\r\n<p>Tela flexible, suave y agradable al tacto, elaborada con fibra de pulpa de bamboo que naturalmente repele bacterias, &aacute;caros y mircroorganismos.</p>\r\n<p>&nbsp;</p>\r\n<h2 class=\"gu ag ea ey ad0 ad1 i0 oh\" data-baseweb=\"typo-headingxlarge\"><img class=\"a85 a86\" src=\"https://chaide-y-chaide.s3.amazonaws.com/TELAANTIACAROS.png\" width=\"109\" height=\"109\" /></h2>\r\n<h2 class=\"gu ag ea ey ad0 ad1 i0 oh\" data-baseweb=\"typo-headingxlarge\">Tela Anti&aacute;caros</h2>\r\n<p>Tela con tratamiento anti&aacute;caros, antihongos y antibacterias que evita la proliferaci&oacute;n de microorganismos que causan alergias.</p>\r\n<p>&nbsp;</p>\r\n<p><img class=\"a85 a86\" src=\"https://chaide-y-chaide.s3.amazonaws.com/IMPERMEABLE.png\" width=\"109\" height=\"109\" /></p>\r\n<h2 class=\"gu ag ea ey ad0 ad1 i0 oh\" data-baseweb=\"typo-headingxlarge\">Tela Impermeable</h2>\r\n<p>L&aacute;mina protectora impermeable que permite la circulaci&oacute;n de aire, y al mismo tiempo, impide el paso de fluidos y transpiraci&oacute;n corporal protegiendo el producto de manchas y humedad.</p>\r\n<p>&nbsp;</p>\r\n<p><img class=\"a85 a86\" src=\"https://chaide-y-chaide.s3.amazonaws.com/ANTIREFLUJO.png\" width=\"109\" height=\"109\" /></p>\r\n<h2 class=\"gu ag ea ey ad0 ad1 i0 oh\" data-baseweb=\"typo-headingxlarge\">Antireflujo</h2>\r\n<p>Reduce los s&iacute;ntomas de reflujo g&aacute;strico y obstrucci&oacute;n nasal.</p>', '*Los precios incluyen IVA'),
(68, 68, 'en', 'Alternativa', '<p><strong>Beneficios</strong></p>\r\n<p>&nbsp;</p>\r\n<p><strong><img src=\"https://i.imgur.com/U2gy3i0.jpg\" /></strong></p>', '*Los precios incluyen IVA'),
(69, 69, 'en', 'Andrea Pillow Top', '<p><strong>Beneficios</strong></p>\r\n<p>&nbsp;</p>\r\n<p><strong><img src=\"https://i.imgur.com/v1WQsJW.png\" /></strong></p>\r\n<p>&nbsp;</p>\r\n<p>&nbsp;</p>', '*Los precios incluyen IVA'),
(70, 70, 'en', 'Restonic Dreamer', '<p><strong>Composici&oacute;n interna</strong></p>\r\n<p><strong><img src=\"https://i.imgur.com/OQD1j19.png\" /></strong></p>\r\n<p>&nbsp;</p>\r\n<p><strong>Beneficios</strong></p>\r\n<p>&nbsp;</p>\r\n<p>&nbsp;</p>\r\n<p><strong><img src=\"https://i.imgur.com/QMj1GxR.png\" /></strong></p>\r\n<p>&nbsp;</p>\r\n<p>&nbsp;</p>', '*Los precios incluyen IVA'),
(71, 71, 'en', 'Restonic Elegance', '<p><strong>Composici&oacute;n interna</strong></p>\r\n<p>&nbsp;</p>\r\n<p><strong><img src=\"https://i.imgur.com/TuK4pmI.png\" /></strong></p>\r\n<p>&nbsp;</p>\r\n<p><strong>Beneficios</strong></p>\r\n<p>&nbsp;</p>\r\n<p><strong><img src=\"https://i.imgur.com/FWFZREC.png\" /></strong></p>\r\n<p>&nbsp;</p>\r\n<p>&nbsp;</p>', '*Los precios incluyen IVA'),
(72, 72, 'en', 'Restonic Grand Palais', '<p><strong>Composici&oacute;n interna</strong></p>\r\n<p>&nbsp;</p>\r\n<p><strong><img src=\"https://i.imgur.com/URHE8oX.png\" /></strong></p>\r\n<p>&nbsp;</p>\r\n<p><strong>Beneficios</strong></p>\r\n<p>&nbsp;</p>\r\n<p>&nbsp;</p>\r\n<p><strong><img src=\"https://i.imgur.com/sauulKM.png\" /></strong></p>', '*Los precios incluyen IVA'),
(73, 73, 'en', 'Restapedic', '<p><strong>Composici&oacute;n interna</strong></p>\r\n<p>&nbsp;</p>\r\n<p><strong><img src=\"https://i.imgur.com/Zudm35Q.png\" /></strong></p>\r\n<p>&nbsp;</p>\r\n<p><strong>Beneficios</strong></p>\r\n<p>&nbsp;</p>\r\n<p>&nbsp;</p>\r\n<p><strong><img src=\"https://i.imgur.com/qgjLZkb.png\" /></strong></p>\r\n<p>&nbsp;</p>\r\n<p>&nbsp;</p>', '*Los precios incluyen IVA'),
(74, 74, 'en', 'Restonic Symphony', '<p><strong>Composici&oacute;n interna</strong></p>\r\n<p>&nbsp;</p>\r\n<p><strong><img src=\"https://i.imgur.com/kpVLgxb.png\" /></strong></p>\r\n<p>&nbsp;</p>\r\n<p><strong>Beneficios</strong></p>\r\n<p>&nbsp;</p>\r\n<p><strong><img src=\"https://i.imgur.com/W3OGBHe.png\" /></strong></p>\r\n<p>&nbsp;</p>\r\n<p>&nbsp;</p>', '*Los precios incluyen IVA'),
(75, 75, 'en', 'King Moon Plus Smart', '<p><strong>Caracter&iacute;sticas</strong></p>\r\n<p>&nbsp;</p>\r\n<p><strong><img src=\"https://i.imgur.com/tZxRGaC.png\" /></strong></p>\r\n<p><strong>Beneficios</strong></p>\r\n<p>&nbsp;</p>\r\n<p>&nbsp;</p>\r\n<p><strong><img src=\"https://i.imgur.com/stMntZw.jpg\" /></strong></p>\r\n<p>&nbsp;</p>', '*Los precios incluyen IVA'),
(76, 76, 'en', 'Premium Europa', '<p><strong>Caracter&iacute;sticas</strong></p>\r\n<p>&nbsp;</p>\r\n<p><strong><img src=\"https://i.imgur.com/szKZ4LO.png\" /></strong></p>\r\n<p>&nbsp;</p>', '*Los precios incluyen IVA'),
(77, 77, 'en', 'Premier', '<p><strong>Caracter&iacute;sticas</strong></p>\r\n<p>&nbsp;</p>\r\n<p><img src=\"https://i.imgur.com/DAYzvU9.png\" /></p>\r\n<p>&nbsp;</p>', '*Los precios incluyen IVA'),
(78, 78, 'en', 'Moon Plus Smart', '<p><strong>Caracter&iacute;sticas</strong></p>\r\n<p>&nbsp;</p>\r\n<p><strong><img src=\"https://i.imgur.com/ef5XHu1.png\" /></strong></p>\r\n<p><strong>Beneficios</strong></p>\r\n<p>&nbsp;</p>\r\n<p>&nbsp;</p>\r\n<p><strong><img src=\"https://i.imgur.com/NuTV1Ok.png\" /></strong></p>\r\n<p>&nbsp;</p>\r\n<p>&nbsp;</p>\r\n<p>&nbsp;</p>', '*Los precios incluyen IVA'),
(79, 79, 'en', 'Premium Emily', '<p><strong>Caracter&iacute;sticas</strong></p>\r\n<p>&nbsp;</p>\r\n<p><strong><img src=\"https://i.imgur.com/pyJkFMQ.png\" /></strong></p>\r\n<p>&nbsp;</p>\r\n<p>&nbsp;</p>', '*Los precios incluyen IVA'),
(80, 80, 'en', 'Butaca Premier Scarlet', '<p><strong>Caracter&iacute;sticas</strong></p>\r\n<p>&nbsp;</p>\r\n<p><strong><img src=\"https://i.imgur.com/WCRApZQ.jpg\" /></strong></p>\r\n<p>&nbsp;</p>', '*Los precios incluyen IVA'),
(81, 81, 'en', 'COMBO ELITE', '<p><strong>Caracter&iacute;sticas</strong></p>\r\n<p>&nbsp;</p>\r\n<p><strong><img src=\"https://i.imgur.com/kPhvN34.png\" /></strong></p>\r\n<p>&nbsp;</p>', '*Los precios incluyen IVA'),
(82, 82, 'en', 'Base Tapiz Chaide & Chaide', '<p><strong>Caracter&iacute;sticas</strong></p>\r\n<p>&nbsp;</p>\r\n<p><strong><img src=\"https://i.imgur.com/mYpST1d.png\" /></strong></p>\r\n<p>&nbsp;</p>', '*Los precios incluyen IVA'),
(83, 83, 'en', 'Velador Premier', '<p><strong>Caracter&iacute;sticas</strong></p>\r\n<p>&nbsp;</p>\r\n<p><strong><img class=\"post-image-placeholder\" src=\"https://i.imgur.com/cQyzAZA.png\" alt=\"\" /></strong></p>', '*Los precios incluyen IVA'),
(84, 84, 'en', 'Litera Erika', '<p><strong>Caracter&iacute;sticas</strong></p>\r\n<p>&nbsp;</p>\r\n<p><img src=\"https://i.imgur.com/17Tp5tD.png\" /></p>', NULL),
(85, 85, 'en', 'Freedom Music / 150cc', '<p><strong>Caracter&iacute;sticas</strong></p>\r\n<p>&nbsp;</p>\r\n<p><strong><img class=\"post-image-placeholder\" src=\"https://i.imgur.com/OomJuhm.png\" alt=\"\" /></strong></p>', '*Los precios incluyen IVA'),
(86, 86, 'en', 'XY 10D / 150cc', '<p><strong>Caracter&iacute;sticas</strong></p>\r\n<p>&nbsp;</p>\r\n<p><strong><img src=\"https://i.imgur.com/zYBmzZM.png\" /></strong></p>\r\n<p>&nbsp;</p>', '*Los precios incluyen IVA'),
(87, 87, 'en', 'Sport-R / 250cc', '<p><strong>Caracter&iacute;sticas</strong></p>\r\n<p>&nbsp;</p>\r\n<p><strong><img src=\"https://i.imgur.com/giFAMTG.png\" /></strong></p>\r\n<p>&nbsp;</p>', '*Los precios incluyen IVA'),
(88, 88, 'en', 'GY8 / 200cc', '<p><strong>Caracter&iacute;sticas</strong></p>\r\n<p>&nbsp;</p>\r\n<p><strong><img src=\"https://i.imgur.com/jNsYscP.png\" /></strong></p>\r\n<p>&nbsp;</p>\r\n<p>&nbsp;</p>', NULL),
(89, 89, 'en', 'GP / 200cc', '<p><strong>Caracter&iacute;sticas</strong></p>\r\n<p>&nbsp;</p>\r\n<p><strong><img src=\"https://i.imgur.com/XINvSvF.png\" /></strong></p>\r\n<p>&nbsp;</p>', NULL),
(90, 90, 'en', 'Fast / 150cc', '<p><strong>Caracter&iacute;sticas</strong></p>\r\n<p>&nbsp;</p>\r\n<p><img class=\"post-image-placeholder\" src=\"https://i.imgur.com/13S15id.png\" alt=\"\" /></p>', '*Los precios incluyen IVA'),
(91, 91, 'en', 'Sofá Cama Ivana', '<p><strong>Caracter&iacute;sticas</strong></p>\r\n<p>&nbsp;</p>\r\n<p><strong><img src=\"https://i.imgur.com/8kIVpDJ.png\" /></strong></p>\r\n<p>&nbsp;</p>\r\n<p>&nbsp;</p>', '*Los precios incluyen IVA'),
(92, 92, 'en', 'Sala Premium Erika', '<p><strong>Caracter&iacute;sticas</strong></p>\r\n<p>&nbsp;</p>\r\n<p><strong><img src=\"https://i.imgur.com/UNBlNen.png\" /></strong></p>\r\n<p>&nbsp;</p>', '*Los precios incluyen IVA'),
(93, 93, 'en', 'Combo Adeline', '<p><strong>Caracter&iacute;sticas</strong></p>\r\n<p>&nbsp;</p>\r\n<p><img src=\"https://i.imgur.com/6rZJ1sk.png\" /></p>', '*Los precios incluyen IVA'),
(94, 95, 'en', 'Combo Andrea', '<p><strong>Caracter&iacute;sticas</strong></p>\r\n<p>&nbsp;</p>\r\n<p><strong><img src=\"https://i.imgur.com/AXDD09B.png\" /></strong></p>\r\n<p>&nbsp;</p>', '*Los precios incluyen IVA'),
(95, 96, 'en', 'Combo  Élite', '<p><strong>Caracter&iacute;sticas</strong></p>\r\n<p>&nbsp;</p>\r\n<p><strong><img src=\"https://i.imgur.com/kPhvN34.png\" /></strong></p>\r\n<p>&nbsp;</p>', '*Los precios incluyen IVA'),
(96, 97, 'en', 'Combo Erika', '<p><strong>Caracter&iacute;sticas</strong></p>\r\n<p>&nbsp;</p>\r\n<p><strong><img src=\"https://i.imgur.com/sEqXhpX.png\" /></strong></p>\r\n<p>&nbsp;</p>', '*Los precios incluyen IVA'),
(97, 98, 'en', 'Combo Europa', '<p><strong>Caracter&iacute;sticas</strong></p>\r\n<p>&nbsp;</p>\r\n<p><strong><img src=\"https://i.imgur.com/szKZ4LO.png\" /></strong></p>\r\n<p>&nbsp;</p>', '*Los precios incluyen IVA'),
(98, 99, 'en', 'Combo Premium Lara', '<p><strong>Caracter&iacute;sticas</strong></p>\r\n<p>&nbsp;</p>\r\n<p><strong><img src=\"https://i.imgur.com/Zx4liIc.png\" /></strong></p>\r\n<p>&nbsp;</p>', '*Los precios incluyen IVA'),
(99, 100, 'en', 'Combo Premier', '<p><strong>Caracter&iacute;sticas</strong></p>\r\n<p>&nbsp;</p>\r\n<p><strong><img src=\"https://i.imgur.com/DAYzvU9.png\" /></strong></p>\r\n<p>&nbsp;</p>', '*Los precios incluyen IVA'),
(100, 101, 'en', 'Combo Millenials', '<p><strong>Caracter&iacute;sticas</strong></p>\r\n<p>&nbsp;</p>\r\n<p><strong><img src=\"https://i.imgur.com/lqemWMt.png\" /></strong></p>\r\n<p>&nbsp;</p>', '*Los precios incluyen IVA'),
(101, 102, 'en', 'Combo Moon Plus', '<p><strong>Caracter&iacute;sticas</strong></p>\r\n<p>&nbsp;</p>\r\n<p><strong><img src=\"https://i.imgur.com/ef5XHu1.png\" /></strong></p>', '*Los precios incluyen IVA'),
(102, 103, 'en', 'Combo King Moon Plus', '<p><strong>Caracter&iacute;sticas</strong></p>\r\n<p>&nbsp;</p>\r\n<p><strong><img src=\"https://i.imgur.com/ef5XHu1.png\" /></strong></p>', '*Los precios incluyen IVA'),
(103, 104, 'en', 'Sueño Perfecto', '<p><strong>Caracter&iacute;sticas</strong></p>\r\n<p>&nbsp;</p>\r\n<p><strong><img src=\"https://i.imgur.com/fiYf1ke.jpg\" /></strong></p>\r\n<p>&nbsp;</p>', '*Los precios incluyen IVA'),
(104, 105, 'en', 'Sueño Perfecto', '<p><strong>Caracter&iacute;sticas</strong></p>\r\n<p>&nbsp;</p>\r\n<p><strong><img src=\"https://i.imgur.com/fiYf1ke.jpg\" /></strong></p>\r\n<p>&nbsp;</p>', NULL),
(105, 106, 'en', 'Sensaciones', '<p><strong>Caracter&iacute;sticas</strong></p>\r\n<p>&nbsp;</p>\r\n<p><img src=\"https://i.imgur.com/v2zxedF.png\" /></p>\r\n<p>&nbsp;</p>', '*Los precios incluyen IVA'),
(106, 107, 'en', 'King A2', '<p><strong>Caracter&iacute;sticas</strong></p>\r\n<p>&nbsp;</p>\r\n<p><img src=\"https://i.imgur.com/jkD89lq.jpg\" /></p>\r\n<p>&nbsp;</p>\r\n<p>&nbsp;</p>', '*Los precios incluyen IVA'),
(107, 108, 'en', 'Sofá Cama Andrea', '<p><strong>Caracter&iacute;sticas</strong></p>\r\n<p>&nbsp;</p>\r\n<p><strong><img src=\"https://i.imgur.com/GqecXch.jpg\" /></strong></p>\r\n<p>&nbsp;</p>', '*Los precios incluyen IVA'),
(108, 109, 'en', 'Reclinable Premier Smart PLUS', '<p><strong>Caracter&iacute;sticas</strong></p>\r\n<p>&nbsp;</p>\r\n<p><strong><img src=\"https://i.imgur.com/FvyXCdR.png\" /></strong></p>', NULL),
(109, 110, 'en', 'Reclinable Premier Eléctrico', '<p><strong>Caracter&iacute;sticas</strong></p>\r\n<p>&nbsp;</p>\r\n<p><strong><img src=\"https://i.imgur.com/UNBlNen.png\" /></strong></p>', NULL),
(110, 111, 'en', 'Reclinables Premier Smart', '<p><strong>Caracter&iacute;sticas</strong></p>\r\n<p>&nbsp;</p>\r\n<p><strong><img src=\"https://i.imgur.com/FvyXCdR.png\" /></strong></p>', NULL);

-- --------------------------------------------------------

--
-- Estructura de tabla para la tabla `related_products`
--

CREATE TABLE `related_products` (
  `product_id` int(10) UNSIGNED NOT NULL,
  `related_product_id` int(10) UNSIGNED NOT NULL
) ENGINE=InnoDB DEFAULT CHARSET=utf8mb4 COLLATE=utf8mb4_unicode_ci;

--
-- Volcado de datos para la tabla `related_products`
--

INSERT INTO `related_products` (`product_id`, `related_product_id`) VALUES
(1, 4),
(1, 5),
(1, 21),
(1, 22),
(1, 28),
(1, 29),
(1, 30),
(1, 31),
(1, 32),
(4, 1),
(4, 5),
(5, 1),
(5, 4),
(6, 7),
(7, 6),
(8, 1),
(8, 4),
(8, 5),
(11, 12),
(12, 11),
(13, 14),
(13, 15),
(13, 17),
(14, 13),
(14, 15),
(14, 16),
(15, 13),
(15, 14),
(15, 16),
(16, 13),
(16, 14),
(16, 15),
(17, 13),
(17, 14),
(17, 15),
(17, 16),
(18, 14),
(18, 16),
(18, 17),
(20, 6),
(20, 7),
(20, 10),
(21, 7),
(21, 19),
(21, 20),
(22, 19),
(22, 20),
(22, 21),
(23, 20),
(23, 21),
(23, 22),
(24, 4),
(24, 5),
(24, 8),
(25, 5),
(25, 21),
(25, 22),
(26, 21),
(26, 22),
(26, 25),
(27, 22),
(27, 25),
(27, 26),
(28, 20),
(28, 21),
(28, 22),
(29, 21),
(29, 22),
(29, 28),
(30, 22),
(30, 28),
(30, 29),
(31, 28),
(31, 29),
(31, 30),
(32, 29),
(32, 30),
(32, 31),
(33, 19),
(33, 20),
(33, 24),
(34, 10),
(34, 19),
(34, 33),
(36, 35),
(37, 36),
(37, 38),
(37, 39),
(38, 35),
(38, 36),
(38, 37),
(39, 36),
(39, 37),
(39, 38),
(40, 37),
(40, 38),
(40, 39),
(44, 42),
(44, 43),
(46, 42),
(46, 44),
(46, 45),
(47, 44),
(47, 45),
(47, 46),
(48, 42),
(48, 43),
(48, 47),
(49, 19),
(49, 35),
(49, 45),
(50, 47),
(50, 48),
(50, 49),
(51, 48),
(51, 49),
(51, 50),
(52, 49),
(52, 50),
(52, 51),
(53, 50),
(53, 51),
(53, 52),
(54, 51),
(54, 52),
(54, 53),
(55, 52),
(55, 53),
(55, 54),
(56, 53),
(56, 54),
(56, 55),
(57, 37),
(57, 39),
(57, 40),
(59, 40),
(59, 58),
(60, 58),
(60, 59),
(61, 58),
(61, 59),
(61, 60),
(62, 59),
(62, 60),
(62, 61),
(63, 59),
(63, 61),
(63, 62),
(64, 61),
(64, 62),
(64, 63),
(65, 62),
(65, 63),
(65, 64),
(65, 67),
(68, 7),
(68, 10),
(68, 19),
(68, 20),
(69, 7),
(69, 10),
(69, 19),
(69, 20),
(69, 33),
(74, 70),
(74, 71),
(74, 72),
(81, 50),
(81, 55),
(81, 61);

-- --------------------------------------------------------

--
-- Estructura de tabla para la tabla `reminders`
--

CREATE TABLE `reminders` (
  `id` int(10) UNSIGNED NOT NULL,
  `user_id` int(10) UNSIGNED NOT NULL,
  `code` varchar(191) COLLATE utf8mb4_unicode_ci NOT NULL,
  `completed` tinyint(1) NOT NULL DEFAULT 0,
  `completed_at` datetime DEFAULT NULL,
  `created_at` timestamp NULL DEFAULT NULL,
  `updated_at` timestamp NULL DEFAULT NULL
) ENGINE=InnoDB DEFAULT CHARSET=utf8mb4 COLLATE=utf8mb4_unicode_ci;

-- --------------------------------------------------------

--
-- Estructura de tabla para la tabla `reviews`
--

CREATE TABLE `reviews` (
  `id` int(10) UNSIGNED NOT NULL,
  `reviewer_id` int(10) UNSIGNED DEFAULT NULL,
  `product_id` int(10) UNSIGNED NOT NULL,
  `rating` int(11) NOT NULL,
  `reviewer_name` varchar(191) COLLATE utf8mb4_unicode_ci NOT NULL,
  `comment` text COLLATE utf8mb4_unicode_ci NOT NULL,
  `is_approved` tinyint(1) NOT NULL,
  `created_at` timestamp NULL DEFAULT NULL,
  `updated_at` timestamp NULL DEFAULT NULL
) ENGINE=InnoDB DEFAULT CHARSET=utf8mb4 COLLATE=utf8mb4_unicode_ci;

--
-- Volcado de datos para la tabla `reviews`
--

INSERT INTO `reviews` (`id`, `reviewer_id`, `product_id`, `rating`, `reviewer_name`, `comment`, `is_approved`, `created_at`, `updated_at`) VALUES
(1, NULL, 75, 5, 'HENRY MAURICIO', 'No imaginé que en ECUADOR haya una empresa con este tipo de tecnología , realmente muy gradecido por esta maravilla.!\r\nes muy fácil de usar  y el copnfort que tenemos al descansar es espectacular', 1, '2020-08-04 19:23:09', '2020-08-04 19:23:09'),
(2, NULL, 75, 5, 'Fabricio', 'Quedé maravillado.! \r\nexcelente servicio y ni hablar del producto 100% recomendado', 1, '2020-08-04 19:25:59', '2020-08-04 19:25:59'),
(3, NULL, 75, 5, 'Emily Arroba', 'el servicio espectacular .! muy amables , y el confort del sillon lateral es maravilloso .', 1, '2020-08-04 19:30:01', '2020-08-04 19:30:01'),
(4, NULL, 75, 5, 'Pablo', 'el modo relax me encanta, una verdadera joya vale la pena gracias comercial teran por su buen servicio', 1, '2020-08-04 19:32:16', '2020-08-04 19:32:16'),
(5, NULL, 75, 5, 'Ing. Ruben Ortiz', 'Apoyar a estas empresas innovadoras nos van a levantar.\r\nFelicidades por su gran producto , nos encanto .!', 1, '2020-08-04 19:38:54', '2020-08-04 19:38:54'),
(6, NULL, 79, 5, 'Sofia Vargas', 'En la foto no se apreciaba muy bien, pero cuando llego el producto me encanto. Gracias almacenes teran por su eficiencia', 1, '2020-08-07 17:06:27', '2020-08-07 17:06:27'),
(7, NULL, 79, 5, 'Valentin Peres', 'Exelente producto, lo recomiendo.', 1, '2020-08-07 17:11:15', '2020-08-07 17:11:15'),
(8, NULL, 79, 5, 'Miguel', 'Me impresiono la puntualidad, el producto nos encanto.', 1, '2020-08-07 17:23:39', '2020-08-07 17:23:39'),
(9, NULL, 79, 5, 'Henry López', 'La atencion es muy buena, muy buen producto lo recomiendo', 1, '2020-08-07 17:31:54', '2020-08-07 17:31:54'),
(10, NULL, 79, 3, 'Fernanda Sánchez', 'La verdad el producto demoro mas o menos 2 horas despues de la hora acordada.', 1, '2020-08-07 17:39:03', '2020-08-07 17:39:03'),
(11, NULL, 79, 5, 'Morales', 'La atencion es increible, me encanto el producto lo recoiendo.', 1, '2020-08-07 17:52:10', '2020-08-07 17:52:10'),
(12, NULL, 79, 5, 'Elsa', 'la atencion me encanto y el producto es exelente', 1, '2020-08-07 18:07:01', '2020-08-07 18:07:01'),
(13, NULL, 79, 5, 'Katherine Ávila', 'El producto es muy bueno cuando lo recibi me encanto, gracias a almacenes teran', 1, '2020-08-07 18:09:27', '2020-08-07 18:09:27'),
(14, NULL, 77, 5, 'Ana Morillo', 'Buen servicio,mi producto llego a tiempo a Ibarra.', 1, '2020-08-07 22:31:05', '2020-08-07 22:31:05'),
(15, NULL, 77, 5, 'Isabel Garcia', 'Un abrazo desde Cayambe, me encanto la cama', 1, '2020-08-07 22:34:06', '2020-08-07 22:34:06'),
(16, NULL, 76, 5, 'Viviana García', 'Totalmente Enamora de mi cama de 3 plazas !! \r\nFue mi mejor inversión... !!!', 1, '2020-08-07 22:37:45', '2020-08-07 22:37:45'),
(17, NULL, 76, 5, 'Carla Nuñez', 'El Espaldar es suuuuper comodo y rellenito...\r\nEl mío fue en color plateado quedó hermoso.', 1, '2020-08-07 22:41:09', '2020-08-07 22:41:09'),
(18, NULL, 76, 4, 'Marcela Pinargote', 'Muy buenos terminados solo que no llegueron en el horario acordado...\r\nPor lo demás excelente.', 1, '2020-08-07 22:42:49', '2020-08-07 22:42:49'),
(19, NULL, 77, 5, 'Carmen Lisboa', 'Exelente atención, el espaldar es super comodo me encanto', 1, '2020-08-07 22:47:13', '2020-08-07 22:47:13'),
(20, NULL, 76, 5, 'Melany García', 'El baúl es muy funcional, ya que ni tenía mucho espacio en mi dormitorio.', 1, '2020-08-07 22:47:55', '2020-08-07 22:47:55'),
(21, NULL, 77, 5, 'Maria Sandoval', 'Un muy buen servicio, cuando llego el productome encanto', 1, '2020-08-07 22:54:30', '2020-08-07 22:54:30'),
(22, NULL, 76, 5, 'Consuelo Castillo', 'Sus colaboradores muy eficientes me dejaron instalando y fueron muy atentos conmigo y con mi esposo.', 1, '2020-08-07 22:55:25', '2020-08-07 22:55:25'),
(23, NULL, 77, 5, 'Antonia Rivera', 'Muy buen servicio, la atencion es la mejor', 1, '2020-08-07 22:59:25', '2020-08-07 22:59:25'),
(24, NULL, 77, 5, 'Angelica Cruz', 'El producto el el mejor', 1, '2020-08-07 23:06:04', '2020-08-07 23:06:04'),
(25, NULL, 77, 5, 'Claudia Márquez', 'Exelente', 1, '2020-08-07 23:11:22', '2020-08-07 23:11:22'),
(26, NULL, 77, 5, 'Cristian Mendoza', 'el producto es increible me encanto, lo recomiendo', 1, '2020-08-07 23:20:56', '2020-08-07 23:20:56'),
(27, NULL, 77, 5, 'Martin Toledo', 'El producto es muy bueno, te llega a tiempo', 1, '2020-08-07 23:23:10', '2020-08-07 23:23:10'),
(28, NULL, 40, 5, 'Daniel López', 'El producto llego a tiempo y me llego a tiempo.', 1, '2020-08-07 23:33:44', '2020-08-07 23:33:44'),
(29, NULL, 40, 5, 'Felipe Toledo', 'Muy buen producto me encanto', 1, '2020-08-07 23:39:04', '2020-08-07 23:39:04'),
(30, NULL, 40, 5, 'Sara Acosta', 'Saludos a almacenes teran, el producto esta exelente', 1, '2020-08-07 23:44:08', '2020-08-07 23:44:08'),
(31, 13, 81, 5, 'Roger Jimenez', 'ESPECTACULAR', 1, '2020-08-09 18:26:38', '2020-08-09 18:26:38'),
(32, 13, 81, 5, 'Mauricio', 'la tecnologia increible', 1, '2020-08-09 18:27:26', '2020-08-09 18:27:26'),
(33, 13, 81, 5, 'JAVIER ARROBA', 'QUEDÉ MARAVILLADO, SUPER LINDA GRACIAS COMERCIAL TERAN POR TODO', 1, '2020-08-09 18:28:52', '2020-08-09 18:28:52'),
(34, 13, 81, 5, 'Daniela', 'Gracias por su puntualidad y responsabilidad , me encanto y el colchon esta super rico', 1, '2020-08-09 18:30:12', '2020-08-09 18:30:12'),
(35, NULL, 41, 5, 'Ana García', 'Exelente producto, me encanto', 1, '2020-08-10 18:06:39', '2020-08-10 18:06:39'),
(36, NULL, 41, 5, 'Alvaro Peña', 'Un muy buen producto, me llego puntual el producto', 1, '2020-08-10 18:12:53', '2020-08-10 18:12:53'),
(37, NULL, 41, 5, 'Daniela Castillo', 'El producto es hermoso, me encanto el producto desde que me lego.', 1, '2020-08-10 18:17:13', '2020-08-10 18:17:13'),
(38, NULL, 41, 5, 'Sarahi Lopez', 'El producto me encanto, es hermoso', 1, '2020-08-10 18:19:02', '2020-08-10 18:19:02'),
(39, NULL, 41, 5, 'Fernando Ponce', 'Es muy bueno el producto, lo recomiendo', 1, '2020-08-10 18:25:33', '2020-08-10 18:25:33'),
(40, NULL, 41, 5, 'Pamela', 'Saludos desde Ibarra, gracias por la entrega almacenes teran un fuerte abrazo.', 1, '2020-08-10 18:28:33', '2020-08-10 18:28:33'),
(41, NULL, 39, 5, 'Andrea Castillo', 'El producto es el mejor, me encanto', 1, '2020-08-10 18:34:10', '2020-08-10 18:34:10'),
(42, NULL, 39, 5, 'Miguel', 'Exelente producto', 1, '2020-08-10 18:36:17', '2020-08-10 18:36:17'),
(43, NULL, 39, 5, 'Isabel Acosta', 'Muy buen producto, me encanto cuendo me llego el producto fue inprecionante y puntual', 1, '2020-08-10 18:40:45', '2020-08-10 18:40:45'),
(44, NULL, 38, 5, 'Valentin Romero', 'Exelente producto', 1, '2020-08-10 18:49:04', '2020-08-10 18:49:04'),
(45, NULL, 38, 5, 'José Bravo', 'El producto es exelente', 1, '2020-08-10 18:52:19', '2020-08-10 18:52:19'),
(46, NULL, 37, 5, 'Sofia Márquez', 'Exelente producto, el producto es hermoso', 1, '2020-08-10 19:24:41', '2020-08-10 19:24:41'),
(47, NULL, 38, 5, 'Maria Méndez', 'Hermoso producto, lo recomiendo', 1, '2020-08-10 19:28:15', '2020-08-10 19:28:15'),
(48, NULL, 37, 5, 'Carlos Vargas', 'EXELENTE PRODUCTO', 1, '2020-08-10 19:31:53', '2020-08-10 19:31:53'),
(49, NULL, 37, 5, 'Giulia Núñez', 'El producto me llego a tiempo.', 1, '2020-08-10 19:44:14', '2020-08-10 19:44:14'),
(50, NULL, 36, 5, 'Andres Piñero', 'Un muy buen producto, lo recomiendo es hermoso', 1, '2020-08-10 19:51:13', '2020-08-10 19:51:13'),
(51, NULL, 36, 5, 'Isabella Andrade', 'El producto me encanto, gracias almacenes teran', 1, '2020-08-10 19:53:14', '2020-08-10 19:53:14'),
(52, NULL, 36, 5, 'Anthony Morales', 'El producto es increible me encanto cuendo lo vi en foto y aun más en cuando me lo entregaron fue a tiempo y me impreciono la puntualidad', 1, '2020-08-10 19:58:24', '2020-08-10 19:58:24'),
(53, NULL, 36, 5, 'Sara Andrade', 'El productu es muy bueno me encanto lo recomiendo para todos, no se van a defraudar.', 1, '2020-08-10 20:00:21', '2020-08-10 20:00:21'),
(54, NULL, 35, 5, 'Marie Garcia', 'Es hermoso el color, me encantó es una buena elección.', 1, '2020-08-10 20:03:10', '2020-10-20 05:06:47'),
(55, NULL, 35, 5, 'Angel Torres', 'El producto es exelente,, me encanto', 1, '2020-08-10 20:04:45', '2020-08-10 20:04:45'),
(56, NULL, 35, 5, 'Emily Sandoval', 'Es hermoso', 1, '2020-08-10 20:06:28', '2020-08-10 20:06:28'),
(57, NULL, 35, 5, 'Arthur Rivera', 'Es increible el producto, me imprecione cuando llego a mi casa', 1, '2020-08-10 20:09:08', '2020-08-10 20:09:08'),
(58, NULL, 35, 5, 'Christian Cruz', 'El producto es muy bueno, me llego a tiempo y me llego hermoso', 1, '2020-08-10 20:15:05', '2020-08-10 20:15:05'),
(59, NULL, 68, 5, 'Charlotte Méndez', 'Es un muy buen producto', 1, '2020-08-10 20:34:16', '2020-08-10 20:34:16'),
(60, NULL, 68, 5, 'Olivia Sarcos', 'Es un exelente colchón.', 1, '2020-08-10 20:37:04', '2020-08-10 20:37:04'),
(61, NULL, 10, 5, 'Jessica Castillo', 'El colchon es muy bueno.', 1, '2020-08-10 20:44:01', '2020-08-10 20:44:01'),
(62, NULL, 10, 5, 'Andres', 'Es un exelente colchón, me encanto.', 1, '2020-08-11 16:01:36', '2020-08-11 16:01:36'),
(63, NULL, 19, 5, 'Valentina Peña', 'Es un colchón intermedio me encanto', 1, '2020-08-11 16:09:01', '2020-08-11 16:09:01'),
(64, NULL, 19, 5, 'Teodoro', 'Exelente almacenes teran me encanto el colchón', 1, '2020-08-11 16:11:19', '2020-08-11 16:11:19'),
(65, NULL, 20, 5, 'Elizabeth Morales', 'Saludos desde Cayambe, gracias comercial teran', 1, '2020-08-11 16:17:33', '2020-08-11 16:17:33'),
(66, NULL, 20, 5, 'Diego Morillo', 'El colchón es muy bueno.', 1, '2020-08-11 16:19:21', '2020-08-11 16:19:21'),
(67, NULL, 7, 5, 'Catalina Duarte', 'Exelente colchón me llego a tiempo, lo recomiendo', 1, '2020-08-11 16:29:02', '2020-08-11 16:29:02'),
(68, NULL, 84, 5, 'Javier', 'Excelente trabajo quedó hermoso el dormitorio de mis hijas. Lo recomiendo', 1, '2020-08-14 19:09:44', '2020-08-14 19:09:44'),
(69, NULL, 84, 5, 'Jessica', 'Nos quedó hermoso!!!\r\nSuuuuper recomendado me entregaron en el tiempo acordado y con muy excelente terminados !!! 👏', 1, '2020-08-14 19:39:19', '2020-08-14 19:39:19'),
(70, NULL, 43, 5, 'Mauricio', 'Gracias COMERCIAL TERÁN me llegó impecable . Lo máximo la mejor atención', 1, '2020-08-17 22:16:41', '2020-08-17 22:16:41'),
(71, NULL, 43, 5, 'Roberto Gallardo', 'Simplemente espectacular .! Gracias por todo', 1, '2020-08-17 22:18:21', '2020-08-17 22:18:21'),
(72, NULL, 43, 5, 'Fredy Troya', 'Excelente reclinable , me llego a la fecha indicada y la atención de lujo', 1, '2020-08-29 02:13:58', '2020-08-29 02:13:58'),
(73, NULL, 43, 5, 'Javier Muentes', 'Estaba un poco desconfiado al principio ya que es mi primera compra con tarjeta desde la web, Pero ahora que me llego el reclinable me quedé enamorado de esta belleza.! \r\nEs igual a la imagen y la atención de la señorita fue de otro nivel. \r\nLos recomendaré.', 1, '2020-08-29 02:17:17', '2020-08-29 02:17:17'),
(74, NULL, 43, 5, 'Oscar Rosero', 'Excelente producto SORPRENDENTE el control de voz en los muebles  !!! Y la atención es única 100% recomendado', 1, '2020-08-30 02:07:13', '2020-08-30 02:07:13'),
(75, NULL, 43, 5, 'Mayra Velasquez', 'Me llego sin novedad y fácil de usar, Muy serios !', 1, '2020-08-30 02:10:32', '2020-08-30 02:10:32'),
(76, 13, 103, 5, 'Roger Jimenez', 'Que orgullo ver una empresa pionera en tecnología y combinando el confort que necesitamos en este hermoso pais .\r\nGracias COMERCIAL TERAN por el servicio', 1, '2020-09-22 01:09:42', '2020-09-22 01:09:42'),
(77, 13, 103, 5, 'Roberto Castillo', 'espectacular el servicio la cama . gracias', 1, '2020-09-22 01:10:39', '2020-09-22 01:10:39'),
(78, 13, 103, 5, 'Daniela Aguirre', 'simplemente espectacular, buen servicio calidad . super agradecida', 1, '2020-09-22 17:30:21', '2020-09-22 17:30:21'),
(79, 13, 103, 5, 'Carlos Muñoz', 'el ingenio de esta empresa es sorprendente.! \r\nmuy pocas empresas en Ecuador se atreven a innovar. FELICIDADES y gracias por todo', 1, '2020-09-22 17:31:57', '2020-09-22 17:31:57'),
(80, 13, 103, 5, 'Fernanda Ortega', 'me llego sin novedades a Cuenca , facil de instalar y asesoria personalizada', 1, '2020-09-22 17:33:02', '2020-09-22 17:33:02'),
(81, 13, 102, 5, 'Raul Medina', 'Tenía mis dudas que me llegue y sobre todo que sea tal cual la foto, pero lograron cumplir mis espectativas felicitaciones comercial teran por su buen servicio y seriedad', 1, '2020-09-22 17:34:45', '2020-09-22 17:34:45'),
(82, 13, 102, 5, 'Edison', 'soy apasionado por la tecnologia , espectacular buen trabajp comercial teran.', 1, '2020-09-22 17:35:46', '2020-09-22 17:35:46'),
(83, 13, 100, 5, 'Emily Sandoval', 'Hermosa me encanto la cama , super elegante .\r\ngracias por el servicio comercial teran', 1, '2020-09-22 17:44:49', '2020-09-22 17:44:49'),
(84, 13, 100, 5, 'Javier Prado', 'UNA BELLEZA Y LA ATENCION DE PRIMERA', 1, '2020-09-22 17:46:05', '2020-09-22 17:46:05'),
(85, 13, 100, 5, 'Sofy Peña', 'gracias comercial teran por el buen servicio y la calidad de mi cama', 1, '2020-09-22 17:46:59', '2020-09-22 17:46:59'),
(86, 13, 100, 5, 'Paola guzman', 'Excelente servicio de parte de mi asesor , tube un pequeño problema con la cama pero me solucionaron ese mismo día , eso me dio mas confianza para comprar mis otras cosas', 1, '2020-09-22 17:49:18', '2020-09-22 17:49:18'),
(87, 13, 100, 5, 'Elvia Torres', 'super excelente', 1, '2020-09-22 17:50:33', '2020-09-22 17:50:33'),
(88, NULL, 103, 5, 'David Moreta', 'Me encanto mi cama muchas gracias. Recomendado', 1, '2020-09-22 17:52:37', '2020-09-22 17:52:37'),
(89, 13, 100, 5, 'Sebas', 'muy amables y puntuales', 1, '2020-09-22 17:52:57', '2020-09-22 17:52:57'),
(90, 13, 96, 5, 'Patricia Gomez', 'espectacular esta cama , les recomiendo', 1, '2020-09-22 17:55:02', '2020-09-22 17:55:02'),
(91, 13, 96, 5, 'LUIS TOBAR', 'PUEDO PRENDER Y APAGAR LAS LAMPARAS POR MEDIO DE MI CELULAR QUE GENIAL', 1, '2020-09-22 17:58:20', '2020-09-22 17:58:20'),
(92, 13, 95, 5, 'JOSE LUIS', 'Quedó super bien para el cuarto de mis hijos, estan felices', 1, '2020-09-22 18:01:25', '2020-09-22 18:01:25'),
(93, NULL, 9, 5, 'Pablo Gómez', 'Excelente colchón, me encanto recomiendo 100% a Comercial Terán.', 1, '2020-09-22 20:56:06', '2020-09-22 20:56:06'),
(94, NULL, 8, 5, 'David Cabrera', 'Super bien, me encanto me llego puntual y en perfectas condiciones', 1, '2020-09-22 21:01:51', '2020-09-22 21:01:51'),
(95, NULL, 5, 5, 'Ana Rivera', 'Excelente colchón, me enamore de el colchón y para hacerlo mejor me llego a tiempo!', 1, '2020-09-22 21:13:24', '2020-09-22 21:13:24'),
(96, NULL, 4, 5, 'Isabel Castillo', 'Excelente colchón, es MUY recomendable Comercial Terán', 1, '2020-09-22 21:20:08', '2020-09-22 21:20:08'),
(97, NULL, 73, 5, 'Manuel Muñoz', 'Excelente Colchón', 1, '2020-09-22 21:48:01', '2020-09-22 21:48:01'),
(98, NULL, 1, 5, 'Laura Ponce', 'Saludos a Comercial Terán desde Cumbayá', 1, '2020-09-22 21:51:22', '2020-09-22 21:51:22'),
(99, NULL, 21, 5, 'Javier', 'Excelente calidad que te da Comercial Terán', 1, '2020-09-22 22:17:11', '2020-09-22 22:17:11'),
(100, NULL, 22, 5, 'Paula Mendoza', 'Gracias Comercial Terán por sus servicios', 1, '2020-09-22 22:18:49', '2020-09-22 22:18:49'),
(101, NULL, 31, 5, 'Daniel Soria', 'Yo desde el nombre me enamore de este colchón, gracias Comercial Terán por su tiempo en atendernos', 1, '2020-09-22 22:20:44', '2020-09-22 22:20:44'),
(102, NULL, 30, 5, 'María Duarte', 'El mejor colchón que e visto, me encanto', 1, '2020-09-22 22:30:19', '2020-09-22 22:30:19'),
(103, NULL, 72, 5, 'Emilio Suarez', 'Me llego el producto en excelentes condicione y al tiempo que era gracias a comercial Terán', 1, '2020-09-22 22:42:49', '2020-09-22 22:42:49'),
(104, NULL, 29, 5, 'Álvaro Peña', 'El colchón perfecto para mi gracias Comercial Terán', 1, '2020-09-22 22:53:18', '2020-09-22 22:53:18'),
(105, NULL, 103, 5, 'Luis Rea', 'perfección .! me queda solo agradecer por esta joya bendiiones', 1, '2020-09-23 18:33:44', '2020-09-23 18:33:44'),
(106, NULL, 28, 5, 'Sara Toalombo', 'El colchón mas confortable que he tenido', 1, '2020-09-23 21:23:33', '2020-09-23 21:23:33'),
(107, NULL, 32, 5, 'Patricio', 'Excelente calidad de colchón', 1, '2020-09-23 21:30:10', '2020-09-23 21:30:10'),
(108, NULL, 74, 5, 'Ángel', 'Saludos a comercial Terán, gracias por sus servicios', 1, '2020-09-23 21:40:48', '2020-09-23 21:40:48'),
(109, NULL, 71, 5, 'Fernando', 'Un colchón muy bueno', 1, '2020-09-23 21:43:36', '2020-09-23 21:43:36'),
(110, NULL, 70, 5, 'Cecilia', 'Es un sueño echo realidad', 1, '2020-09-23 21:47:52', '2020-09-23 21:47:52'),
(111, NULL, 21, 5, 'Gabriel', 'Un colchón perfecto', 1, '2020-09-23 21:50:15', '2020-09-23 21:50:15');

-- --------------------------------------------------------

--
-- Estructura de tabla para la tabla `roles`
--

CREATE TABLE `roles` (
  `id` int(10) UNSIGNED NOT NULL,
  `permissions` text COLLATE utf8mb4_unicode_ci DEFAULT NULL,
  `created_at` timestamp NULL DEFAULT NULL,
  `updated_at` timestamp NULL DEFAULT NULL
) ENGINE=InnoDB DEFAULT CHARSET=utf8mb4 COLLATE=utf8mb4_unicode_ci;

--
-- Volcado de datos para la tabla `roles`
--

INSERT INTO `roles` (`id`, `permissions`, `created_at`, `updated_at`) VALUES
(1, '{\"admin.attributes.index\":true,\"admin.attributes.create\":true,\"admin.attributes.edit\":true,\"admin.attributes.destroy\":true,\"admin.attribute_sets.index\":true,\"admin.attribute_sets.create\":true,\"admin.attribute_sets.edit\":true,\"admin.attribute_sets.destroy\":true,\"admin.categories.index\":true,\"admin.categories.create\":true,\"admin.categories.edit\":true,\"admin.categories.destroy\":true,\"admin.coupons.index\":true,\"admin.coupons.create\":true,\"admin.coupons.edit\":true,\"admin.coupons.destroy\":true,\"admin.currency_rates.index\":true,\"admin.currency_rates.edit\":true,\"admin.media.index\":true,\"admin.media.create\":true,\"admin.media.edit\":true,\"admin.media.destroy\":true,\"admin.menus.index\":true,\"admin.menus.create\":true,\"admin.menus.edit\":true,\"admin.menus.destroy\":true,\"admin.menu_items.index\":true,\"admin.menu_items.create\":true,\"admin.menu_items.edit\":true,\"admin.menu_items.destroy\":true,\"admin.options.index\":true,\"admin.options.create\":true,\"admin.options.edit\":true,\"admin.options.destroy\":true,\"admin.orders.index\":true,\"admin.orders.show\":true,\"admin.orders.edit\":true,\"admin.pages.index\":true,\"admin.pages.create\":true,\"admin.pages.edit\":true,\"admin.pages.destroy\":true,\"admin.products.index\":true,\"admin.products.create\":true,\"admin.products.edit\":true,\"admin.products.destroy\":true,\"admin.reports.index\":true,\"admin.reviews.index\":true,\"admin.reviews.edit\":true,\"admin.reviews.destroy\":true,\"admin.settings.edit\":true,\"admin.sliders.index\":true,\"admin.sliders.create\":true,\"admin.sliders.edit\":true,\"admin.sliders.destroy\":true,\"admin.taxes.index\":true,\"admin.taxes.create\":true,\"admin.taxes.edit\":true,\"admin.taxes.destroy\":true,\"admin.transactions.index\":true,\"admin.translations.index\":true,\"admin.translations.edit\":true,\"admin.users.index\":true,\"admin.users.create\":true,\"admin.users.edit\":true,\"admin.users.destroy\":true,\"admin.roles.index\":true,\"admin.roles.create\":true,\"admin.roles.edit\":true,\"admin.roles.destroy\":true,\"admin.storefront.edit\":true}', '2019-08-05 00:34:30', '2019-08-05 00:45:11'),
(2, '{\"admin.attributes.index\":true,\"admin.attributes.create\":true,\"admin.attributes.edit\":true,\"admin.attributes.destroy\":true,\"admin.attribute_sets.index\":true,\"admin.attribute_sets.create\":true,\"admin.attribute_sets.edit\":true,\"admin.attribute_sets.destroy\":true,\"admin.categories.index\":true,\"admin.categories.create\":true,\"admin.categories.edit\":true,\"admin.categories.destroy\":true,\"admin.coupons.index\":true,\"admin.coupons.create\":true,\"admin.coupons.edit\":true,\"admin.coupons.destroy\":true,\"admin.currency_rates.index\":true,\"admin.currency_rates.edit\":true,\"admin.media.index\":true,\"admin.media.create\":true,\"admin.media.edit\":true,\"admin.media.destroy\":true,\"admin.menus.index\":true,\"admin.menus.create\":true,\"admin.menus.edit\":true,\"admin.menus.destroy\":true,\"admin.menu_items.index\":true,\"admin.menu_items.create\":true,\"admin.menu_items.edit\":true,\"admin.menu_items.destroy\":true,\"admin.options.index\":true,\"admin.options.create\":true,\"admin.options.edit\":true,\"admin.options.destroy\":true,\"admin.orders.index\":true,\"admin.orders.show\":true,\"admin.orders.edit\":true,\"admin.pages.index\":true,\"admin.pages.create\":true,\"admin.pages.edit\":true,\"admin.pages.destroy\":true,\"admin.products.index\":true,\"admin.products.create\":true,\"admin.products.edit\":true,\"admin.products.destroy\":true,\"admin.reports.index\":true,\"admin.reviews.index\":true,\"admin.reviews.edit\":true,\"admin.reviews.destroy\":true,\"admin.settings.edit\":true,\"admin.sliders.index\":true,\"admin.sliders.create\":true,\"admin.sliders.edit\":true,\"admin.sliders.destroy\":true,\"admin.taxes.index\":true,\"admin.taxes.create\":true,\"admin.taxes.edit\":true,\"admin.taxes.destroy\":true,\"admin.transactions.index\":true,\"admin.translations.index\":true,\"admin.translations.edit\":true,\"admin.users.index\":true,\"admin.users.create\":true,\"admin.users.edit\":true,\"admin.users.destroy\":true,\"admin.roles.index\":true,\"admin.roles.create\":true,\"admin.roles.edit\":true,\"admin.roles.destroy\":true,\"admin.storefront.edit\":true}', '2019-08-05 00:34:30', '2019-08-05 00:46:45'),
(3, '{\"admin.categories.index\":true,\"admin.categories.create\":true,\"admin.categories.edit\":true,\"admin.categories.destroy\":true,\"admin.orders.index\":true,\"admin.orders.show\":true,\"admin.orders.edit\":true,\"admin.products.index\":true,\"admin.products.create\":false,\"admin.products.edit\":false,\"admin.products.destroy\":false,\"admin.reviews.index\":true,\"admin.reviews.edit\":true,\"admin.reviews.destroy\":true,\"admin.transactions.index\":true}', '2019-08-05 00:47:58', '2019-08-05 00:47:58');

-- --------------------------------------------------------

--
-- Estructura de tabla para la tabla `role_translations`
--

CREATE TABLE `role_translations` (
  `id` int(10) UNSIGNED NOT NULL,
  `role_id` int(10) UNSIGNED NOT NULL,
  `locale` varchar(191) COLLATE utf8mb4_unicode_ci NOT NULL,
  `name` varchar(191) COLLATE utf8mb4_unicode_ci NOT NULL
) ENGINE=InnoDB DEFAULT CHARSET=utf8mb4 COLLATE=utf8mb4_unicode_ci;

--
-- Volcado de datos para la tabla `role_translations`
--

INSERT INTO `role_translations` (`id`, `role_id`, `locale`, `name`) VALUES
(1, 1, 'es', 'Admin'),
(2, 2, 'es', 'Customer'),
(3, 1, 'en', 'Administrador'),
(4, 2, 'en', 'SuperAdmin'),
(5, 3, 'en', 'Ventas');

-- --------------------------------------------------------

--
-- Estructura de tabla para la tabla `search_terms`
--

CREATE TABLE `search_terms` (
  `id` int(10) UNSIGNED NOT NULL,
  `term` varchar(191) COLLATE utf8mb4_unicode_ci NOT NULL,
  `results` int(10) UNSIGNED NOT NULL,
  `hits` int(10) UNSIGNED NOT NULL DEFAULT 0,
  `created_at` timestamp NULL DEFAULT NULL,
  `updated_at` timestamp NULL DEFAULT NULL
) ENGINE=InnoDB DEFAULT CHARSET=utf8mb4 COLLATE=utf8mb4_unicode_ci;

--
-- Volcado de datos para la tabla `search_terms`
--

INSERT INTO `search_terms` (`id`, `term`, `results`, `hits`, `created_at`, `updated_at`) VALUES
(1, 'loremipsum0.12057237736929838', 0, 1, '2019-08-07 04:04:56', '2019-08-07 04:04:56'),
(2, 'FUCIDIN', 0, 4, '2019-08-07 04:14:21', '2019-08-16 06:28:34'),
(3, 'north face', 0, 4, '2019-08-07 04:18:54', '2019-08-16 06:27:30'),
(4, 'vans', 0, 4, '2019-08-07 04:19:07', '2019-08-16 06:27:31'),
(5, 'northface', 0, 4, '2019-08-07 04:20:29', '2019-08-16 06:28:02'),
(6, 'dickies', 0, 4, '2019-08-07 04:20:41', '2019-08-16 06:28:32'),
(7, 'timberland', 0, 3, '2019-08-16 06:27:04', '2019-08-16 06:28:41'),
(8, 'comedor', 0, 3, '2019-12-02 23:17:57', '2020-11-15 19:18:58'),
(9, 'tv', 0, 1, '2019-12-02 23:18:09', '2019-12-02 23:18:09'),
(10, 'ah', 0, 3, '2019-12-24 15:30:13', '2019-12-24 15:30:18'),
(11, 'anaquel', 0, 1, '2020-01-19 18:01:49', '2020-01-19 18:01:49'),
(12, 'mueble', 0, 1, '2020-01-19 18:01:55', '2020-01-19 18:01:55'),
(13, 'mueble de cosina', 0, 1, '2020-01-19 18:02:04', '2020-01-19 18:02:04'),
(14, 'mueble de cocina', 0, 4, '2020-01-19 18:02:08', '2020-01-19 18:02:19'),
(15, 'Muebles', 0, 9, '2020-02-07 15:46:37', '2020-08-18 04:32:24'),
(16, 'reclinables', 0, 4, '2020-02-20 22:33:13', '2020-11-17 03:40:19'),
(17, 'reclinable', 0, 6, '2020-02-20 22:33:33', '2020-11-17 03:40:29'),
(18, 'Refrigerador', 0, 4, '2020-03-04 23:15:22', '2020-05-03 18:11:24'),
(19, 'librero', 0, 1, '2020-03-05 14:57:07', '2020-03-05 14:57:07'),
(20, 'Camas', 0, 37, '2020-04-01 12:36:28', '2020-11-16 13:31:45'),
(21, 'sofa cama', 2, 11, '2020-04-03 14:58:42', '2020-11-05 05:11:11'),
(22, 'Escritorios', 0, 6, '2020-04-03 15:29:54', '2020-04-03 15:30:19'),
(23, 'cama smart', 2, 2, '2020-04-03 16:49:50', '2020-08-20 00:46:30'),
(24, 'Dormirorio', 0, 5, '2020-04-04 14:20:11', '2020-04-04 14:20:20'),
(25, 'Televisores', 0, 1, '2020-04-06 21:28:02', '2020-04-06 21:28:02'),
(26, 'Television', 0, 1, '2020-04-06 21:28:21', '2020-04-06 21:28:21'),
(27, 'sala smart', 0, 3, '2020-04-27 22:33:08', '2020-07-11 05:40:47'),
(28, 'zapateras', 0, 2, '2020-04-29 22:22:07', '2020-04-29 22:22:14'),
(29, 'Armarios', 0, 5, '2020-04-29 23:07:21', '2020-04-29 23:07:46'),
(30, 'Shineray xy 200', 0, 1, '2020-05-01 13:18:26', '2020-05-01 13:18:26'),
(31, 'premium lara', 2, 2, '2020-05-03 11:24:49', '2020-05-03 11:25:05'),
(32, 'Literas', 0, 9, '2020-05-27 21:48:01', '2020-05-27 21:48:48'),
(33, 'herramientas', 0, 1, '2020-05-30 10:45:00', '2020-05-30 10:45:00'),
(34, 'Chaide continental', 0, 3, '2020-06-01 18:19:08', '2020-06-01 18:19:33'),
(35, 'Moto axxor9', 0, 2, '2020-06-19 00:29:09', '2020-06-19 00:29:14'),
(36, 'KING MOON', 0, 8, '2020-06-29 03:33:53', '2020-06-29 03:34:23'),
(37, 'Rwsorpedic 2 plazas memori fiam', 0, 3, '2020-07-04 19:36:21', '2020-07-04 19:36:30'),
(38, 'Milano', 0, 1, '2020-07-06 00:48:39', '2020-07-06 00:48:39'),
(39, 'zafiro de 23cm', 4, 1, '2020-07-07 05:50:09', '2020-07-07 05:50:09'),
(40, 'cama base', 1, 1, '2020-07-07 05:53:26', '2020-07-07 05:53:26'),
(41, 'WHIRLPOOL', 0, 6, '2020-07-08 04:06:56', '2020-07-08 04:07:11'),
(42, 'Smart', 2, 3, '2020-07-08 06:01:57', '2020-08-09 18:57:54'),
(43, 'Fossil', 0, 1, '2020-07-08 06:02:15', '2020-07-08 06:02:15'),
(44, 'reclinabl', 1, 1, '2020-07-11 03:31:23', '2020-07-11 03:31:23'),
(45, 'promo', 0, 1, '2020-07-11 03:32:42', '2020-07-11 03:32:42'),
(46, 'combo', 0, 1, '2020-07-11 03:32:48', '2020-07-11 03:32:48'),
(47, 'Ollas', 0, 1, '2020-07-11 05:40:24', '2020-07-11 05:40:24'),
(48, 'Casa', 0, 1, '2020-07-14 03:08:48', '2020-07-14 03:08:48'),
(49, 'elite', 1, 1, '2020-07-15 22:08:56', '2020-07-15 22:08:56'),
(50, 'continental de lujo non flip', 4, 1, '2020-07-15 22:40:43', '2020-07-15 22:40:43'),
(51, 'Almohada', 6, 11, '2020-07-16 17:05:57', '2020-09-10 16:36:04'),
(52, 'axxo f51 200cc', 6, 1, '2020-07-16 19:55:27', '2020-07-16 19:55:27'),
(53, 'almo', 0, 1, '2020-07-16 23:49:39', '2020-07-16 23:49:39'),
(54, 'suave brisa', 1, 1, '2020-07-17 17:44:58', '2020-07-17 17:44:58'),
(55, 'milen', 0, 1, '2020-07-20 03:04:45', '2020-07-20 03:04:45'),
(56, 'sala', 6, 2, '2020-07-20 03:04:51', '2020-11-15 00:14:01'),
(57, 'gold', 1, 2, '2020-07-20 17:18:14', '2020-07-31 18:44:46'),
(58, 'interlude', 1, 2, '2020-07-20 17:52:51', '2020-07-31 19:10:36'),
(59, 'sonata', 1, 1, '2020-07-20 18:39:35', '2020-07-20 18:39:35'),
(60, 'alterna', 0, 1, '2020-07-20 19:01:00', '2020-07-20 19:01:00'),
(61, 'alternativa', 1, 8, '2020-07-20 19:01:08', '2020-08-10 20:19:51'),
(62, 'Motos', 0, 3, '2020-07-23 04:33:50', '2020-07-23 04:34:05'),
(63, 'Colchones', 0, 2, '2020-07-28 01:21:55', '2020-11-13 17:01:19'),
(64, 'continental', 4, 2, '2020-07-31 17:51:31', '2020-08-24 23:13:41'),
(65, 'restonic excellence', 10, 3, '2020-07-31 17:54:06', '2020-08-24 22:43:17'),
(66, 'escape', 1, 1, '2020-07-31 18:43:53', '2020-07-31 18:43:53'),
(67, 'grand', 1, 2, '2020-07-31 18:45:05', '2020-08-25 15:13:58'),
(68, 'palais', 1, 5, '2020-07-31 18:45:11', '2020-07-31 19:09:27'),
(69, 'restapedic', 1, 3, '2020-07-31 19:10:55', '2020-07-31 19:38:51'),
(70, 'Symphony', 0, 4, '2020-07-31 19:39:19', '2020-08-01 00:01:00'),
(71, 'Base', 3, 2, '2020-08-03 07:49:37', '2020-08-03 07:53:31'),
(72, 'cama litera', 1, 1, '2020-08-05 07:15:43', '2020-08-05 07:15:43'),
(73, 'AXXO', 6, 1, '2020-08-06 00:05:02', '2020-08-06 00:05:02'),
(74, 'Chaide', 1, 1, '2020-08-06 17:12:02', '2020-08-06 17:12:02'),
(75, 'almoha', 6, 2, '2020-08-10 00:53:47', '2020-08-10 00:53:52'),
(76, 'Escritorio', 0, 12, '2020-08-10 03:17:06', '2020-11-05 03:22:48'),
(77, 'Zafiro', 2, 3, '2020-08-10 20:17:55', '2020-08-11 15:52:35'),
(78, 'Imperial', 3, 2, '2020-08-10 20:40:47', '2020-08-11 16:11:43'),
(79, 'Bar', 0, 1, '2020-08-12 01:47:36', '2020-08-12 01:47:36'),
(80, 'Bares', 0, 1, '2020-08-12 01:47:48', '2020-08-12 01:47:48'),
(81, 'Velador', 0, 5, '2020-08-13 13:54:05', '2020-08-13 13:55:59'),
(82, 'Fast / 150cc', 1, 1, '2020-08-18 05:09:09', '2020-08-18 05:09:09'),
(83, 'almohada cervical memory foam chaide & chaide', 6, 3, '2020-08-18 07:44:23', '2020-08-18 07:44:36'),
(84, 'cama élite', 0, 5, '2020-08-20 00:46:52', '2020-09-25 15:57:01'),
(85, 'almohada zafiro chaide & chaide', 6, 7, '2020-08-20 16:13:17', '2020-08-23 19:16:44'),
(86, 'restonic escape', 10, 3, '2020-08-21 20:05:33', '2020-08-24 22:33:14'),
(87, 'Sofa', 0, 8, '2020-08-22 23:06:52', '2020-11-16 14:23:40'),
(88, 'almohada aurora chaide & chaide', 6, 14, '2020-08-23 04:12:43', '2020-08-23 05:15:51'),
(89, 'reclinable premier smart', 0, 25, '2020-08-23 04:38:52', '2020-11-06 20:27:36'),
(90, 'sofá cama ivana', 1, 4, '2020-08-23 05:26:34', '2020-08-23 05:46:02'),
(91, 'almohada rubí chaide & chaide', 6, 15, '2020-08-23 05:26:47', '2020-08-24 20:06:23'),
(92, 'Cama florencia', 0, 4, '2020-08-23 07:08:55', '2020-08-23 07:09:13'),
(93, 'Cama', 0, 22, '2020-08-23 07:09:30', '2020-11-15 14:52:50'),
(94, 'Electro', 0, 3, '2020-08-23 07:13:38', '2020-08-23 07:13:54'),
(95, 'Secadora', 0, 1, '2020-08-23 07:14:04', '2020-08-23 07:14:04'),
(96, 'RECLIABLE', 0, 1, '2020-08-24 21:14:16', '2020-08-24 21:14:16'),
(97, 'restonic elegance', 10, 2, '2020-08-24 21:40:56', '2020-08-24 21:52:00'),
(98, 'elegance', 1, 1, '2020-08-24 22:06:44', '2020-08-24 22:06:44'),
(99, 'restonic dreamer', 10, 1, '2020-08-24 22:12:00', '2020-08-24 22:12:00'),
(100, 'restonic grand palais', 10, 1, '2020-08-24 22:18:17', '2020-08-24 22:18:17'),
(101, 'COMBO ELITE', 1, 2, '2020-08-24 22:59:17', '2020-08-24 22:59:33'),
(102, 'Colchón 1 plaza', 0, 8, '2020-08-25 03:35:19', '2020-08-25 03:38:15'),
(103, 'care', 1, 1, '2020-08-26 16:09:20', '2020-08-26 16:09:20'),
(104, 'ESCRITORIS', 0, 1, '2020-08-31 16:51:28', '2020-08-31 16:51:28'),
(105, 'camas niños', 0, 1, '2020-08-31 20:57:59', '2020-08-31 20:57:59'),
(106, 'erica', 2, 1, '2020-09-02 15:51:27', '2020-09-02 15:51:27'),
(107, 'Colchon', 0, 2, '2020-09-05 16:28:18', '2020-09-05 16:28:20'),
(108, 'simmons erica luxury firm pillow top', 3, 1, '2020-09-08 02:40:19', '2020-09-08 02:40:19'),
(109, 'moto axxo rapto', 0, 1, '2020-09-11 03:11:29', '2020-09-11 03:11:29'),
(110, 'butaca', 1, 1, '2020-09-12 08:40:11', '2020-09-12 08:40:11'),
(111, 'Salas', 0, 6, '2020-09-20 02:05:05', '2020-11-05 05:12:30'),
(112, 'Veladores', 0, 1, '2020-09-23 13:23:48', '2020-09-23 13:23:48'),
(113, 'Edredones', 0, 4, '2020-09-25 13:13:27', '2020-09-29 14:44:15'),
(114, 'Juego de comedor', 0, 1, '2020-10-03 04:24:07', '2020-10-03 04:24:07'),
(115, 'Litera', 0, 3, '2020-10-06 03:08:05', '2020-11-16 21:29:31'),
(116, 'Dos plazas y media', 0, 5, '2020-10-06 20:29:57', '2020-10-06 20:30:31'),
(117, 'Caminafora electrica', 0, 2, '2020-10-07 23:50:09', '2020-10-07 23:52:36'),
(118, 'Caminadora electrica', 0, 1, '2020-10-07 23:53:11', '2020-10-07 23:53:11'),
(119, 'Sillon masajeador', 0, 3, '2020-10-14 19:34:03', '2020-10-14 19:34:22'),
(120, 'Colchon 2 plasas suave brisa antiacaros', 0, 13, '2020-10-16 11:38:25', '2020-10-16 11:40:03'),
(121, 'Colchon vhside y chside suave brisa', 0, 2, '2020-10-16 11:40:30', '2020-10-16 11:40:33'),
(122, 'base zafiro chaide & chaide', 3, 1, '2020-10-16 11:41:11', '2020-10-16 11:41:11'),
(123, 'Love', 0, 2, '2020-10-22 23:00:48', '2020-10-22 23:00:59'),
(124, 'silla oficina', 0, 1, '2020-10-24 23:06:42', '2020-10-24 23:06:42'),
(125, 'Almohada chaide', 6, 1, '2020-10-26 05:58:13', '2020-10-26 05:58:13'),
(126, 'Reclinanle', 0, 1, '2020-11-04 20:37:09', '2020-11-04 20:37:09'),
(127, 'sala premium cam.   (luces, control x celular)', 6, 2, '2020-11-05 05:11:34', '2020-11-05 05:12:03'),
(128, 'smart dream', 4, 1, '2020-11-06 14:06:05', '2020-11-06 14:06:05'),
(129, 'Mecedora', 0, 1, '2020-11-14 15:54:19', '2020-11-14 15:54:19'),
(130, 'Comoda', 0, 1, '2020-11-14 20:25:34', '2020-11-14 20:25:34'),
(131, 'Simmons', 3, 1, '2020-11-14 21:58:04', '2020-11-14 21:58:04'),
(132, 'saalas', 0, 1, '2020-11-15 17:46:38', '2020-11-15 17:46:38'),
(133, 'Armario', 4, 1, '2020-11-15 23:23:17', '2020-11-15 23:23:17'),
(134, 'Sillas', 0, 2, '2020-11-17 17:24:05', '2020-11-17 17:24:40');

-- --------------------------------------------------------

--
-- Estructura de tabla para la tabla `settings`
--

CREATE TABLE `settings` (
  `id` int(10) UNSIGNED NOT NULL,
  `key` varchar(191) COLLATE utf8mb4_unicode_ci NOT NULL,
  `is_translatable` tinyint(1) NOT NULL DEFAULT 0,
  `plain_value` text COLLATE utf8mb4_unicode_ci DEFAULT NULL,
  `created_at` timestamp NULL DEFAULT NULL,
  `updated_at` timestamp NULL DEFAULT NULL
) ENGINE=InnoDB DEFAULT CHARSET=utf8mb4 COLLATE=utf8mb4_unicode_ci;

--
-- Volcado de datos para la tabla `settings`
--

INSERT INTO `settings` (`id`, `key`, `is_translatable`, `plain_value`, `created_at`, `updated_at`) VALUES
(1, 'store_name', 1, NULL, '2019-08-05 00:34:30', '2019-08-05 00:34:30'),
(2, 'store_email', 0, 's:19:\"corpteran@gmail.com\";', '2019-08-05 00:34:30', '2020-01-22 12:08:47'),
(3, 'search_engine', 0, 's:5:\"mysql\";', '2019-08-05 00:34:30', '2019-08-05 00:34:30'),
(4, 'algolia_app_id', 0, 'N;', '2019-08-05 00:34:30', '2019-08-05 00:34:30'),
(5, 'algolia_secret', 0, 'N;', '2019-08-05 00:34:30', '2019-08-05 00:34:30'),
(6, 'active_theme', 0, 's:10:\"Storefront\";', '2019-08-05 00:34:30', '2019-08-05 00:34:30'),
(7, 'supported_countries', 0, 'a:1:{i:0;s:2:\"EC\";}', '2019-08-05 00:34:30', '2020-07-16 00:41:23'),
(8, 'default_country', 0, 's:2:\"EC\";', '2019-08-05 00:34:30', '2019-08-05 08:52:32'),
(9, 'supported_locales', 0, 'a:1:{i:0;s:2:\"es\";}', '2019-08-05 00:34:30', '2020-11-13 16:33:58'),
(10, 'default_locale', 0, 's:2:\"es\";', '2019-08-05 00:34:30', '2020-11-13 16:33:58'),
(11, 'default_timezone', 0, 's:17:\"America/Guayaquil\";', '2019-08-05 00:34:30', '2019-08-05 08:52:32'),
(12, 'customer_role', 0, 's:1:\"2\";', '2019-08-05 00:34:30', '2019-08-05 03:31:57'),
(13, 'reviews_enabled', 0, 's:1:\"1\";', '2019-08-05 00:34:30', '2019-08-05 03:31:57'),
(14, 'auto_approve_reviews', 0, 's:1:\"1\";', '2019-08-05 00:34:30', '2019-08-05 03:31:57'),
(15, 'supported_currencies', 0, 'a:1:{i:0;s:3:\"USD\";}', '2019-08-05 00:34:30', '2020-04-28 20:54:15'),
(16, 'default_currency', 0, 's:3:\"USD\";', '2019-08-05 00:34:30', '2019-08-05 00:34:30'),
(17, 'send_order_invoice_email', 0, 'b:0;', '2019-08-05 00:34:30', '2019-08-05 00:34:30'),
(18, 'local_pickup_cost', 0, 's:2:\"29\";', '2019-08-05 00:34:30', '2020-08-18 23:17:11'),
(19, 'flat_rate_cost', 0, 's:1:\"9\";', '2019-08-05 00:34:30', '2019-09-09 15:13:50'),
(20, 'free_shipping_label', 1, NULL, '2019-08-05 00:34:30', '2019-08-05 00:34:30'),
(21, 'local_pickup_label', 1, NULL, '2019-08-05 00:34:30', '2019-08-05 00:34:30'),
(22, 'flat_rate_label', 1, NULL, '2019-08-05 00:34:30', '2019-08-05 00:34:30'),
(23, 'paypal_express_label', 1, NULL, '2019-08-05 00:34:30', '2019-08-05 00:34:30'),
(24, 'paypal_express_description', 1, NULL, '2019-08-05 00:34:30', '2019-08-05 00:34:30'),
(25, 'stripe_label', 1, NULL, '2019-08-05 00:34:30', '2019-08-05 00:34:30'),
(26, 'stripe_description', 1, NULL, '2019-08-05 00:34:30', '2019-08-05 00:34:30'),
(27, 'instamojo_label', 1, NULL, '2019-08-05 00:34:30', '2019-08-05 00:34:30'),
(28, 'instamojo_description', 1, NULL, '2019-08-05 00:34:30', '2019-08-05 00:34:30'),
(29, 'cod_label', 1, NULL, '2019-08-05 00:34:30', '2019-08-05 00:34:30'),
(30, 'cod_description', 1, NULL, '2019-08-05 00:34:30', '2019-08-05 00:34:30'),
(31, 'bank_transfer_label', 1, NULL, '2019-08-05 00:34:30', '2019-08-05 00:34:30'),
(32, 'bank_transfer_description', 1, NULL, '2019-08-05 00:34:30', '2019-08-05 00:34:30'),
(33, 'check_payment_label', 1, NULL, '2019-08-05 00:34:30', '2019-08-05 00:34:30'),
(34, 'check_payment_description', 1, NULL, '2019-08-05 00:34:30', '2019-08-05 00:34:30'),
(35, 'storefront_copyright_text', 1, 's:92:\"Copyright © <a href=\"{{ store_url }}\">{{ store_name }}</a> {{ year }}. All rights reserved.\";', '2019-08-05 00:34:30', '2019-08-06 04:43:49'),
(36, 'storefront_feature_1_icon', 0, 's:11:\"fa fa-truck\";', '2019-08-05 00:34:30', '2019-08-05 00:34:30'),
(37, 'storefront_feature_1_title', 1, 's:13:\"Free Delivery\";', '2019-08-05 00:34:30', '2019-08-06 04:43:49'),
(38, 'storefront_feature_1_subtitle', 1, 's:15:\"Orders over $60\";', '2019-08-05 00:34:30', '2019-08-06 04:43:49'),
(39, 'storefront_feature_2_icon', 0, 's:18:\"fa fa-commenting-o\";', '2019-08-05 00:34:30', '2019-08-05 00:34:30'),
(40, 'storefront_feature_2_title', 1, 's:12:\"99% Customer\";', '2019-08-05 00:34:30', '2019-08-06 04:43:49'),
(41, 'storefront_feature_2_subtitle', 1, 's:9:\"Feedbacks\";', '2019-08-05 00:34:30', '2019-08-06 04:43:49'),
(42, 'storefront_feature_3_icon', 0, 's:17:\"fa fa-credit-card\";', '2019-08-05 00:34:30', '2019-08-05 00:34:30'),
(43, 'storefront_feature_3_title', 1, 's:7:\"Payment\";', '2019-08-05 00:34:30', '2019-08-06 04:43:49'),
(44, 'storefront_feature_3_subtitle', 1, 's:14:\"Secured system\";', '2019-08-05 00:34:30', '2019-08-06 04:43:49'),
(45, 'storefront_feature_4_icon', 0, 's:10:\"fa fa-lock\";', '2019-08-05 00:34:30', '2020-07-15 22:37:25'),
(46, 'storefront_feature_4_title', 1, 's:12:\"24/7 Support\";', '2019-08-05 00:34:30', '2019-08-06 04:43:49'),
(47, 'storefront_feature_4_subtitle', 1, 's:14:\"Helpline - 121\";', '2019-08-05 00:34:30', '2019-08-06 04:43:49'),
(48, 'storefront_recently_viewed_section_enabled', 0, 's:1:\"1\";', '2019-08-05 00:34:30', '2019-08-06 04:43:50'),
(49, 'storefront_recently_viewed_section_title', 1, 's:15:\"Recently Viewed\";', '2019-08-05 00:34:30', '2019-08-06 04:43:50'),
(50, 'storefront_recently_viewed_section_total_products', 0, 's:1:\"5\";', '2019-08-05 00:34:30', '2019-08-06 04:43:50'),
(51, 'welcome_email', 0, 's:1:\"1\";', '2019-08-05 03:31:57', '2019-08-05 08:52:32'),
(52, 'admin_order_email', 0, 's:1:\"1\";', '2019-08-05 03:31:57', '2019-08-05 08:52:32'),
(53, 'order_status_email', 0, 's:1:\"1\";', '2019-08-05 03:31:57', '2019-08-05 08:52:32'),
(54, 'invoice_email', 0, 's:1:\"1\";', '2019-08-05 03:31:57', '2019-08-05 08:52:32'),
(55, 'maintenance_mode', 0, 's:1:\"0\";', '2019-08-05 03:31:57', '2020-04-28 20:49:47'),
(56, 'allowed_ips', 0, 's:28:\"186.4.243.131\r\n181.199.53.66\";', '2019-08-05 03:31:57', '2019-09-19 05:29:23'),
(57, 'store_tagline', 1, NULL, '2019-08-05 03:31:57', '2019-08-05 03:31:57'),
(58, 'bank_transfer_instructions', 1, NULL, '2019-08-05 03:31:57', '2019-08-05 03:31:57'),
(59, 'check_payment_instructions', 1, NULL, '2019-08-05 03:31:57', '2019-08-05 03:31:57'),
(60, 'store_phone', 0, 's:36:\"0998125839 | 0995148908 | 02 2663491\";', '2019-08-05 03:31:57', '2020-04-28 20:57:08'),
(61, 'store_address_1', 0, 's:121:\"SUR DE QUITO (MATRIZ): sector la Forestal, Chinchipe S9-514 y el Triunfo edificio Corp.Terán, cerca del Estadio la BATEA\";', '2019-08-05 03:31:57', '2019-08-05 04:02:46'),
(62, 'store_address_2', 0, 's:19:\"xxxxx xxx xxxx xxxx\";', '2019-08-05 03:31:57', '2020-01-22 12:20:03'),
(63, 'store_city', 0, 's:5:\"Quito\";', '2019-08-05 03:31:57', '2019-08-05 03:55:09'),
(64, 'store_country', 0, 's:2:\"EC\";', '2019-08-05 03:31:57', '2019-08-05 03:55:09'),
(65, 'store_state', 0, 's:9:\"Pichincha\";', '2019-08-05 03:31:57', '2019-08-05 03:55:09'),
(66, 'store_zip', 0, 's:6:\"170604\";', '2019-08-05 03:31:57', '2019-08-05 03:55:09'),
(67, 'currency_rate_exchange_service', 0, 'N;', '2019-08-05 03:31:57', '2020-04-28 20:54:15'),
(68, 'fixer_access_key', 0, 's:6:\"311285\";', '2019-08-05 03:31:57', '2020-09-02 15:24:38'),
(69, 'forge_api_key', 0, 'N;', '2019-08-05 03:31:57', '2019-08-05 03:31:57'),
(70, 'currency_data_feed_api_key', 0, 'N;', '2019-08-05 03:31:57', '2019-08-05 03:31:57'),
(71, 'auto_refresh_currency_rates', 0, 's:1:\"0\";', '2019-08-05 03:31:57', '2020-04-28 20:54:15'),
(72, 'auto_refresh_currency_rate_frequency', 0, 's:5:\"daily\";', '2019-08-05 03:31:57', '2019-08-05 03:31:57'),
(73, 'mail_from_address', 0, 's:19:\"corpteran@gmail.com\";', '2019-08-05 03:31:57', '2020-08-18 22:47:53'),
(74, 'mail_from_name', 0, 's:15:\"Comercial Teran\";', '2019-08-05 03:31:57', '2019-08-20 05:50:57'),
(75, 'mail_host', 0, 's:14:\"smtp.gmail.com\";', '2019-08-05 03:31:57', '2019-08-20 05:50:57'),
(76, 'mail_port', 0, 's:3:\"587\";', '2019-08-05 03:31:57', '2019-08-20 05:50:57'),
(77, 'mail_username', 0, 's:19:\"corpteran@gmail.com\";', '2019-08-05 03:31:57', '2020-08-18 22:47:53'),
(78, 'mail_password', 0, 's:13:\"Corpteran2020\";', '2019-08-05 03:31:57', '2020-09-02 15:24:38'),
(79, 'mail_encryption', 0, 's:3:\"tls\";', '2019-08-05 03:31:57', '2019-08-20 05:50:57'),
(80, 'custom_header_assets', 0, 's:1749:\"<!-- Global site tag (gtag.js) - Google Analytics -->\r\n<script async src=\"https://www.googletagmanager.com/gtag/js?id=UA-148172436-1\"></script>\r\n<script>\r\n  window.dataLayer = window.dataLayer || [];\r\n  function gtag(){dataLayer.push(arguments);}\r\n  gtag(\'js\', new Date());\r\n\r\n  gtag(\'config\', \'UA-148172436-1\');\r\n</script>\r\n\r\n\r\n<!-- Facebook Pixel Code -->\r\n<script>\r\n  !function(f,b,e,v,n,t,s)\r\n  {if(f.fbq)return;n=f.fbq=function(){n.callMethod?\r\n  n.callMethod.apply(n,arguments):n.queue.push(arguments)};\r\n  if(!f._fbq)f._fbq=n;n.push=n;n.loaded=!0;n.version=\'2.0\';\r\n  n.queue=[];t=b.createElement(e);t.async=!0;\r\n  t.src=v;s=b.getElementsByTagName(e)[0];\r\n  s.parentNode.insertBefore(t,s)}(window, document,\'script\',\r\n  \'https://connect.facebook.net/en_US/fbevents.js\');\r\n  fbq(\'init\', \'595955744209684\');\r\n  fbq(\'track\', \'PageView\');\r\n</script>\r\n<noscript><img height=\"1\" width=\"1\" style=\"display:none\"\r\n  src=\"https://www.facebook.com/tr?id=595955744209684&ev=PageView&noscript=1\"\r\n/></noscript>\r\n<!-- End Facebook Pixel Code -->\r\n\r\n<!-- Facebook Pixel Code -->\r\n<script>\r\n  !function(f,b,e,v,n,t,s)\r\n  {if(f.fbq)return;n=f.fbq=function(){n.callMethod?\r\n  n.callMethod.apply(n,arguments):n.queue.push(arguments)};\r\n  if(!f._fbq)f._fbq=n;n.push=n;n.loaded=!0;n.version=\'2.0\';\r\n  n.queue=[];t=b.createElement(e);t.async=!0;\r\n  t.src=v;s=b.getElementsByTagName(e)[0];\r\n  s.parentNode.insertBefore(t,s)}(window, document,\'script\',\r\n  \'https://connect.facebook.net/en_US/fbevents.js\');\r\n  fbq(\'init\', \'595955744209684\');\r\n  fbq(\'track\', \'PageView\');\r\n</script>\r\n<noscript><img height=\"1\" width=\"1\" style=\"display:none\"\r\n  src=\"https://www.facebook.com/tr?id=595955744209684&ev=PageView&noscript=1\"\r\n/></noscript>\r\n<!-- End Facebook Pixel Code -->\";', '2019-08-05 03:31:57', '2020-11-09 17:38:17'),
(81, 'custom_footer_assets', 0, 'N;', '2019-08-05 03:31:57', '2019-11-16 03:41:53'),
(82, 'facebook_login_enabled', 0, 's:1:\"1\";', '2019-08-05 03:31:57', '2019-08-20 06:07:37'),
(83, 'facebook_login_app_id', 0, 's:15:\"385190142199514\";', '2019-08-05 03:31:57', '2019-08-20 06:09:24'),
(84, 'facebook_login_app_secret', 0, 's:32:\"9901a08e7534956a835ccc8aa5dab531\";', '2019-08-05 03:31:57', '2019-08-20 06:09:24'),
(85, 'google_login_enabled', 0, 's:1:\"0\";', '2019-08-05 03:31:57', '2019-08-05 03:31:57'),
(86, 'google_login_client_id', 0, 'N;', '2019-08-05 03:31:57', '2019-08-05 03:31:57'),
(87, 'google_login_client_secret', 0, 'N;', '2019-08-05 03:31:57', '2019-08-05 03:31:57'),
(88, 'free_shipping_enabled', 0, 's:1:\"1\";', '2019-08-05 03:31:57', '2019-08-05 03:56:28'),
(89, 'free_shipping_min_amount', 0, 's:2:\"50\";', '2019-08-05 03:31:57', '2020-09-09 17:07:40'),
(90, 'local_pickup_enabled', 0, 's:1:\"1\";', '2019-08-05 03:31:57', '2019-08-20 06:14:41'),
(91, 'flat_rate_enabled', 0, 's:1:\"1\";', '2019-08-05 03:31:57', '2019-09-09 15:13:50'),
(92, 'paypal_express_enabled', 0, 's:1:\"0\";', '2019-08-05 03:31:57', '2019-08-05 03:31:57'),
(93, 'paypal_express_test_mode', 0, 's:1:\"0\";', '2019-08-05 03:31:57', '2019-08-05 03:31:57'),
(94, 'paypal_express_username', 0, 'N;', '2019-08-05 03:31:57', '2019-08-05 03:31:57'),
(95, 'paypal_express_password', 0, 'N;', '2019-08-05 03:31:57', '2019-08-05 03:31:57'),
(96, 'paypal_express_signature', 0, 'N;', '2019-08-05 03:31:57', '2019-08-05 03:31:57'),
(97, 'stripe_enabled', 0, 's:1:\"0\";', '2019-08-05 03:31:57', '2019-08-05 03:31:57'),
(98, 'stripe_publishable_key', 0, 'N;', '2019-08-05 03:31:57', '2019-08-05 03:31:57'),
(99, 'stripe_secret_key', 0, 'N;', '2019-08-05 03:31:57', '2019-08-05 03:31:57'),
(100, 'instamojo_enabled', 0, 's:1:\"0\";', '2019-08-05 03:31:57', '2019-08-05 03:31:57'),
(101, 'instamojo_test_mode', 0, 's:1:\"0\";', '2019-08-05 03:31:57', '2019-08-05 03:31:57'),
(102, 'instamojo_api_key', 0, 'N;', '2019-08-05 03:31:57', '2019-08-05 03:31:57'),
(103, 'instamojo_auth_token', 0, 'N;', '2019-08-05 03:31:57', '2019-08-05 03:31:57'),
(104, 'cod_enabled', 0, 's:1:\"0\";', '2019-08-05 03:31:57', '2020-08-18 21:53:07'),
(105, 'bank_transfer_enabled', 0, 's:1:\"1\";', '2019-08-05 03:31:57', '2019-08-05 03:59:03'),
(106, 'check_payment_enabled', 0, 's:1:\"0\";', '2019-08-05 03:31:57', '2019-08-05 03:31:57'),
(107, 'storefront_theme', 0, 's:11:\"theme-black\";', '2019-08-06 04:43:49', '2019-09-04 02:40:02'),
(108, 'storefront_mail_theme', 0, 's:10:\"theme-blue\";', '2019-08-06 04:43:49', '2020-07-15 22:37:25'),
(109, 'storefront_layout', 0, 's:7:\"default\";', '2019-08-06 04:43:49', '2019-08-06 04:43:49'),
(110, 'storefront_slider', 0, 's:1:\"2\";', '2019-08-06 04:43:49', '2020-01-02 13:42:23'),
(111, 'storefront_terms_page', 0, 's:1:\"2\";', '2019-08-06 04:43:49', '2019-09-05 00:01:24'),
(112, 'storefront_privacy_page', 0, 's:1:\"3\";', '2019-08-06 04:43:49', '2019-09-05 00:01:25'),
(113, 'storefront_footer_address', 1, NULL, '2019-08-06 04:43:49', '2019-08-06 04:43:49'),
(114, 'storefront_category_menu_title', 1, NULL, '2019-08-06 04:43:49', '2019-08-06 04:43:49'),
(115, 'storefront_footer_menu_title', 1, NULL, '2019-08-06 04:43:49', '2019-08-06 04:43:49'),
(116, 'storefront_banner_section_1_banner_1_file_id', 1, NULL, '2019-08-06 04:43:49', '2019-08-06 04:43:49'),
(117, 'storefront_banner_section_1_banner_1_caption_1', 1, NULL, '2019-08-06 04:43:49', '2019-08-06 04:43:49'),
(118, 'storefront_banner_section_1_banner_1_caption_2', 1, NULL, '2019-08-06 04:43:49', '2019-08-06 04:43:49'),
(119, 'storefront_banner_section_1_banner_1_call_to_action_text', 1, NULL, '2019-08-06 04:43:49', '2019-08-06 04:43:49'),
(120, 'storefront_banner_section_1_banner_2_file_id', 1, NULL, '2019-08-06 04:43:49', '2019-08-06 04:43:49'),
(121, 'storefront_banner_section_1_banner_2_caption_1', 1, NULL, '2019-08-06 04:43:49', '2019-08-06 04:43:49'),
(122, 'storefront_banner_section_1_banner_2_caption_2', 1, NULL, '2019-08-06 04:43:49', '2019-08-06 04:43:49'),
(123, 'storefront_banner_section_1_banner_2_call_to_action_text', 1, NULL, '2019-08-06 04:43:49', '2019-08-06 04:43:49'),
(124, 'storefront_banner_section_1_banner_3_file_id', 1, NULL, '2019-08-06 04:43:49', '2019-08-06 04:43:49'),
(125, 'storefront_banner_section_1_banner_3_caption_1', 1, NULL, '2019-08-06 04:43:49', '2019-08-06 04:43:49'),
(126, 'storefront_banner_section_1_banner_3_caption_2', 1, NULL, '2019-08-06 04:43:49', '2019-08-06 04:43:49'),
(127, 'storefront_banner_section_1_banner_3_call_to_action_text', 1, NULL, '2019-08-06 04:43:49', '2019-08-06 04:43:49'),
(128, 'storefront_product_carousel_section_title', 1, NULL, '2019-08-06 04:43:49', '2019-08-06 04:43:49'),
(129, 'storefront_recent_products_section_title', 1, NULL, '2019-08-06 04:43:49', '2019-08-06 04:43:49'),
(130, 'storefront_banner_section_2_banner_file_id', 1, NULL, '2019-08-06 04:43:49', '2019-08-06 04:43:49'),
(131, 'storefront_banner_section_2_banner_caption_1', 1, NULL, '2019-08-06 04:43:49', '2019-08-06 04:43:49'),
(132, 'storefront_banner_section_2_banner_caption_2', 1, NULL, '2019-08-06 04:43:49', '2019-08-06 04:43:49'),
(133, 'storefront_banner_section_2_banner_call_to_action_text', 1, NULL, '2019-08-06 04:43:49', '2019-08-06 04:43:49'),
(134, 'storefront_three_column_vertical_product_carousel_section_column_1_title', 1, NULL, '2019-08-06 04:43:49', '2019-08-06 04:43:49'),
(135, 'storefront_three_column_vertical_product_carousel_section_column_2_title', 1, NULL, '2019-08-06 04:43:49', '2019-08-06 04:43:49'),
(136, 'storefront_three_column_vertical_product_carousel_section_column_3_title', 1, NULL, '2019-08-06 04:43:49', '2019-08-06 04:43:49'),
(137, 'storefront_landscape_products_section_title', 1, NULL, '2019-08-06 04:43:49', '2019-08-06 04:43:49'),
(138, 'storefront_banner_section_3_banner_1_file_id', 1, NULL, '2019-08-06 04:43:49', '2019-08-06 04:43:49'),
(139, 'storefront_banner_section_3_banner_1_caption_1', 1, NULL, '2019-08-06 04:43:49', '2019-08-06 04:43:49'),
(140, 'storefront_banner_section_3_banner_1_caption_2', 1, NULL, '2019-08-06 04:43:49', '2019-08-06 04:43:49'),
(141, 'storefront_banner_section_3_banner_1_call_to_action_text', 1, NULL, '2019-08-06 04:43:49', '2019-08-06 04:43:49'),
(142, 'storefront_banner_section_3_banner_2_file_id', 1, NULL, '2019-08-06 04:43:49', '2019-08-06 04:43:49'),
(143, 'storefront_banner_section_3_banner_2_caption_1', 1, NULL, '2019-08-06 04:43:49', '2019-08-06 04:43:49'),
(144, 'storefront_banner_section_3_banner_2_caption_2', 1, NULL, '2019-08-06 04:43:49', '2019-08-06 04:43:49'),
(145, 'storefront_banner_section_3_banner_2_call_to_action_text', 1, NULL, '2019-08-06 04:43:49', '2019-08-06 04:43:49'),
(146, 'storefront_product_tabs_section_title', 1, NULL, '2019-08-06 04:43:49', '2019-08-06 04:43:49'),
(147, 'storefront_product_tabs_section_tab_1_title', 1, NULL, '2019-08-06 04:43:49', '2019-08-06 04:43:49'),
(148, 'storefront_product_tabs_section_tab_2_title', 1, NULL, '2019-08-06 04:43:50', '2019-08-06 04:43:50'),
(149, 'storefront_product_tabs_section_tab_3_title', 1, NULL, '2019-08-06 04:43:50', '2019-08-06 04:43:50'),
(150, 'storefront_product_tabs_section_tab_4_title', 1, NULL, '2019-08-06 04:43:50', '2019-08-06 04:43:50'),
(151, 'storefront_two_column_product_carousel_section_column_1_title', 1, NULL, '2019-08-06 04:43:50', '2019-08-06 04:43:50'),
(152, 'storefront_two_column_product_carousel_section_column_2_title', 1, NULL, '2019-08-06 04:43:50', '2019-08-06 04:43:50'),
(153, 'storefront_primary_menu', 0, 's:1:\"2\";', '2019-08-06 04:43:50', '2020-01-02 13:38:13'),
(154, 'storefront_category_menu', 0, 's:1:\"1\";', '2019-08-06 04:43:50', '2020-01-20 16:41:30'),
(155, 'storefront_footer_menu', 0, 's:1:\"3\";', '2019-08-06 04:43:50', '2020-01-02 13:38:13'),
(156, 'storefront_fb_link', 0, 'N;', '2019-08-06 04:43:50', '2020-01-02 18:36:54'),
(157, 'storefront_twitter_link', 0, 'N;', '2019-08-06 04:43:50', '2020-01-02 18:36:54'),
(158, 'storefront_instagram_link', 0, 'N;', '2019-08-06 04:43:50', '2020-01-02 18:36:54'),
(159, 'storefront_linkedin_link', 0, 'N;', '2019-08-06 04:43:50', '2019-08-06 04:43:50'),
(160, 'storefront_pinterest_link', 0, 'N;', '2019-08-06 04:43:50', '2019-08-06 04:43:50'),
(161, 'storefront_google_plus_link', 0, 'N;', '2019-08-06 04:43:50', '2019-08-06 04:43:50'),
(162, 'storefront_youtube_link', 0, 'N;', '2019-08-06 04:43:50', '2020-01-02 18:36:54'),
(163, 'storefront_banner_section_1_enabled', 0, 's:1:\"0\";', '2019-08-06 04:43:50', '2019-08-06 04:43:50'),
(164, 'storefront_banner_section_1_banner_1_call_to_action_url', 0, 'N;', '2019-08-06 04:43:50', '2019-08-06 04:43:50'),
(165, 'storefront_banner_section_1_banner_1_open_in_new_window', 0, 's:1:\"0\";', '2019-08-06 04:43:50', '2019-08-06 04:43:50'),
(166, 'storefront_banner_section_1_banner_2_call_to_action_url', 0, 'N;', '2019-08-06 04:43:50', '2019-08-06 04:43:50'),
(167, 'storefront_banner_section_1_banner_2_open_in_new_window', 0, 's:1:\"0\";', '2019-08-06 04:43:50', '2019-08-06 04:43:50'),
(168, 'storefront_banner_section_1_banner_3_call_to_action_url', 0, 'N;', '2019-08-06 04:43:50', '2019-08-06 04:43:50'),
(169, 'storefront_banner_section_1_banner_3_open_in_new_window', 0, 's:1:\"0\";', '2019-08-06 04:43:50', '2019-08-06 04:43:50'),
(170, 'storefront_features_section_enabled', 0, 's:1:\"1\";', '2019-08-06 04:43:50', '2020-01-02 13:45:49'),
(171, 'storefront_product_carousel_section_enabled', 0, 's:1:\"1\";', '2019-08-06 04:43:50', '2020-01-02 13:45:49'),
(172, 'storefront_recent_products_section_enabled', 0, 's:1:\"1\";', '2019-08-06 04:43:50', '2020-01-02 13:45:49'),
(173, 'storefront_recent_products_section_total_products', 0, 'N;', '2019-08-06 04:43:50', '2019-08-06 04:43:50'),
(174, 'storefront_banner_section_2_enabled', 0, 's:1:\"0\";', '2019-08-06 04:43:50', '2019-08-06 04:43:50'),
(175, 'storefront_banner_section_2_banner_call_to_action_url', 0, 'N;', '2019-08-06 04:43:50', '2019-08-06 04:43:50'),
(176, 'storefront_banner_section_2_banner_open_in_new_window', 0, 's:1:\"0\";', '2019-08-06 04:43:50', '2019-08-06 04:43:50'),
(177, 'storefront_three_column_vertical_product_carousel_section_enabled', 0, 's:1:\"0\";', '2019-08-06 04:43:50', '2019-08-06 04:43:50'),
(178, 'storefront_landscape_products_section_enabled', 0, 's:1:\"0\";', '2019-08-06 04:43:50', '2019-08-06 04:43:50'),
(179, 'storefront_banner_section_3_enabled', 0, 's:1:\"0\";', '2019-08-06 04:43:50', '2019-08-06 04:43:50'),
(180, 'storefront_banner_section_3_banner_1_call_to_action_url', 0, 'N;', '2019-08-06 04:43:50', '2019-08-06 04:43:50'),
(181, 'storefront_banner_section_3_banner_1_open_in_new_window', 0, 's:1:\"0\";', '2019-08-06 04:43:50', '2019-08-06 04:43:50'),
(182, 'storefront_banner_section_3_banner_2_call_to_action_url', 0, 'N;', '2019-08-06 04:43:50', '2019-08-06 04:43:50'),
(183, 'storefront_banner_section_3_banner_2_open_in_new_window', 0, 's:1:\"0\";', '2019-08-06 04:43:50', '2019-08-06 04:43:50'),
(184, 'storefront_product_tabs_section_enabled', 0, 's:1:\"1\";', '2019-08-06 04:43:50', '2020-08-07 01:04:58'),
(185, 'storefront_two_column_product_carousel_section_enabled', 0, 's:1:\"0\";', '2019-08-06 04:43:50', '2019-08-06 04:43:50'),
(186, 'storefront_brand_section_enabled', 0, 's:1:\"1\";', '2019-08-06 04:43:50', '2020-01-14 17:08:41'),
(187, 'storefront_product_carousel_section_products', 0, 'a:5:{i:0;s:1:\"1\";i:1;s:2:\"27\";i:2;s:2:\"75\";i:3;s:2:\"78\";i:4;s:2:\"80\";}', '2019-08-06 04:43:50', '2020-08-14 18:38:03'),
(188, 'storefront_three_column_vertical_product_carousel_section_column_2_products', 0, 'N;', '2019-08-06 04:43:50', '2019-08-06 04:43:50'),
(189, 'storefront_landscape_products_section_products', 0, 'N;', '2019-08-06 04:43:50', '2019-08-06 04:43:50'),
(190, 'storefront_product_tabs_section_tab_1_products', 0, 'a:2:{i:0;s:2:\"41\";i:1;s:2:\"60\";}', '2019-08-06 04:43:50', '2020-08-14 18:38:04'),
(191, 'storefront_product_tabs_section_tab_2_products', 0, 'a:3:{i:0;s:2:\"27\";i:1;s:2:\"44\";i:2;s:2:\"46\";}', '2019-08-06 04:43:50', '2020-08-07 01:06:30'),
(192, 'storefront_product_tabs_section_tab_3_products', 0, 'a:5:{i:0;s:2:\"25\";i:1;s:2:\"26\";i:2;s:2:\"27\";i:3;s:2:\"60\";i:4;s:2:\"63\";}', '2019-08-06 04:43:50', '2020-08-07 01:06:30'),
(193, 'storefront_product_tabs_section_tab_4_products', 0, 'N;', '2019-08-06 04:43:50', '2019-08-06 04:43:50'),
(194, 'storefront_two_column_product_carousel_section_column_1_products', 0, 'N;', '2019-08-06 04:43:50', '2019-08-06 04:43:50'),
(195, 'storefront_two_column_product_carousel_section_column_2_products', 0, 'N;', '2019-08-06 04:43:50', '2019-08-06 04:43:50'),
(196, 'storefront_header_logo', 1, NULL, '2019-08-06 04:45:14', '2019-08-06 04:45:14'),
(197, 'storefront_footer_logo', 1, NULL, '2019-08-06 04:45:14', '2019-08-06 04:45:14'),
(198, 'storefront_mail_logo', 1, NULL, '2019-08-06 04:45:14', '2019-08-06 04:45:14'),
(199, 'storefront_favicon', 0, 's:1:\"5\";', '2019-09-04 02:39:32', '2019-09-04 02:39:32'),
(200, 'storefront_brands', 0, 'a:6:{i:0;s:3:\"253\";i:1;s:3:\"254\";i:2;s:3:\"255\";i:3;s:3:\"257\";i:4;s:3:\"258\";i:5;s:3:\"256\";}', '2020-01-14 17:06:45', '2020-08-14 18:47:53'),
(201, 'credit_card_label', 1, NULL, '2020-04-26 19:44:26', '2020-04-26 19:44:26'),
(202, 'credit_card_description', 1, NULL, '2020-04-26 19:44:26', '2020-04-26 19:44:26'),
(203, 'credit_card_enabled', 0, 's:1:\"1\";', '2020-04-26 19:44:27', '2020-04-26 19:44:27'),
(204, 'credit_card_test_mode', 0, 's:1:\"1\";', '2020-04-26 19:44:27', '2020-07-10 13:14:48'),
(205, 'credit_card_entity', 0, 's:32:\"8ac9a4ca732312df0173343f60b306fc\";', '2020-04-26 19:44:27', '2020-07-10 04:00:06'),
(206, 'credit_card_authorization', 0, 's:60:\"OGFjOWE0Y2E3MzIzMTJkZjAxNzMzNDNlZDY2YTA2ZjR8YjNyWmJrWUZmOQ==\";', '2020-04-26 19:44:27', '2020-07-10 04:00:06'),
(207, 'credit_card_mid', 0, 's:10:\"4200000253\";', '2020-04-30 22:43:00', '2020-07-10 04:00:06'),
(208, 'credit_card_tid', 0, 's:8:\"BP325125\";', '2020-04-30 22:43:00', '2020-07-10 04:00:06');

-- --------------------------------------------------------

--
-- Estructura de tabla para la tabla `setting_translations`
--

CREATE TABLE `setting_translations` (
  `id` int(10) UNSIGNED NOT NULL,
  `setting_id` int(10) UNSIGNED NOT NULL,
  `locale` varchar(191) COLLATE utf8mb4_unicode_ci NOT NULL,
  `value` text COLLATE utf8mb4_unicode_ci DEFAULT NULL
) ENGINE=InnoDB DEFAULT CHARSET=utf8mb4 COLLATE=utf8mb4_unicode_ci;

--
-- Volcado de datos para la tabla `setting_translations`
--

INSERT INTO `setting_translations` (`id`, `setting_id`, `locale`, `value`) VALUES
(1, 1, 'es', 's:16:\"Comercial Terán\";'),
(2, 20, 'es', 's:13:\"Free Shipping\";'),
(3, 21, 'es', 's:12:\"Local Pickup\";'),
(4, 22, 'es', 's:9:\"Flat Rate\";'),
(5, 23, 'es', 's:14:\"PayPal Express\";'),
(6, 24, 'es', 's:28:\"Pay via your PayPal account.\";'),
(7, 25, 'es', 's:6:\"Stripe\";'),
(8, 26, 'es', 's:29:\"Pay via credit or debit card.\";'),
(9, 27, 'es', 's:9:\"Instamojo\";'),
(10, 28, 'es', 's:16:\"CC/DB/NB/Wallets\";'),
(11, 29, 'es', 's:16:\"Cash On Delivery\";'),
(12, 30, 'es', 's:28:\"Pay with cash upon delivery.\";'),
(13, 31, 'es', 's:13:\"Bank Transfer\";'),
(14, 32, 'es', 's:100:\"Make your payment directly into our bank account. Please use your Order ID as the payment reference.\";'),
(15, 33, 'es', 's:19:\"Check / Money Order\";'),
(16, 34, 'es', 's:33:\"Please send a check to our store.\";'),
(17, 1, 'en', 's:16:\"Comercial Terán\";'),
(18, 57, 'en', 's:23:\"La Facilidad de Renovar\";'),
(19, 20, 'en', 's:12:\"Envio Gratis\";'),
(20, 21, 'en', 's:26:\"Envío Urgente a Provincia\";'),
(21, 22, 'en', 's:27:\"Envío Urgente Quito-Valles\";'),
(22, 23, 'en', 'N;'),
(23, 24, 'en', 'N;'),
(24, 25, 'en', 'N;'),
(25, 26, 'en', 'N;'),
(26, 27, 'en', 'N;'),
(27, 28, 'en', 'N;'),
(28, 29, 'en', 's:19:\"Pago contra entrega\";'),
(29, 30, 'en', 's:74:\"Ahora puedes pagar cuando recibas tu producto en la comodidad de tu hogar.\";'),
(30, 31, 'en', 's:22:\"Pago con Transferencia\";'),
(31, 32, 'en', 's:39:\"Puedes pagar con transferencia Bancaria\";'),
(32, 58, 'en', 's:84:\"Banco Pichincha 99999999999\r\nBanco Pacífico  99999999999\r\nBanco Guayaquil 999999999\";'),
(33, 33, 'en', 'N;'),
(34, 34, 'en', 'N;'),
(35, 59, 'en', 'N;'),
(36, 113, 'en', 's:72:\"La Forestal, Chinchipe S9-514 y el Triunfo edificio Corporación Terán.\";'),
(37, 35, 'en', 's:102:\"Copyright © <a href=\"{{ store_url }}\">{{ store_name }}</a> {{ year }}. Todos los derechos reservados.\";'),
(38, 114, 'en', 's:21:\"Todas las Categorías\";'),
(39, 115, 'en', 's:19:\"Nuestra Página Web\";'),
(40, 116, 'en', 'N;'),
(41, 117, 'en', 'N;'),
(42, 118, 'en', 'N;'),
(43, 119, 'en', 'N;'),
(44, 120, 'en', 'N;'),
(45, 121, 'en', 'N;'),
(46, 122, 'en', 'N;'),
(47, 123, 'en', 'N;'),
(48, 124, 'en', 'N;'),
(49, 125, 'en', 'N;'),
(50, 126, 'en', 'N;'),
(51, 127, 'en', 'N;'),
(52, 37, 'en', 's:13:\"Envío Gratis\";'),
(53, 38, 'en', 's:19:\"Órdenes sobre $200\";'),
(54, 40, 'en', 's:12:\"99% Clientes\";'),
(55, 41, 'en', 's:11:\"Satisfechos\";'),
(56, 43, 'en', 's:20:\"Tarjetas de Crédito\";'),
(57, 44, 'en', 's:14:\"Sistema seguro\";'),
(58, 46, 'en', 's:11:\"100% Segura\";'),
(59, 47, 'en', 's:15:\"Página oficial\";'),
(60, 128, 'en', 's:20:\"Productos Destacados\";'),
(61, 129, 'en', 's:19:\"Productos Recientes\";'),
(62, 130, 'en', 'N;'),
(63, 131, 'en', 'N;'),
(64, 132, 'en', 'N;'),
(65, 133, 'en', 'N;'),
(66, 134, 'en', 'N;'),
(67, 135, 'en', 'N;'),
(68, 136, 'en', 'N;'),
(69, 137, 'en', 'N;'),
(70, 138, 'en', 'N;'),
(71, 139, 'en', 'N;'),
(72, 140, 'en', 'N;'),
(73, 141, 'en', 'N;'),
(74, 142, 'en', 'N;'),
(75, 143, 'en', 'N;'),
(76, 144, 'en', 'N;'),
(77, 145, 'en', 'N;'),
(78, 146, 'en', 's:18:\"Nuestros productos\";'),
(79, 147, 'en', 's:5:\"Camas\";'),
(80, 148, 'en', 's:14:\"Juegos de Sala\";'),
(81, 149, 'en', 's:9:\"Colchones\";'),
(82, 150, 'en', 'N;'),
(83, 151, 'en', 'N;'),
(84, 152, 'en', 'N;'),
(85, 49, 'en', 's:19:\"Visto recientemente\";'),
(86, 196, 'en', 's:1:\"6\";'),
(87, 197, 'en', 's:1:\"6\";'),
(88, 198, 'en', 's:1:\"6\";'),
(89, 201, 'en', 's:28:\"Pagar con tarjeta de credito\";'),
(90, 202, 'en', 'N;'),
(91, 1, 'es_EC', 's:10:\"TeránShop\";'),
(92, 57, 'es_EC', 'N;'),
(93, 20, 'es_EC', 's:39:\"Envio Gratuito dentro de Quito y Valles\";'),
(94, 21, 'es_EC', 's:26:\"Envío Urgente a Provincia\";'),
(95, 22, 'es_EC', 's:27:\"Envío Urgente Quito-Valles\";'),
(96, 23, 'es_EC', 'N;'),
(97, 24, 'es_EC', 'N;'),
(98, 201, 'es_EC', 'N;'),
(99, 202, 'es_EC', 'N;'),
(100, 25, 'es_EC', 'N;'),
(101, 26, 'es_EC', 'N;'),
(102, 27, 'es_EC', 'N;'),
(103, 28, 'es_EC', 'N;'),
(104, 29, 'es_EC', 'N;'),
(105, 30, 'es_EC', 'N;'),
(106, 31, 'es_EC', 's:15:\"Banco Pichincha\";'),
(107, 32, 'es_EC', 's:49:\"Cuanta Corriente\r\n#2100125547\r\nRUC: 1792672929001\";'),
(108, 58, 'es_EC', 's:49:\"Realiza tu pago y envía tu comprobante del mismo\";'),
(109, 33, 'es_EC', 'N;'),
(110, 34, 'es_EC', 'N;'),
(111, 59, 'es_EC', 'N;');

-- --------------------------------------------------------

--
-- Estructura de tabla para la tabla `sliders`
--

CREATE TABLE `sliders` (
  `id` int(10) UNSIGNED NOT NULL,
  `autoplay` tinyint(1) DEFAULT NULL,
  `autoplay_speed` int(11) DEFAULT NULL,
  `arrows` tinyint(1) DEFAULT NULL,
  `dots` tinyint(1) DEFAULT NULL,
  `created_at` timestamp NULL DEFAULT NULL,
  `updated_at` timestamp NULL DEFAULT NULL
) ENGINE=InnoDB DEFAULT CHARSET=utf8mb4 COLLATE=utf8mb4_unicode_ci;

--
-- Volcado de datos para la tabla `sliders`
--

INSERT INTO `sliders` (`id`, `autoplay`, `autoplay_speed`, `arrows`, `dots`, `created_at`, `updated_at`) VALUES
(1, 1, 3000, 1, NULL, '2019-09-05 00:00:35', '2019-09-05 00:00:35'),
(2, 1, 20000, 1, NULL, '2019-09-09 02:16:12', '2020-11-11 19:03:43');

-- --------------------------------------------------------

--
-- Estructura de tabla para la tabla `slider_slides`
--

CREATE TABLE `slider_slides` (
  `id` int(10) UNSIGNED NOT NULL,
  `slider_id` int(10) UNSIGNED NOT NULL,
  `options` text COLLATE utf8mb4_unicode_ci DEFAULT NULL,
  `call_to_action_url` varchar(191) COLLATE utf8mb4_unicode_ci DEFAULT NULL,
  `open_in_new_window` tinyint(1) DEFAULT NULL,
  `position` int(11) DEFAULT NULL,
  `created_at` timestamp NULL DEFAULT NULL,
  `updated_at` timestamp NULL DEFAULT NULL
) ENGINE=InnoDB DEFAULT CHARSET=utf8mb4 COLLATE=utf8mb4_unicode_ci;

--
-- Volcado de datos para la tabla `slider_slides`
--

INSERT INTO `slider_slides` (`id`, `slider_id`, `options`, `call_to_action_url`, `open_in_new_window`, `position`, `created_at`, `updated_at`) VALUES
(1, 1, '{\"caption_1\":{\"delay\":null,\"effect\":\"fadeInUp\"},\"caption_2\":{\"delay\":null,\"effect\":\"fadeInUp\"},\"caption_3\":{\"delay\":null,\"effect\":\"fadeInUp\"},\"call_to_action\":{\"delay\":null,\"effect\":\"fadeInUp\"}}', NULL, 1, 0, '2019-09-05 00:00:35', '2019-09-05 00:00:35'),
(2, 1, '{\"caption_1\":{\"delay\":null,\"effect\":\"fadeInUp\"},\"caption_2\":{\"delay\":null,\"effect\":\"fadeInUp\"},\"caption_3\":{\"delay\":null,\"effect\":\"fadeInUp\"},\"call_to_action\":{\"delay\":null,\"effect\":\"fadeInUp\"}}', NULL, 1, 1, '2019-09-05 00:00:35', '2019-09-05 00:00:35'),
(3, 1, '{\"caption_1\":{\"delay\":null,\"effect\":\"fadeInUp\"},\"caption_2\":{\"delay\":null,\"effect\":\"fadeInUp\"},\"caption_3\":{\"delay\":null,\"effect\":\"fadeInUp\"},\"call_to_action\":{\"delay\":null,\"effect\":\"fadeInUp\"}}', NULL, 1, 2, '2019-09-05 00:00:35', '2019-09-05 00:00:35'),
(4, 1, '{\"caption_1\":{\"delay\":null,\"effect\":\"fadeInUp\"},\"caption_2\":{\"delay\":null,\"effect\":\"fadeInUp\"},\"caption_3\":{\"delay\":null,\"effect\":\"fadeInUp\"},\"call_to_action\":{\"delay\":null,\"effect\":\"fadeInUp\"}}', NULL, 1, 3, '2019-09-05 00:00:35', '2019-09-05 00:00:35'),
(5, 1, '{\"caption_1\":{\"delay\":null,\"effect\":\"fadeInUp\"},\"caption_2\":{\"delay\":null,\"effect\":\"fadeInUp\"},\"caption_3\":{\"delay\":null,\"effect\":\"fadeInUp\"},\"call_to_action\":{\"delay\":null,\"effect\":\"fadeInUp\"}}', NULL, 1, 4, '2019-09-05 00:00:35', '2019-09-05 00:00:35'),
(6, 2, '{\"caption_1\":{\"delay\":null,\"effect\":\"fadeInUp\"},\"caption_2\":{\"delay\":null,\"effect\":\"fadeInUp\"},\"caption_3\":{\"delay\":null,\"effect\":\"fadeInUp\"},\"call_to_action\":{\"delay\":null,\"effect\":\"fadeInUp\"}}', 'http://comercialteran.com/products?category=%2Fproducts%3Fcategory%3Dcolchones%26sort%3Dlatest%26page%3D1&sort=latest&page=1', 0, 3, '2019-09-09 02:16:12', '2020-11-11 18:30:07'),
(7, 2, '{\"caption_1\":{\"delay\":null,\"effect\":\"fadeInUp\"},\"caption_2\":{\"delay\":null,\"effect\":\"fadeInUp\"},\"caption_3\":{\"delay\":null,\"effect\":\"fadeInUp\"},\"call_to_action\":{\"delay\":null,\"effect\":\"fadeInUp\"}}', NULL, 0, 4, '2019-09-09 02:24:20', '2020-11-11 18:30:07'),
(8, 2, '{\"caption_1\":{\"delay\":null,\"effect\":\"fadeInUp\"},\"caption_2\":{\"delay\":null,\"effect\":\"fadeInUp\"},\"caption_3\":{\"delay\":null,\"effect\":\"fadeInUp\"},\"call_to_action\":{\"delay\":null,\"effect\":\"fadeInUp\"}}', 'https://comercialteran.com/public/products/reclinable-smart', 0, 1, '2019-09-09 04:55:25', '2020-11-11 18:30:07'),
(9, 2, '{\"caption_1\":{\"delay\":null,\"effect\":\"fadeInUp\"},\"caption_2\":{\"delay\":null,\"effect\":\"fadeInUp\"},\"caption_3\":{\"delay\":null,\"effect\":\"fadeInUp\"},\"call_to_action\":{\"delay\":null,\"effect\":\"fadeInUp\"}}', 'http://comercialteran.com/products?category=motocicletas&sort=latest&page=1', 0, 5, '2019-09-09 04:55:25', '2020-11-11 18:30:07'),
(10, 2, '{\"caption_1\":{\"delay\":null,\"effect\":\"fadeInUp\"},\"caption_2\":{\"delay\":null,\"effect\":\"fadeInUp\"},\"caption_3\":{\"delay\":null,\"effect\":\"fadeInUp\"},\"call_to_action\":{\"delay\":null,\"effect\":\"fadeInUp\"}}', 'http://167.172.221.119/products?category=juegos-de-sala', 0, 2, '2020-01-22 11:37:25', '2020-11-11 18:30:07'),
(11, 2, '{\"caption_1\":{\"delay\":null,\"effect\":\"fadeInUp\"},\"caption_2\":{\"delay\":null,\"effect\":\"fadeInUp\"},\"caption_3\":{\"delay\":null,\"effect\":\"fadeInUp\"},\"call_to_action\":{\"delay\":null,\"effect\":\"fadeInUp\"}}', 'https://comercialteran.com/public/products?category=black-friday&sort=latest&page=1', 0, 0, '2020-11-11 18:30:07', '2020-11-11 19:04:27');

-- --------------------------------------------------------

--
-- Estructura de tabla para la tabla `slider_slide_translations`
--

CREATE TABLE `slider_slide_translations` (
  `id` int(10) UNSIGNED NOT NULL,
  `slider_slide_id` int(10) UNSIGNED NOT NULL,
  `locale` varchar(191) COLLATE utf8mb4_unicode_ci NOT NULL,
  `file_id` int(10) UNSIGNED DEFAULT NULL,
  `caption_1` varchar(191) COLLATE utf8mb4_unicode_ci DEFAULT NULL,
  `caption_2` varchar(191) COLLATE utf8mb4_unicode_ci DEFAULT NULL,
  `caption_3` varchar(191) COLLATE utf8mb4_unicode_ci DEFAULT NULL,
  `call_to_action_text` varchar(191) COLLATE utf8mb4_unicode_ci DEFAULT NULL,
  `color` varchar(190) COLLATE utf8mb4_unicode_ci DEFAULT NULL
) ENGINE=InnoDB DEFAULT CHARSET=utf8mb4 COLLATE=utf8mb4_unicode_ci;

--
-- Volcado de datos para la tabla `slider_slide_translations`
--

INSERT INTO `slider_slide_translations` (`id`, `slider_slide_id`, `locale`, `file_id`, `caption_1`, `caption_2`, `caption_3`, `call_to_action_text`, `color`) VALUES
(1, 1, 'en', 9, 'Modelos', 'Innovados', 'Muebles para Dormitorio', '¡Comprar Ahora!', '#00ff00'),
(2, 2, 'en', 10, 'Sueña con', 'CHAIDE', 'Desde 1, 2 y 3 plazas', '¡Comprar Ahora!', '#000000'),
(3, 3, 'en', 11, 'Aprovecha nuestros muebles de', 'COMEDOR', 'Promoción por tiempo limitado', '¡Comprar Ahora!', '#000000'),
(4, 4, 'en', 12, 'Lo mejor en', 'ELECTRODOMÉSTICOS', 'Promoción por tiempo limitado', '¡Comprar Ahora!', '#000000'),
(5, 5, 'en', 13, 'Elije la velocidad', 'MOTOS', 'Promoción por tiempo limitado', '¡Comprar Ahora!', '#800000'),
(6, 6, 'en', 86, 'Prestigio & Confort', 'Colchones', 'Chaide & Chaide | Simmons | Resorpedic', 'Consultar Tienda', '#fffdfd'),
(7, 7, 'en', 90, 'Tiempo de Renovar', 'Electrodomésticos', 'aprovecha de las mejores marcas', 'Consultar Tienda', '#fdfbff'),
(8, 8, 'en', 87, 'Reclinable Smart', 'DESCANSO TOTAL', 'Elegante  |  Calefacción   |   Masajes  |   Inteligente', 'Consultar Tienda', '#ffffff'),
(9, 9, 'en', 89, 'DESCUBRE TU CAMINO', 'Motocicletas', 'Llega donde siempre deseaste', 'Consultar Tienda', '#000000'),
(10, 10, 'en', 137, 'Calidad | Precio | Garantía', 'Muebles', 'Compra y difiere a 12 meses‎', 'Consultar Tienda', '#ffffff'),
(11, 11, 'en', 357, '.', '.', '.', 'Compra AHORA!', '#000000');

-- --------------------------------------------------------

--
-- Estructura de tabla para la tabla `slider_translations`
--

CREATE TABLE `slider_translations` (
  `id` int(10) UNSIGNED NOT NULL,
  `slider_id` int(10) UNSIGNED NOT NULL,
  `locale` varchar(191) COLLATE utf8mb4_unicode_ci NOT NULL,
  `name` varchar(191) COLLATE utf8mb4_unicode_ci NOT NULL
) ENGINE=InnoDB DEFAULT CHARSET=utf8mb4 COLLATE=utf8mb4_unicode_ci;

--
-- Volcado de datos para la tabla `slider_translations`
--

INSERT INTO `slider_translations` (`id`, `slider_id`, `locale`, `name`) VALUES
(1, 1, 'en', 'Publicación Inicial Sliders'),
(2, 2, 'en', 'Lanzamiento');

-- --------------------------------------------------------

--
-- Estructura de tabla para la tabla `tax_classes`
--

CREATE TABLE `tax_classes` (
  `id` int(10) UNSIGNED NOT NULL,
  `based_on` varchar(191) COLLATE utf8mb4_unicode_ci NOT NULL,
  `deleted_at` timestamp NULL DEFAULT NULL,
  `created_at` timestamp NULL DEFAULT NULL,
  `updated_at` timestamp NULL DEFAULT NULL
) ENGINE=InnoDB DEFAULT CHARSET=utf8mb4 COLLATE=utf8mb4_unicode_ci;

--
-- Volcado de datos para la tabla `tax_classes`
--

INSERT INTO `tax_classes` (`id`, `based_on`, `deleted_at`, `created_at`, `updated_at`) VALUES
(1, 'billing_address', NULL, '2020-01-02 13:51:44', '2020-08-20 14:51:16'),
(3, 'billing_address', '2020-08-23 05:12:32', '2020-08-23 04:12:04', '2020-08-23 05:12:32');

-- --------------------------------------------------------

--
-- Estructura de tabla para la tabla `tax_class_translations`
--

CREATE TABLE `tax_class_translations` (
  `id` int(10) UNSIGNED NOT NULL,
  `tax_class_id` int(10) UNSIGNED NOT NULL,
  `locale` varchar(191) COLLATE utf8mb4_unicode_ci NOT NULL,
  `label` varchar(191) COLLATE utf8mb4_unicode_ci NOT NULL
) ENGINE=InnoDB DEFAULT CHARSET=utf8mb4 COLLATE=utf8mb4_unicode_ci;

--
-- Volcado de datos para la tabla `tax_class_translations`
--

INSERT INTO `tax_class_translations` (`id`, `tax_class_id`, `locale`, `label`) VALUES
(1, 1, 'en', 'Iva 12 %'),
(3, 3, 'en', 'Iva 0 %');

-- --------------------------------------------------------

--
-- Estructura de tabla para la tabla `tax_rates`
--

CREATE TABLE `tax_rates` (
  `id` int(10) UNSIGNED NOT NULL,
  `tax_class_id` int(10) UNSIGNED NOT NULL,
  `country` varchar(191) COLLATE utf8mb4_unicode_ci NOT NULL,
  `state` varchar(191) COLLATE utf8mb4_unicode_ci NOT NULL,
  `city` varchar(191) COLLATE utf8mb4_unicode_ci NOT NULL,
  `zip` varchar(191) COLLATE utf8mb4_unicode_ci NOT NULL,
  `rate` decimal(8,4) UNSIGNED NOT NULL,
  `position` int(10) UNSIGNED NOT NULL,
  `deleted_at` timestamp NULL DEFAULT NULL,
  `created_at` timestamp NULL DEFAULT NULL,
  `updated_at` timestamp NULL DEFAULT NULL
) ENGINE=InnoDB DEFAULT CHARSET=utf8mb4 COLLATE=utf8mb4_unicode_ci;

--
-- Volcado de datos para la tabla `tax_rates`
--

INSERT INTO `tax_rates` (`id`, `tax_class_id`, `country`, `state`, `city`, `zip`, `rate`, `position`, `deleted_at`, `created_at`, `updated_at`) VALUES
(1, 1, 'EC', '*', '*', '*', 12.0000, 0, NULL, '2020-01-02 13:51:44', '2020-01-02 13:51:44'),
(6, 3, 'EC', '*', '*', '*', 10.0000, 0, NULL, '2020-08-23 04:12:04', '2020-08-23 05:09:45');

-- --------------------------------------------------------

--
-- Estructura de tabla para la tabla `tax_rate_translations`
--

CREATE TABLE `tax_rate_translations` (
  `id` int(10) UNSIGNED NOT NULL,
  `tax_rate_id` int(10) UNSIGNED NOT NULL,
  `locale` varchar(191) COLLATE utf8mb4_unicode_ci NOT NULL,
  `name` varchar(191) COLLATE utf8mb4_unicode_ci NOT NULL
) ENGINE=InnoDB DEFAULT CHARSET=utf8mb4 COLLATE=utf8mb4_unicode_ci;

--
-- Volcado de datos para la tabla `tax_rate_translations`
--

INSERT INTO `tax_rate_translations` (`id`, `tax_rate_id`, `locale`, `name`) VALUES
(1, 1, 'en', '12 % IVA'),
(6, 6, 'en', 'Base 0 % IVA');

-- --------------------------------------------------------

--
-- Estructura de tabla para la tabla `throttle`
--

CREATE TABLE `throttle` (
  `id` int(10) UNSIGNED NOT NULL,
  `user_id` int(10) UNSIGNED DEFAULT NULL,
  `type` varchar(191) COLLATE utf8mb4_unicode_ci NOT NULL,
  `ip` varchar(191) COLLATE utf8mb4_unicode_ci DEFAULT NULL,
  `created_at` timestamp NULL DEFAULT NULL,
  `updated_at` timestamp NULL DEFAULT NULL
) ENGINE=InnoDB DEFAULT CHARSET=utf8mb4 COLLATE=utf8mb4_unicode_ci;

--
-- Volcado de datos para la tabla `throttle`
--

INSERT INTO `throttle` (`id`, `user_id`, `type`, `ip`, `created_at`, `updated_at`) VALUES
(1, NULL, 'global', NULL, '2019-08-05 00:35:09', '2019-08-05 00:35:09'),
(2, NULL, 'ip', '181.199.53.66', '2019-08-05 00:35:09', '2019-08-05 00:35:09'),
(3, 1, 'user', NULL, '2019-08-05 00:35:09', '2019-08-05 00:35:09'),
(4, NULL, 'global', NULL, '2019-09-03 15:44:42', '2019-09-03 15:44:42'),
(5, NULL, 'ip', '181.199.53.66', '2019-09-03 15:44:42', '2019-09-03 15:44:42'),
(6, NULL, 'global', NULL, '2019-09-05 21:38:01', '2019-09-05 21:38:01'),
(7, NULL, 'ip', '181.199.53.66', '2019-09-05 21:38:01', '2019-09-05 21:38:01'),
(8, 1, 'user', NULL, '2019-09-05 21:38:01', '2019-09-05 21:38:01'),
(9, NULL, 'global', NULL, '2019-09-05 21:38:25', '2019-09-05 21:38:25'),
(10, NULL, 'ip', '181.199.53.66', '2019-09-05 21:38:25', '2019-09-05 21:38:25'),
(11, 1, 'user', NULL, '2019-09-05 21:38:25', '2019-09-05 21:38:25'),
(12, NULL, 'global', NULL, '2019-09-09 15:24:35', '2019-09-09 15:24:35'),
(13, NULL, 'ip', '186.4.243.131', '2019-09-09 15:24:35', '2019-09-09 15:24:35'),
(15, NULL, 'global', NULL, '2019-09-13 18:47:53', '2019-09-13 18:47:53'),
(16, NULL, 'ip', '181.199.53.66', '2019-09-13 18:47:53', '2019-09-13 18:47:53'),
(17, NULL, 'global', NULL, '2019-09-13 18:48:00', '2019-09-13 18:48:00'),
(18, NULL, 'ip', '181.199.53.66', '2019-09-13 18:48:00', '2019-09-13 18:48:00'),
(19, NULL, 'global', NULL, '2019-09-13 18:48:22', '2019-09-13 18:48:22'),
(20, NULL, 'ip', '181.199.53.66', '2019-09-13 18:48:22', '2019-09-13 18:48:22'),
(21, NULL, 'global', NULL, '2019-09-13 18:48:40', '2019-09-13 18:48:40'),
(22, NULL, 'ip', '181.199.53.66', '2019-09-13 18:48:40', '2019-09-13 18:48:40'),
(23, NULL, 'global', NULL, '2019-12-05 10:04:16', '2019-12-05 10:04:16'),
(24, NULL, 'ip', '185.136.159.26', '2019-12-05 10:04:16', '2019-12-05 10:04:16'),
(25, NULL, 'global', NULL, '2019-12-05 10:04:17', '2019-12-05 10:04:17'),
(26, NULL, 'ip', '185.136.159.26', '2019-12-05 10:04:17', '2019-12-05 10:04:17'),
(27, NULL, 'global', NULL, '2020-02-05 15:10:10', '2020-02-05 15:10:10'),
(28, NULL, 'ip', '190.111.82.139', '2020-02-05 15:10:10', '2020-02-05 15:10:10'),
(30, NULL, 'global', NULL, '2020-04-28 08:42:30', '2020-04-28 08:42:30'),
(31, NULL, 'ip', '201.209.30.39', '2020-04-28 08:42:30', '2020-04-28 08:42:30'),
(32, 1, 'user', NULL, '2020-04-28 08:42:30', '2020-04-28 08:42:30'),
(33, NULL, 'global', NULL, '2020-07-17 13:22:04', '2020-07-17 13:22:04'),
(34, NULL, 'ip', '190.111.82.234', '2020-07-17 13:22:04', '2020-07-17 13:22:04'),
(35, NULL, 'global', NULL, '2020-07-17 13:22:14', '2020-07-17 13:22:14'),
(36, NULL, 'ip', '190.111.82.234', '2020-07-17 13:22:14', '2020-07-17 13:22:14'),
(37, NULL, 'global', NULL, '2020-07-29 20:42:16', '2020-07-29 20:42:16'),
(38, NULL, 'ip', '186.4.243.131', '2020-07-29 20:42:16', '2020-07-29 20:42:16'),
(39, 13, 'user', NULL, '2020-07-29 20:42:16', '2020-07-29 20:42:16'),
(40, NULL, 'global', NULL, '2020-07-30 02:53:46', '2020-07-30 02:53:46'),
(41, NULL, 'ip', '5.188.62.140', '2020-07-30 02:53:46', '2020-07-30 02:53:46'),
(42, NULL, 'global', NULL, '2020-08-04 21:19:54', '2020-08-04 21:19:54'),
(43, NULL, 'ip', '186.4.243.131', '2020-08-04 21:19:54', '2020-08-04 21:19:54'),
(44, 13, 'user', NULL, '2020-08-04 21:19:54', '2020-08-04 21:19:54'),
(45, NULL, 'global', NULL, '2020-08-07 15:50:41', '2020-08-07 15:50:41'),
(46, NULL, 'ip', '5.188.62.140', '2020-08-07 15:50:41', '2020-08-07 15:50:41'),
(47, NULL, 'global', NULL, '2020-08-07 16:15:55', '2020-08-07 16:15:55'),
(48, NULL, 'ip', '5.188.62.140', '2020-08-07 16:15:55', '2020-08-07 16:15:55'),
(49, NULL, 'global', NULL, '2020-08-07 16:40:19', '2020-08-07 16:40:19'),
(50, NULL, 'ip', '5.188.62.140', '2020-08-07 16:40:19', '2020-08-07 16:40:19'),
(51, NULL, 'global', NULL, '2020-08-07 17:06:36', '2020-08-07 17:06:36'),
(52, NULL, 'ip', '5.188.62.140', '2020-08-07 17:06:36', '2020-08-07 17:06:36'),
(53, NULL, 'global', NULL, '2020-08-07 17:34:04', '2020-08-07 17:34:04'),
(54, NULL, 'ip', '5.188.62.140', '2020-08-07 17:34:04', '2020-08-07 17:34:04'),
(55, NULL, 'global', NULL, '2020-08-08 07:39:40', '2020-08-08 07:39:40'),
(56, NULL, 'ip', '190.111.82.98', '2020-08-08 07:39:40', '2020-08-08 07:39:40'),
(57, NULL, 'global', NULL, '2020-08-09 17:58:01', '2020-08-09 17:58:01'),
(58, NULL, 'ip', '181.199.46.170', '2020-08-09 17:58:01', '2020-08-09 17:58:01'),
(59, NULL, 'global', NULL, '2020-08-09 17:58:10', '2020-08-09 17:58:10'),
(60, NULL, 'ip', '181.199.46.170', '2020-08-09 17:58:10', '2020-08-09 17:58:10'),
(61, NULL, 'global', NULL, '2020-08-09 17:58:36', '2020-08-09 17:58:36'),
(62, NULL, 'ip', '181.199.46.170', '2020-08-09 17:58:36', '2020-08-09 17:58:36'),
(63, 10, 'user', NULL, '2020-08-09 17:58:36', '2020-08-09 17:58:36'),
(64, NULL, 'global', NULL, '2020-08-09 17:58:43', '2020-08-09 17:58:43'),
(65, NULL, 'ip', '181.199.46.170', '2020-08-09 17:58:43', '2020-08-09 17:58:43'),
(66, 10, 'user', NULL, '2020-08-09 17:58:43', '2020-08-09 17:58:43'),
(67, NULL, 'global', NULL, '2020-08-09 17:59:05', '2020-08-09 17:59:05'),
(68, NULL, 'ip', '181.199.46.170', '2020-08-09 17:59:05', '2020-08-09 17:59:05'),
(69, 10, 'user', NULL, '2020-08-09 17:59:05', '2020-08-09 17:59:05'),
(70, NULL, 'global', NULL, '2020-09-02 15:50:41', '2020-09-02 15:50:41'),
(71, NULL, 'ip', '186.4.243.131', '2020-09-02 15:50:41', '2020-09-02 15:50:41'),
(72, 17, 'user', NULL, '2020-09-02 15:50:41', '2020-09-02 15:50:41'),
(73, NULL, 'global', NULL, '2020-09-17 23:07:00', '2020-09-17 23:07:00'),
(74, NULL, 'ip', '186.4.243.131', '2020-09-17 23:07:00', '2020-09-17 23:07:00'),
(75, 13, 'user', NULL, '2020-09-17 23:07:00', '2020-09-17 23:07:00'),
(76, NULL, 'global', NULL, '2020-09-22 18:21:35', '2020-09-22 18:21:35'),
(77, NULL, 'ip', '186.4.243.131', '2020-09-22 18:21:35', '2020-09-22 18:21:35'),
(78, 13, 'user', NULL, '2020-09-22 18:21:35', '2020-09-22 18:21:35'),
(79, NULL, 'global', NULL, '2020-09-22 21:15:09', '2020-09-22 21:15:09'),
(80, NULL, 'ip', '186.4.243.131', '2020-09-22 21:15:09', '2020-09-22 21:15:09'),
(81, 13, 'user', NULL, '2020-09-22 21:15:09', '2020-09-22 21:15:09'),
(82, NULL, 'global', NULL, '2020-11-06 14:05:06', '2020-11-06 14:05:06'),
(83, NULL, 'ip', '157.100.91.95', '2020-11-06 14:05:06', '2020-11-06 14:05:06'),
(84, NULL, 'global', NULL, '2020-11-11 16:56:01', '2020-11-11 16:56:01'),
(85, NULL, 'ip', '186.4.243.131', '2020-11-11 16:56:01', '2020-11-11 16:56:01'),
(86, 13, 'user', NULL, '2020-11-11 16:56:01', '2020-11-11 16:56:01'),
(87, NULL, 'global', NULL, '2020-11-20 00:11:57', '2020-11-20 00:11:57'),
(88, NULL, 'ip', '5.188.62.214', '2020-11-20 00:11:57', '2020-11-20 00:11:57'),
(89, NULL, 'global', NULL, '2020-11-20 00:53:17', '2020-11-20 00:53:17'),
(90, NULL, 'ip', '5.188.62.214', '2020-11-20 00:53:17', '2020-11-20 00:53:17');

-- --------------------------------------------------------

--
-- Estructura de tabla para la tabla `transactions`
--

CREATE TABLE `transactions` (
  `id` int(10) UNSIGNED NOT NULL,
  `order_id` int(10) UNSIGNED NOT NULL,
  `transaction_id` varchar(191) COLLATE utf8mb4_unicode_ci NOT NULL,
  `payment_method` varchar(191) COLLATE utf8mb4_unicode_ci NOT NULL,
  `deleted_at` timestamp NULL DEFAULT NULL,
  `created_at` timestamp NULL DEFAULT NULL,
  `updated_at` timestamp NULL DEFAULT NULL
) ENGINE=InnoDB DEFAULT CHARSET=utf8mb4 COLLATE=utf8mb4_unicode_ci;

-- --------------------------------------------------------

--
-- Estructura de tabla para la tabla `translations`
--

CREATE TABLE `translations` (
  `id` int(10) UNSIGNED NOT NULL,
  `key` varchar(191) COLLATE utf8mb4_unicode_ci NOT NULL,
  `created_at` timestamp NULL DEFAULT NULL,
  `updated_at` timestamp NULL DEFAULT NULL
) ENGINE=InnoDB DEFAULT CHARSET=utf8mb4 COLLATE=utf8mb4_unicode_ci;

--
-- Volcado de datos para la tabla `translations`
--

INSERT INTO `translations` (`id`, `key`, `created_at`, `updated_at`) VALUES
(1, 'translation::sidebar.translations', '2019-08-05 00:51:47', '2019-08-05 00:51:47'),
(2, 'account::messages.product_removed_from_wishlist', '2019-08-05 02:52:07', '2019-08-05 02:52:07'),
(3, 'account::messages.profile_updated', '2019-08-05 02:52:35', '2019-08-05 02:52:35'),
(4, 'admin::admin.buttons.cancel', '2019-08-05 02:52:39', '2019-08-05 02:52:39'),
(5, 'admin::admin.buttons.delete', '2019-08-05 02:52:56', '2019-08-05 02:52:56'),
(6, 'admin::admin.buttons.save', '2019-08-05 02:53:12', '2019-08-05 02:53:12'),
(7, 'admin::admin.delete.confirmation', '2019-08-05 02:54:22', '2019-08-05 02:54:22'),
(8, 'admin::admin.delete.confirmation_message', '2019-08-05 02:54:40', '2019-08-05 02:54:40'),
(9, 'admin::admin.errors.404_description', '2019-08-05 03:34:57', '2019-08-05 03:34:57'),
(10, 'admin::admin.errors.404_title', '2019-08-05 03:35:11', '2019-08-05 03:35:11'),
(11, 'admin::admin.errors.500_description', '2019-08-05 03:35:24', '2019-08-05 03:35:24'),
(12, 'admin::admin.errors.500_title', '2019-08-05 03:35:40', '2019-08-05 03:35:40'),
(13, 'admin::admin.form.please_select', '2019-08-05 03:35:52', '2019-08-05 03:35:52'),
(14, 'admin::admin.pagination.next', '2019-08-05 03:36:02', '2019-08-05 03:36:02'),
(15, 'admin::admin.pagination.previous', '2019-08-05 03:36:09', '2019-08-05 03:36:09'),
(16, 'admin::admin.shortcuts.available_shortcuts', '2019-08-05 03:36:23', '2019-08-05 03:36:23'),
(17, 'admin::admin.shortcuts.back_to_index', '2019-08-05 03:36:55', '2019-08-05 03:36:55'),
(18, 'admin::admin.shortcuts.this_menu', '2019-08-05 03:37:13', '2019-08-05 03:37:13'),
(19, 'admin::admin.table.created', '2019-08-05 03:37:20', '2019-08-05 03:37:20'),
(20, 'admin::dashboard.table.latest_orders.status', '2019-08-05 03:37:56', '2019-08-05 03:37:56'),
(21, 'admin::admin.table.date', '2019-08-05 03:38:24', '2019-08-05 03:38:24'),
(22, 'admin::admin.table.status', '2019-08-05 03:38:31', '2019-08-05 03:38:31'),
(23, 'admin::admin.visit_store', '2019-08-05 03:38:42', '2019-08-05 03:38:42'),
(24, 'admin::dashboard.dashboard', '2019-08-05 03:38:55', '2019-08-05 03:38:55'),
(25, 'admin::dashboard.latest_orders', '2019-08-05 03:39:06', '2019-08-05 03:39:06'),
(26, 'admin::dashboard.latest_search_terms', '2019-08-05 03:39:26', '2019-08-05 03:39:26'),
(27, 'admin::dashboard.latest_reviews', '2019-08-05 03:39:45', '2019-08-05 03:39:45'),
(28, 'admin::dashboard.no_data', '2019-08-05 03:40:13', '2019-08-05 03:40:13'),
(29, 'admin::dashboard.sales_analytics.day_names.0', '2019-08-05 03:40:18', '2019-08-05 03:40:18'),
(30, 'admin::dashboard.sales_analytics.day_names.1', '2019-08-05 03:40:24', '2019-08-05 03:40:24'),
(31, 'admin::dashboard.sales_analytics.day_names.2', '2019-08-05 03:40:32', '2019-08-05 03:40:32'),
(32, 'admin::dashboard.sales_analytics.day_names.3', '2019-08-05 03:40:39', '2019-08-05 03:40:39'),
(33, 'admin::dashboard.sales_analytics.day_names.4', '2019-08-05 03:40:44', '2019-08-05 03:40:44'),
(34, 'admin::dashboard.sales_analytics.day_names.5', '2019-08-05 03:40:49', '2019-08-05 03:40:49'),
(35, 'admin::dashboard.sales_analytics.day_names.6', '2019-08-05 03:40:53', '2019-08-05 03:40:53'),
(36, 'admin::dashboard.sales_analytics.orders', '2019-08-05 03:41:04', '2019-08-05 03:41:04'),
(37, 'admin::dashboard.sales_analytics.sales', '2019-08-05 03:41:20', '2019-08-05 03:41:20'),
(38, 'admin::dashboard.table.latest_orders.order_id', '2019-08-05 03:41:35', '2019-08-05 03:41:35'),
(39, 'admin::dashboard.table.customer', '2019-08-05 03:41:43', '2019-08-05 03:41:43'),
(40, 'admin::dashboard.table.latest_reviews.product', '2019-08-05 03:42:09', '2019-08-05 03:42:09'),
(41, 'admin::dashboard.table.latest_reviews.rating', '2019-08-05 03:42:16', '2019-08-05 03:42:16'),
(42, 'admin::dashboard.table.latest_search_terms.keyword', '2019-08-05 03:42:28', '2019-08-05 03:42:28'),
(43, 'admin::dashboard.table.latest_search_terms.results', '2019-08-05 03:42:32', '2019-08-05 03:42:32'),
(44, 'admin::dashboard.total_customers', '2019-08-05 03:42:38', '2019-08-05 03:42:38'),
(45, 'admin::dashboard.total_orders', '2019-08-05 03:42:44', '2019-08-05 03:42:44'),
(46, 'admin::dashboard.total_products', '2019-08-05 03:42:50', '2019-08-05 03:42:50'),
(47, 'admin::dashboard.total_sales', '2019-08-05 03:42:57', '2019-08-05 03:42:57'),
(48, 'admin::messages.permission_denied', '2019-08-05 03:44:08', '2019-08-05 03:44:08'),
(49, 'admin::messages.resource_deleted', '2019-08-05 03:44:27', '2019-08-05 03:44:27'),
(50, 'admin::messages.resource_saved', '2019-08-05 03:44:42', '2019-08-05 03:44:42'),
(51, 'admin::resource.create', '2019-08-05 03:44:51', '2019-08-05 03:44:51'),
(52, 'admin::resource.delete', '2019-08-05 03:45:00', '2019-08-05 03:45:00'),
(53, 'admin::resource.edit', '2019-08-05 03:45:05', '2019-08-05 03:45:05'),
(54, 'admin::resource.show', '2019-08-05 03:45:14', '2019-08-05 03:45:14'),
(55, 'admin::sidebar.appearance', '2019-08-05 03:45:22', '2019-08-05 03:45:22'),
(56, 'admin::sidebar.localization', '2019-08-05 03:45:34', '2019-08-05 03:45:34'),
(57, 'admin::sidebar.content', '2019-08-05 03:45:49', '2019-08-05 03:45:49'),
(58, 'admin::sidebar.sales', '2019-08-05 03:45:59', '2019-08-05 03:45:59'),
(59, 'admin::sidebar.system', '2019-08-05 03:46:03', '2019-08-05 03:46:03'),
(60, 'attribute::admin.attribute', '2019-08-05 03:46:08', '2019-08-05 03:46:08'),
(61, 'attribute::admin.attributes', '2019-08-05 03:46:13', '2019-08-05 03:46:13'),
(62, 'attribute::admin.form.add_new_value', '2019-08-05 03:46:27', '2019-08-05 03:46:27'),
(63, 'attribute::admin.form.delete_value', '2019-08-05 03:46:43', '2019-08-05 03:46:43'),
(64, 'attribute::admin.form.product.add_new_attribute', '2019-08-05 03:47:36', '2019-08-05 03:47:36'),
(65, 'attribute::admin.form.product.attribute', '2019-08-05 03:47:41', '2019-08-05 03:47:41'),
(66, 'attribute::admin.form.product.delete_attribute', '2019-08-05 03:47:52', '2019-08-05 03:47:52'),
(67, 'attribute::admin.form.product.values', '2019-08-05 03:47:57', '2019-08-05 03:47:57'),
(68, 'attribute::admin.form.use_this_attribute_for_filtering_products', '2019-08-05 03:48:11', '2019-08-05 03:48:11'),
(69, 'attribute::admin.form.value', '2019-08-05 03:48:19', '2019-08-05 03:48:19'),
(70, 'attribute::admin.table.attribute_set', '2019-08-05 03:48:35', '2019-08-05 03:48:35'),
(71, 'attribute::admin.table.filterable', '2019-08-05 03:48:52', '2019-08-05 03:48:52'),
(72, 'attribute::admin.table.name', '2019-08-05 03:48:57', '2019-08-05 03:48:57'),
(73, 'attribute::admin.table.yes', '2019-08-05 03:49:01', '2019-08-05 03:49:01'),
(74, 'attribute::admin.tabs.group.attribute_information', '2019-08-05 03:49:26', '2019-08-05 03:49:26'),
(75, 'attribute::admin.tabs.product.attributes', '2019-08-05 03:49:32', '2019-08-05 03:49:32'),
(76, 'attribute::attribute_sets.attribute_set', '2019-08-05 03:53:27', '2019-08-05 03:53:27'),
(77, 'attribute::attribute_sets.attribute_sets', '2019-08-05 03:53:48', '2019-08-05 03:53:48'),
(78, 'attribute::admin.tabs.values', '2019-08-05 03:53:53', '2019-08-05 03:53:53'),
(79, 'attribute::attribute_sets.table.name', '2019-08-05 03:53:58', '2019-08-05 03:53:58'),
(80, 'attribute::attributes.attribute_sets.name', '2019-08-05 03:54:31', '2019-08-05 03:54:31'),
(81, 'attribute::attributes.attributes.attribute_set_id', '2019-08-05 03:54:42', '2019-08-05 03:54:42'),
(82, 'attribute::attribute_values.attribute_values', '2019-08-05 03:55:02', '2019-08-05 03:55:02'),
(83, 'attribute::attribute_values.attribute_value', '2019-08-05 03:55:10', '2019-08-05 03:55:10'),
(84, 'attribute::attribute_sets.tabs.group.attribute_set_information', '2019-08-05 03:55:28', '2019-08-05 03:55:28'),
(85, 'attribute::attributes.attributes.categories', '2019-08-05 03:55:34', '2019-08-05 03:55:34'),
(86, 'attribute::attributes.attributes.is_filterable', '2019-08-05 03:55:40', '2019-08-05 03:55:40'),
(87, 'attribute::attributes.attributes.name', '2019-08-05 03:55:45', '2019-08-05 03:55:45'),
(88, 'attribute::attributes.product_attributes.attributes.*.values', '2019-08-05 03:55:57', '2019-08-05 03:55:57'),
(89, 'attribute::permissions.attribute_sets.create', '2019-08-05 03:56:10', '2019-08-05 03:56:10'),
(90, 'attribute::permissions.attribute_sets.destroy', '2019-08-05 03:56:19', '2019-08-05 03:56:19'),
(91, 'attribute::permissions.attribute_sets.edit', '2019-08-05 03:56:29', '2019-08-05 03:56:29'),
(92, 'attribute::permissions.attribute_sets.index', '2019-08-05 03:56:43', '2019-08-05 03:56:43'),
(93, 'attribute::permissions.attributes.create', '2019-08-05 03:56:52', '2019-08-05 03:56:52'),
(94, 'attribute::attributes.product_attributes.attributes.*.attribute_id', '2019-08-05 03:57:00', '2019-08-05 03:57:00'),
(95, 'attribute::permissions.attributes.destroy', '2019-08-05 03:57:12', '2019-08-05 03:57:12'),
(96, 'attribute::permissions.attributes.edit', '2019-08-05 03:57:19', '2019-08-05 03:57:19'),
(97, 'attribute::permissions.attributes.index', '2019-08-05 03:57:27', '2019-08-05 03:57:27'),
(98, 'attribute::sidebar.attribute_sets', '2019-08-05 03:57:35', '2019-08-05 03:57:35'),
(99, 'attribute::sidebar.attributes', '2019-08-05 04:00:39', '2019-08-05 04:00:39'),
(100, 'cart::messages.added', '2019-08-05 08:30:10', '2019-08-05 08:30:10'),
(101, 'cart::messages.confirm', '2019-08-05 08:30:24', '2019-08-05 08:30:24'),
(102, 'cart::messages.not_have_enough_quantity_in_stock', '2019-08-05 08:32:16', '2019-08-05 08:32:16'),
(103, 'cart::messages.out_of_stock', '2019-08-05 08:32:26', '2019-08-05 08:32:26'),
(104, 'cart::messages.quantity_updated', '2019-08-05 08:32:40', '2019-08-05 08:32:40'),
(105, 'cart::messages.removed', '2019-08-05 08:32:51', '2019-08-05 08:32:51'),
(106, 'cart::validation.the_selected_option_is_invalid', '2019-08-05 08:33:10', '2019-08-05 08:33:10'),
(107, 'cart::validation.this_field_is_required', '2019-08-05 08:33:25', '2019-08-05 08:33:25'),
(108, 'category::attributes.is_active', '2019-08-05 08:33:33', '2019-08-05 08:33:33'),
(109, 'category::attributes.is_searchable', '2019-08-05 08:34:20', '2019-08-05 08:34:20'),
(110, 'category::attributes.name', '2019-08-05 08:34:38', '2019-08-05 08:34:38'),
(111, 'category::categories.categories', '2019-08-05 08:34:45', '2019-08-05 08:34:45'),
(112, 'category::categories.category', '2019-08-05 08:34:54', '2019-08-05 08:34:54'),
(113, 'category::categories.form.enable_the_category', '2019-08-05 08:35:03', '2019-08-05 08:35:03'),
(114, 'category::categories.form.show_this_category_in_search_box', '2019-08-05 16:18:16', '2019-08-05 16:18:16'),
(115, 'category::categories.tree.add_root_category', '2019-08-05 16:18:40', '2019-08-05 16:18:40'),
(116, 'category::categories.tree.add_sub_category', '2019-08-05 16:20:45', '2019-08-05 16:20:45'),
(117, 'category::categories.tree.collapse_all', '2019-08-05 16:21:07', '2019-08-05 16:21:07'),
(118, 'category::categories.tree.expand_all', '2019-08-05 16:21:15', '2019-08-05 16:21:15'),
(119, 'category::messages.category_order_saved', '2019-08-05 16:21:35', '2019-08-05 16:21:35'),
(120, 'category::permissions.create', '2019-08-05 16:21:47', '2019-08-05 16:21:47'),
(121, 'category::permissions.destroy', '2019-08-05 16:22:00', '2019-08-05 16:22:00'),
(122, 'category::permissions.edit', '2019-08-05 16:22:08', '2019-08-05 16:22:08'),
(123, 'category::permissions.index', '2019-08-05 16:23:06', '2019-08-05 16:23:06'),
(124, 'category::sidebar.categories', '2019-08-05 16:23:27', '2019-08-05 16:23:27'),
(125, 'checkout::mail.if_you\\’re_having_trouble', '2019-08-05 16:23:49', '2019-08-05 16:23:49'),
(126, 'checkout::mail.new_order_subject', '2019-08-05 16:24:04', '2019-08-05 16:24:04'),
(127, 'checkout::mail.new_order_text', '2019-08-05 16:24:28', '2019-08-05 16:24:28'),
(128, 'checkout::mail.view_order', '2019-08-05 16:24:41', '2019-08-05 16:24:41'),
(129, 'compare::messages.added', '2019-08-05 16:24:50', '2019-08-05 16:24:50'),
(130, 'compare::messages.removed', '2019-08-05 16:25:02', '2019-08-05 16:25:02'),
(131, 'contact::attributes.email', '2019-08-05 16:29:48', '2019-08-05 16:29:48'),
(132, 'contact::attributes.message', '2019-08-05 16:29:57', '2019-08-05 16:29:57'),
(133, 'contact::attributes.subject', '2019-08-05 16:30:09', '2019-08-05 16:30:09'),
(134, 'core::messages.in_maintenance', '2019-08-05 16:30:19', '2019-08-05 16:30:19'),
(135, 'core::messages.mail_is_not_configured', '2019-08-05 16:30:34', '2019-08-05 16:30:34'),
(136, 'core::messages.service_unavailable', '2019-08-05 16:30:55', '2019-08-05 16:30:55'),
(137, 'core::validation.accepted', '2019-08-05 16:41:59', '2019-08-05 16:41:59'),
(138, 'core::validation.active_url', '2019-08-05 16:42:34', '2019-08-05 16:42:34'),
(139, 'core::validation.after', '2019-08-05 16:44:47', '2019-08-05 16:44:47'),
(140, 'core::validation.after_or_equal', '2019-08-05 16:45:41', '2019-08-05 16:45:41'),
(141, 'core::validation.alpha', '2019-08-05 16:46:47', '2019-08-05 16:46:47'),
(142, 'core::validation.alpha_dash', '2019-08-05 16:47:09', '2019-08-05 16:47:09'),
(143, 'core::validation.alpha_num', '2019-08-05 16:47:55', '2019-08-05 16:47:55'),
(144, 'core::validation.array', '2019-08-05 16:48:17', '2019-08-05 16:48:17'),
(145, 'core::validation.before', '2019-08-05 16:49:00', '2019-08-05 16:49:00'),
(146, 'core::validation.before_or_equal', '2019-08-05 16:49:36', '2019-08-05 16:49:36'),
(147, 'core::validation.between.numeric', '2019-08-05 16:59:07', '2019-08-05 16:59:07'),
(148, 'core::validation.between.string', '2019-08-05 17:00:26', '2019-08-05 17:00:26'),
(149, 'core::validation.boolean', '2019-08-05 17:03:07', '2019-08-05 17:03:07'),
(150, 'core::validation.captcha', '2019-08-05 17:03:26', '2019-08-05 17:03:26'),
(151, 'core::validation.confirmed', '2019-08-05 17:06:56', '2019-08-05 17:06:56'),
(152, 'core::validation.date', '2019-08-05 17:07:59', '2019-08-05 17:07:59'),
(153, 'core::validation.date_format', '2019-08-05 17:08:41', '2019-08-05 17:08:41'),
(154, 'core::validation.different', '2019-08-05 17:09:45', '2019-08-05 17:09:45'),
(155, 'core::validation.digits', '2019-08-05 17:10:50', '2019-08-05 17:10:50'),
(156, 'core::validation.dimensions', '2019-08-05 17:12:47', '2019-08-05 17:12:47'),
(157, 'core::validation.distinct', '2019-08-05 17:13:34', '2019-08-05 17:13:34'),
(158, 'core::validation.email', '2019-08-05 17:17:47', '2019-08-05 17:17:47'),
(159, 'core::validation.exists', '2019-08-05 17:18:53', '2019-08-05 17:18:53'),
(160, 'core::validation.file', '2019-08-05 17:19:23', '2019-08-05 17:19:23'),
(161, 'core::validation.filled', '2019-08-05 17:19:50', '2019-08-05 17:19:50'),
(162, 'core::validation.image', '2019-08-05 17:20:18', '2019-08-05 17:20:18'),
(163, 'core::validation.in', '2019-08-05 17:21:01', '2019-08-05 17:21:01'),
(164, 'core::validation.in_array', '2019-08-05 17:21:36', '2019-08-05 17:21:36'),
(165, 'core::validation.integer', '2019-08-05 17:22:21', '2019-08-05 17:22:21'),
(166, 'core::validation.ip', '2019-08-05 17:23:19', '2019-08-05 17:23:19'),
(167, 'core::validation.ipv4', '2019-08-05 17:23:45', '2019-08-05 17:23:45'),
(168, 'core::validation.ipv6', '2019-08-05 17:24:31', '2019-08-05 17:24:31'),
(169, 'core::validation.json', '2019-08-05 17:24:56', '2019-08-05 17:24:56'),
(170, 'core::validation.between.array', '2019-08-05 17:30:04', '2019-08-05 17:30:04'),
(171, 'core::validation.between.file', '2019-08-05 17:30:59', '2019-08-05 17:30:59'),
(172, 'core::validation.digits_between', '2019-08-05 17:32:41', '2019-08-05 17:32:41'),
(173, 'core::validation.max.array', '2019-08-05 17:34:21', '2019-08-05 17:34:21'),
(174, 'core::validation.max.file', '2019-08-05 17:35:14', '2019-08-05 17:35:14'),
(175, 'core::validation.max.numeric', '2019-08-05 17:36:23', '2019-08-05 17:36:23'),
(176, 'core::validation.max.string', '2019-08-05 17:37:04', '2019-08-05 17:37:04'),
(177, 'core::validation.mimes', '2019-08-05 17:38:16', '2019-08-05 17:38:16'),
(178, 'core::validation.mimetypes', '2019-08-05 17:38:48', '2019-08-05 17:38:48'),
(179, 'core::validation.min.array', '2019-08-05 17:40:09', '2019-08-05 17:40:09'),
(180, 'core::validation.min.file', '2019-08-05 17:40:48', '2019-08-05 17:40:48'),
(181, 'core::validation.min.numeric', '2019-08-05 17:41:15', '2019-08-05 17:41:15'),
(182, 'core::validation.min.string', '2019-08-05 17:41:45', '2019-08-05 17:41:45'),
(183, 'core::validation.not_in', '2019-08-05 17:42:27', '2019-08-05 17:42:27'),
(184, 'core::validation.numeric', '2019-08-05 17:42:48', '2019-08-05 17:42:48'),
(185, 'core::validation.present', '2019-08-05 17:43:14', '2019-08-05 17:43:14'),
(186, 'core::validation.redis', '2019-08-05 17:44:10', '2019-08-05 17:44:10'),
(187, 'core::validation.regex', '2019-08-05 17:44:42', '2019-08-05 17:44:42'),
(188, 'core::validation.required', '2019-08-05 17:45:27', '2019-08-05 17:45:27'),
(189, 'core::validation.required_if', '2019-08-05 17:46:47', '2019-08-05 17:46:47'),
(190, 'core::validation.required_unless', '2019-08-05 17:47:45', '2019-08-05 17:47:45'),
(191, 'core::validation.required_with', '2019-08-05 17:49:19', '2019-08-05 17:49:19'),
(192, 'core::validation.required_with_all', '2019-08-05 17:50:44', '2019-08-05 17:50:44'),
(193, 'core::validation.required_without', '2019-08-05 17:51:50', '2019-08-05 17:51:50'),
(194, 'core::validation.required_without_all', '2019-08-05 17:53:00', '2019-08-05 17:53:00'),
(195, 'core::validation.same', '2019-08-05 17:53:37', '2019-08-05 17:53:37'),
(196, 'core::validation.size.numeric', '2019-08-05 17:57:04', '2019-08-05 17:57:04'),
(197, 'core::validation.string', '2019-08-05 17:58:26', '2019-08-05 17:58:26'),
(198, 'core::validation.timezone', '2019-08-05 17:58:56', '2019-08-05 17:58:56'),
(199, 'core::validation.unique', '2019-08-05 17:59:47', '2019-08-05 17:59:47'),
(200, 'core::validation.uploaded', '2019-08-05 18:00:19', '2019-08-05 18:00:19'),
(201, 'core::validation.url', '2019-08-05 18:00:56', '2019-08-05 18:00:56'),
(202, 'coupon::attributes.categories', '2019-08-05 18:01:09', '2019-08-05 18:01:09'),
(203, 'coupon::attributes.code', '2019-08-05 18:01:22', '2019-08-05 18:01:22'),
(204, 'coupon::attributes.end_date', '2019-08-05 18:01:40', '2019-08-05 18:01:40'),
(205, 'coupon::attributes.exclude_categories', '2019-08-05 18:01:49', '2019-08-05 18:01:49'),
(206, 'coupon::attributes.exclude_products', '2019-08-05 18:02:02', '2019-08-05 18:02:02'),
(207, 'coupon::attributes.free_shipping', '2019-08-05 18:02:11', '2019-08-05 18:02:11'),
(208, 'coupon::attributes.is_active', '2019-08-05 18:02:56', '2019-08-05 18:02:56'),
(209, 'coupon::attributes.is_percent', '2019-08-05 18:03:06', '2019-08-05 18:03:06'),
(210, 'coupon::attributes.maximum_spend', '2019-08-05 18:03:14', '2019-08-05 18:03:14'),
(211, 'coupon::attributes.minimum_spend', '2019-08-05 18:03:41', '2019-08-05 18:03:41'),
(212, 'coupon::attributes.name', '2019-08-05 18:03:49', '2019-08-05 18:03:49'),
(213, 'coupon::attributes.products', '2019-08-05 18:03:56', '2019-08-05 18:03:56'),
(214, 'coupon::attributes.start_date', '2019-08-05 18:04:04', '2019-08-05 18:04:04'),
(215, 'coupon::attributes.usage_limit_per_coupon', '2019-08-05 18:04:15', '2019-08-05 18:04:15'),
(216, 'coupon::attributes.usage_limit_per_customer', '2019-08-05 18:04:24', '2019-08-05 18:04:24'),
(217, 'coupon::attributes.value', '2019-08-05 18:04:28', '2019-08-05 18:04:28'),
(218, 'coupon::coupons.coupon', '2019-08-05 18:04:36', '2019-08-05 18:04:36'),
(219, 'coupon::coupons.coupons', '2019-08-05 18:04:44', '2019-08-05 18:04:44'),
(220, 'coupon::coupons.form.allow_free_shipping', '2019-08-05 18:04:53', '2019-08-05 18:04:53'),
(221, 'coupon::coupons.form.enable_the_coupon', '2019-08-05 18:05:03', '2019-08-05 18:05:03'),
(222, 'coupon::coupons.form.price_types.0', '2019-08-05 18:06:33', '2019-08-05 18:06:33'),
(223, 'coupon::coupons.form.price_types.1', '2019-08-05 18:06:46', '2019-08-05 18:06:46'),
(224, 'coupon::coupons.table.code', '2019-08-05 18:07:02', '2019-08-05 18:07:02'),
(225, 'coupon::coupons.table.discount', '2019-08-05 18:07:10', '2019-08-05 18:07:10'),
(226, 'coupon::coupons.table.name', '2019-08-05 18:07:19', '2019-08-05 18:07:19'),
(227, 'coupon::coupons.tabs.group.coupon_information', '2019-08-05 18:07:47', '2019-08-05 18:07:47'),
(228, 'coupon::coupons.tabs.usage_limits', '2019-08-05 18:07:56', '2019-08-05 18:07:56'),
(229, 'coupon::coupons.tabs.usage_restrictions', '2019-08-05 18:08:04', '2019-08-05 18:08:04'),
(230, 'coupon::messages.applied', '2019-08-05 18:08:17', '2019-08-05 18:08:17'),
(231, 'coupon::messages.inapplicable', '2019-08-05 18:08:28', '2019-08-05 18:08:28'),
(232, 'coupon::messages.invalid_coupon', '2019-08-05 18:08:39', '2019-08-05 18:08:39'),
(233, 'coupon::messages.maximum_spend', '2019-08-05 18:09:57', '2019-08-05 18:09:57'),
(234, 'coupon::messages.minimum_spend', '2019-08-05 18:10:53', '2019-08-05 18:10:53'),
(235, 'coupon::messages.not_exists', '2019-08-05 18:11:03', '2019-08-05 18:11:03'),
(236, 'coupon::messages.usage_limit_reached', '2019-08-05 18:11:15', '2019-08-05 18:11:15'),
(237, 'coupon::permissions.create', '2019-08-05 18:11:23', '2019-08-05 18:11:23'),
(238, 'coupon::permissions.destroy', '2019-08-05 18:11:39', '2019-08-05 18:11:39'),
(239, 'coupon::permissions.edit', '2019-08-05 18:11:49', '2019-08-05 18:11:49'),
(240, 'coupon::permissions.index', '2019-08-05 18:12:43', '2019-08-05 18:12:43'),
(241, 'currency::attributes.rate', '2019-08-05 18:12:55', '2019-08-05 18:12:55'),
(242, 'currency::currency_rates.currency_rate', '2019-08-05 18:13:29', '2019-08-05 18:13:29'),
(243, 'currency::currency_rates.currency_rates', '2019-08-05 18:13:42', '2019-08-05 18:13:42'),
(244, 'currency::currency_rates.refresh_currency_rates_from', '2019-08-05 18:15:11', '2019-08-05 18:15:11'),
(245, 'currency::currency_rates.refresh_rates', '2019-08-05 18:15:20', '2019-08-05 18:15:20'),
(246, 'currency::currency_rates.table.code', '2019-08-05 18:15:30', '2019-08-05 18:15:30'),
(247, 'currency::currency_rates.table.currency', '2019-08-05 18:16:05', '2019-08-05 18:16:05'),
(248, 'currency::currency_rates.table.last_updated', '2019-08-05 18:16:17', '2019-08-05 18:16:17'),
(249, 'currency::currency_rates.table.rate', '2019-08-05 18:16:29', '2019-08-05 18:16:29'),
(250, 'currency::currency_rates.tabs.group.currency_rate_information', '2019-08-05 18:17:01', '2019-08-05 18:17:01'),
(251, 'currency::messages.exchange_service_is_not_configured', '2019-08-05 18:18:24', '2019-08-05 18:18:24'),
(252, 'currency::permissions.edit', '2019-08-05 18:18:36', '2019-08-05 18:18:36'),
(253, 'currency::permissions.index', '2019-08-05 18:19:11', '2019-08-05 18:19:11'),
(254, 'currency::services.currency_data_feed', '2019-08-05 18:22:45', '2019-08-05 18:22:45'),
(255, 'currency::services.fixer', '2019-08-05 18:23:57', '2019-08-05 18:23:57'),
(256, 'media::media.browse', '2019-08-05 18:25:19', '2019-08-05 18:25:19'),
(257, 'media::media.drop_files_here', '2019-08-05 18:25:28', '2019-08-05 18:25:28'),
(258, 'media::media.file_manager.select_this_file', '2019-08-05 18:25:37', '2019-08-05 18:25:37'),
(259, 'media::media.file_manager.title', '2019-08-05 18:25:47', '2019-08-05 18:25:47'),
(260, 'media::media.table.filename', '2019-08-05 18:25:58', '2019-08-05 18:25:58'),
(261, 'media::media.table.height', '2019-08-05 18:26:05', '2019-08-05 18:26:05'),
(262, 'media::media.table.width', '2019-08-05 18:26:13', '2019-08-05 18:26:13'),
(263, 'media::media.table.thumbnail', '2019-08-05 18:26:26', '2019-08-05 18:26:26'),
(264, 'media::media.thumbnails', '2019-08-05 18:26:53', '2019-08-05 18:26:53'),
(265, 'media::media.upload_new_file', '2019-08-05 18:27:03', '2019-08-05 18:27:03'),
(266, 'media::messages.image_has_been_added', '2019-08-05 18:27:13', '2019-08-05 18:27:13'),
(267, 'media::permissions.create', '2019-08-05 18:27:21', '2019-08-05 18:27:21'),
(268, 'media::permissions.destroy', '2019-08-05 18:27:28', '2019-08-05 18:27:28'),
(269, 'media::permissions.edit', '2019-08-05 18:27:39', '2019-08-05 18:27:39'),
(270, 'media::permissions.index', '2019-08-05 18:28:06', '2019-08-05 18:28:06'),
(271, 'menu::attributes.category_id', '2019-08-05 18:28:13', '2019-08-05 18:28:13'),
(272, 'menu::attributes.is_active', '2019-08-05 18:28:25', '2019-08-05 18:28:25'),
(273, 'menu::attributes.is_fluid', '2019-08-05 18:28:59', '2019-08-05 18:28:59'),
(274, 'menu::attributes.name', '2019-08-05 18:29:43', '2019-08-05 18:29:43'),
(275, 'menu::attributes.page_id', '2019-08-05 18:29:49', '2019-08-05 18:29:49'),
(276, 'menu::attributes.parent_id', '2019-08-05 18:29:56', '2019-08-05 18:29:56'),
(277, 'menu::attributes.target', '2019-08-05 18:30:24', '2019-08-05 18:30:24'),
(278, 'menu::attributes.type', '2019-08-05 18:33:08', '2019-08-05 18:33:08'),
(279, 'menu::menu_items.back_to_menu_edit_page', '2019-08-05 18:33:18', '2019-08-05 18:33:18'),
(280, 'menu::menu_items.form.enable_the_menu_item', '2019-08-05 18:33:35', '2019-08-05 18:33:35'),
(281, 'menu::menu_items.form.full_width_menu', '2019-08-05 18:33:43', '2019-08-05 18:33:43'),
(282, 'menu::menu_items.form.select_category', '2019-08-05 18:33:51', '2019-08-05 18:33:51'),
(283, 'menu::menu_items.form.select_page', '2019-08-05 18:34:14', '2019-08-05 18:34:14'),
(284, 'menu::menu_items.form.select_parent', '2019-08-05 18:34:45', '2019-08-05 18:34:45'),
(285, 'menu::menu_items.form.targets._blank', '2019-08-05 18:34:52', '2019-08-05 18:34:52'),
(286, 'menu::menu_items.form.targets._self', '2019-08-05 18:35:46', '2019-08-05 18:35:46'),
(287, 'menu::menu_items.form.types.category', '2019-08-05 18:35:55', '2019-08-05 18:35:55'),
(288, 'menu::menu_items.form.types.page', '2019-08-05 18:36:02', '2019-08-05 18:36:02'),
(289, 'menu::menu_items.menu_item', '2019-08-05 18:36:10', '2019-08-05 18:36:10'),
(290, 'menu::menu_items.tabs.group.menu_item_information', '2019-08-05 18:36:19', '2019-08-05 18:36:19'),
(291, 'menu::menus.form.enable_the_menu', '2019-08-05 18:36:29', '2019-08-05 18:36:29'),
(292, 'menu::menus.form.please_save_the_menu_first', '2019-08-05 18:36:42', '2019-08-05 18:36:42'),
(293, 'menu::menus.table.name', '2019-08-05 18:36:55', '2019-08-05 18:36:55'),
(294, 'menu::messages.menu_item_deleted', '2019-08-05 18:37:05', '2019-08-05 18:37:05'),
(295, 'menu::messages.menu_items_order_updated', '2019-08-05 18:37:26', '2019-08-05 18:37:26'),
(296, 'menu::permissions.menu_items.create', '2019-08-05 18:38:15', '2019-08-05 18:38:15'),
(297, 'menu::permissions.menu_items.destroy', '2019-08-05 18:38:27', '2019-08-05 18:38:27'),
(298, 'menu::permissions.menu_items.edit', '2019-08-05 18:38:34', '2019-08-05 18:38:34'),
(299, 'menu::permissions.menu_items.index', '2019-08-05 18:38:54', '2019-08-05 18:38:54'),
(300, 'menu::permissions.menus.create', '2019-08-05 18:39:00', '2019-08-05 18:39:00'),
(301, 'menu::permissions.menus.destroy', '2019-08-05 18:45:42', '2019-08-05 18:45:42'),
(302, 'menu::permissions.menus.edit', '2019-08-05 18:46:03', '2019-08-05 18:46:03'),
(303, 'menu::permissions.menus.index', '2019-08-05 18:46:12', '2019-08-05 18:46:12'),
(304, 'meta::attributes.meta_description', '2019-08-05 18:46:24', '2019-08-05 18:46:24'),
(305, 'meta::attributes.meta_keywords', '2019-08-05 18:46:39', '2019-08-05 18:46:39'),
(306, 'meta::attributes.meta_title', '2019-08-05 18:46:46', '2019-08-05 18:46:46'),
(307, 'option::attributes.is_required', '2019-08-05 18:46:54', '2019-08-05 18:46:54'),
(308, 'option::attributes.label', '2019-08-05 18:47:02', '2019-08-05 18:47:02'),
(309, 'option::attributes.options.*.name', '2019-08-05 18:47:11', '2019-08-05 18:47:11'),
(310, 'option::attributes.name', '2019-08-05 18:47:15', '2019-08-05 18:47:15'),
(311, 'option::attributes.options.*.type', '2019-08-05 18:47:25', '2019-08-05 18:47:25'),
(312, 'option::attributes.options.*.values.*.label', '2019-08-05 18:47:36', '2019-08-05 18:47:36'),
(313, 'option::attributes.options.*.values.*.price', '2019-08-05 18:48:04', '2019-08-05 18:48:04'),
(314, 'option::attributes.price_type', '2019-08-05 18:48:18', '2019-08-05 18:48:18'),
(315, 'option::attributes.price', '2019-08-05 18:48:23', '2019-08-05 18:48:23'),
(316, 'option::attributes.type', '2019-08-05 18:48:30', '2019-08-05 18:48:30'),
(317, 'option::attributes.values.*.label', '2019-08-05 18:49:05', '2019-08-05 18:49:05'),
(318, 'option::attributes.values.*.price', '2019-08-05 18:49:11', '2019-08-05 18:49:11'),
(319, 'option::attributes.values.*.price_type', '2019-08-05 18:49:22', '2019-08-05 18:49:22'),
(320, 'option::options.form.add_global_option', '2019-08-05 18:49:32', '2019-08-05 18:49:32'),
(321, 'option::options.form.add_new_option', '2019-08-05 18:49:40', '2019-08-05 18:49:40'),
(322, 'option::options.form.add_new_row', '2019-08-05 18:49:47', '2019-08-05 18:49:47'),
(323, 'option::options.form.delete_option', '2019-08-05 18:49:54', '2019-08-05 18:49:54'),
(324, 'option::options.form.delete_row', '2019-08-05 18:50:03', '2019-08-05 18:50:03'),
(325, 'option::options.form.new_option', '2019-08-05 18:50:11', '2019-08-05 18:50:11'),
(326, 'option::options.form.option_types.checkbox', '2019-08-05 18:50:19', '2019-08-05 18:50:19'),
(327, 'option::options.form.option_types.multiple_select', '2019-08-05 18:51:53', '2019-08-05 18:51:53'),
(328, 'option::options.form.option_types.please_select', '2019-08-05 18:52:08', '2019-08-05 18:52:08'),
(329, 'option::options.form.option_types.radio', '2019-08-05 18:52:30', '2019-08-05 18:52:30'),
(330, 'option::options.form.price', '2019-08-05 18:52:40', '2019-08-05 18:52:40'),
(331, 'option::options.form.price_types.fixed', '2019-08-05 18:52:55', '2019-08-05 18:52:55'),
(332, 'option::options.form.price_types.percent', '2019-08-05 18:53:03', '2019-08-05 18:53:03'),
(333, 'option::options.form.this_option_is_required', '2019-08-05 18:53:09', '2019-08-05 18:53:09'),
(334, 'option::options.option', '2019-08-05 18:53:16', '2019-08-05 18:53:16'),
(335, 'option::options.options', '2019-08-05 18:53:27', '2019-08-05 18:53:27'),
(336, 'option::options.select_global_option', '2019-08-05 18:53:56', '2019-08-05 18:53:56'),
(337, 'option::options.table.name', '2019-08-05 18:54:02', '2019-08-05 18:54:02'),
(338, 'option::options.table.type', '2019-08-05 18:54:06', '2019-08-05 18:54:06'),
(339, 'option::options.tabs.group.option_information', '2019-08-05 18:54:21', '2019-08-05 18:54:21'),
(340, 'option::options.tabs.product.options', '2019-08-05 18:54:29', '2019-08-05 18:54:29'),
(341, 'option::options.tabs.values', '2019-08-05 18:54:37', '2019-08-05 18:54:37'),
(342, 'option::permissions.options.create', '2019-08-05 18:54:42', '2019-08-05 18:54:42'),
(343, 'option::permissions.options.destroy', '2019-08-05 18:54:57', '2019-08-05 18:54:57'),
(344, 'option::permissions.options.edit', '2019-08-05 18:55:21', '2019-08-05 18:55:21'),
(345, 'option::permissions.options.index', '2019-08-05 18:55:31', '2019-08-05 18:55:31'),
(346, 'option::sidebar.options', '2019-08-05 18:55:37', '2019-08-05 18:55:37'),
(347, 'order::mail.your_order_status_changed_subject', '2019-08-05 18:55:53', '2019-08-05 18:55:53'),
(348, 'order::mail.your_order_status_changed_text', '2019-08-05 18:57:00', '2019-08-05 18:57:00'),
(349, 'order::messages.invoice_sent', '2019-08-05 18:57:13', '2019-08-05 18:57:13'),
(350, 'order::messages.payment_canceled', '2019-08-05 18:57:21', '2019-08-05 18:57:21'),
(351, 'order::messages.status_updated', '2019-08-05 18:57:31', '2019-08-05 18:57:31'),
(352, 'order::orders.account_information', '2019-08-05 18:57:39', '2019-08-05 18:57:39'),
(353, 'order::orders.address_information', '2019-08-05 18:57:47', '2019-08-05 18:57:47'),
(354, 'order::orders.billing_address', '2019-08-05 18:57:57', '2019-08-05 18:57:57'),
(355, 'order::orders.coupon', '2019-08-05 18:58:14', '2019-08-05 18:58:14'),
(356, 'order::orders.currency', '2019-08-05 18:58:24', '2019-08-05 18:58:24'),
(357, 'order::orders.currency_rate', '2019-08-05 18:58:31', '2019-08-05 18:58:31'),
(358, 'order::orders.customer_email', '2019-08-05 18:58:40', '2019-08-05 18:58:40'),
(359, 'order::orders.customer_group', '2019-08-05 18:58:48', '2019-08-05 18:58:48'),
(360, 'order::orders.customer_name', '2019-08-05 18:58:58', '2019-08-05 18:58:58'),
(361, 'order::orders.customer_phone', '2019-08-05 18:59:06', '2019-08-05 18:59:06'),
(362, 'order::orders.items_ordered', '2019-08-05 18:59:36', '2019-08-05 18:59:36'),
(363, 'order::orders.line_total', '2019-08-05 19:00:02', '2019-08-05 19:00:02'),
(364, 'order::orders.order', '2019-08-05 19:00:37', '2019-08-05 19:00:37'),
(365, 'order::orders.order_and_account_information', '2019-08-05 19:00:56', '2019-08-05 19:00:56'),
(366, 'order::orders.order_date', '2019-08-05 19:01:03', '2019-08-05 19:01:03'),
(367, 'order::orders.order_information', '2019-08-05 19:01:11', '2019-08-05 19:01:11'),
(368, 'order::orders.order_status', '2019-08-05 19:01:18', '2019-08-05 19:01:18'),
(369, 'order::orders.orders', '2019-08-05 19:01:37', '2019-08-05 19:01:37'),
(370, 'order::orders.payment_method', '2019-08-05 19:01:56', '2019-08-05 19:01:56'),
(371, 'order::orders.print', '2019-08-05 19:02:04', '2019-08-05 19:02:04'),
(372, 'order::orders.quantity', '2019-08-05 19:02:13', '2019-08-05 19:02:13'),
(373, 'order::orders.product', '2019-08-05 19:02:16', '2019-08-05 19:02:16'),
(374, 'core::validation.size.array', '2019-08-05 19:05:35', '2019-08-05 19:05:35'),
(375, 'core::validation.size.file', '2019-08-05 19:06:09', '2019-08-05 19:06:09'),
(376, 'core::validation.size.string', '2019-08-05 19:06:53', '2019-08-05 19:06:53'),
(377, 'menu::menus.menu', '2019-08-05 19:09:29', '2019-08-05 19:09:29'),
(378, 'menu::menus.menus', '2019-08-05 19:09:34', '2019-08-05 19:09:34'),
(379, 'menu::sidebar.menus', '2019-08-05 19:09:50', '2019-08-05 19:09:50'),
(380, 'storefront::storefront.tabs.menus', '2019-08-05 19:09:55', '2019-08-05 19:09:55'),
(381, 'order::orders.registered', '2019-08-05 19:12:37', '2019-08-05 19:12:37'),
(382, 'order::orders.send_email', '2019-08-05 19:12:49', '2019-08-05 19:12:49'),
(383, 'order::orders.shipping_address', '2019-08-05 19:12:59', '2019-08-05 19:12:59'),
(384, 'order::orders.shipping_method', '2019-08-05 19:13:07', '2019-08-05 19:13:07'),
(385, 'order::orders.table.customer_email', '2019-08-05 19:13:48', '2019-08-05 19:13:48'),
(386, 'order::orders.table.customer_name', '2019-08-05 19:13:59', '2019-08-05 19:13:59'),
(387, 'order::orders.table.order_id', '2019-08-05 19:14:07', '2019-08-05 19:14:07'),
(388, 'order::orders.tax', '2019-08-05 19:14:20', '2019-08-05 19:14:20'),
(389, 'order::orders.unit_price', '2019-08-05 19:14:29', '2019-08-05 19:14:29'),
(390, 'order::permissions.edit', '2019-08-05 19:14:38', '2019-08-05 19:14:38'),
(391, 'order::permissions.index', '2019-08-05 19:15:09', '2019-08-05 19:15:09'),
(392, 'order::permissions.show', '2019-08-05 19:15:18', '2019-08-05 19:15:18'),
(393, 'order::print.billing_address', '2019-08-05 19:15:24', '2019-08-05 19:15:24'),
(394, 'order::print.date', '2019-08-05 19:15:30', '2019-08-05 19:15:30'),
(395, 'order::print.email', '2019-08-05 19:15:36', '2019-08-05 19:15:36'),
(396, 'order::print.invoice', '2019-08-05 19:15:42', '2019-08-05 19:15:42'),
(397, 'order::print.invoice_id', '2019-08-05 19:15:47', '2019-08-05 19:15:47'),
(398, 'order::print.line_total', '2019-08-05 19:16:02', '2019-08-05 19:16:02'),
(399, 'order::print.order_details', '2019-08-05 19:16:10', '2019-08-05 19:16:10'),
(400, 'order::print.payment_method', '2019-08-05 19:16:15', '2019-08-05 19:16:15'),
(401, 'order::print.phone', '2019-08-05 19:16:34', '2019-08-05 19:16:34'),
(402, 'order::print.product', '2019-08-05 19:16:40', '2019-08-05 19:16:40'),
(403, 'order::print.quantity', '2019-08-05 19:16:56', '2019-08-05 19:16:56'),
(404, 'order::print.shipping_address', '2019-08-05 19:17:03', '2019-08-05 19:17:03'),
(405, 'order::print.shipping_method', '2019-08-05 19:17:08', '2019-08-05 19:17:08'),
(406, 'order::print.unit_price', '2019-08-05 19:17:15', '2019-08-05 19:17:15'),
(407, 'order::statuses.canceled', '2019-08-05 19:17:25', '2019-08-05 19:17:25'),
(408, 'order::statuses.completed', '2019-08-05 19:17:52', '2019-08-05 19:17:52'),
(409, 'order::statuses.on_hold', '2019-08-05 19:18:10', '2019-08-05 19:18:10'),
(410, 'order::statuses.pending', '2019-08-05 19:18:19', '2019-08-05 19:18:19'),
(411, 'order::statuses.pending_payment', '2019-08-05 19:18:28', '2019-08-05 19:18:28'),
(412, 'order::statuses.processing', '2019-08-05 19:18:35', '2019-08-05 19:18:35'),
(413, 'order::statuses.refunded', '2019-08-05 19:18:49', '2019-08-05 19:18:49'),
(414, 'page::attributes.body', '2019-08-05 19:18:58', '2019-08-05 19:18:58'),
(415, 'page::attributes.is_active', '2019-08-05 19:19:25', '2019-08-05 19:19:25'),
(416, 'page::attributes.name', '2019-08-05 19:19:33', '2019-08-05 19:19:33'),
(417, 'page::pages.form.enable_the_page', '2019-08-05 19:19:41', '2019-08-05 19:19:41'),
(418, 'page::pages.pages', '2019-08-05 19:19:50', '2019-08-05 19:19:50'),
(419, 'page::pages.page', '2019-08-05 19:19:57', '2019-08-05 19:19:57'),
(420, 'page::pages.table.name', '2019-08-05 19:20:04', '2019-08-05 19:20:04'),
(421, 'page::pages.tabs.group.page_information', '2019-08-05 19:20:15', '2019-08-05 19:20:15'),
(422, 'page::permissions.create', '2019-08-05 19:20:23', '2019-08-05 19:20:23'),
(423, 'page::permissions.destroy', '2019-08-05 19:20:33', '2019-08-05 19:20:33'),
(424, 'page::permissions.edit', '2019-08-05 19:20:39', '2019-08-05 19:20:39'),
(425, 'page::permissions.index', '2019-08-05 19:21:02', '2019-08-05 19:21:02'),
(426, 'page::sidebar.pages', '2019-08-05 19:21:15', '2019-08-05 19:21:15'),
(427, 'product::attributes.categories', '2019-08-05 19:21:21', '2019-08-05 19:21:21'),
(428, 'product::attributes.description', '2019-08-05 19:21:26', '2019-08-05 19:21:26'),
(429, 'product::attributes.in_stock', '2019-08-05 19:21:33', '2019-08-05 19:21:33'),
(430, 'product::attributes.is_active', '2019-08-05 19:21:54', '2019-08-05 19:21:54'),
(431, 'product::attributes.is_reviewable', '2019-08-05 19:22:03', '2019-08-05 19:22:03'),
(432, 'product::attributes.manage_stock', '2019-08-05 19:22:10', '2019-08-05 19:22:10'),
(433, 'product::attributes.name', '2019-08-05 19:22:18', '2019-08-05 19:22:18'),
(434, 'product::attributes.new_from', '2019-08-05 19:22:27', '2019-08-05 19:22:27'),
(435, 'product::attributes.new_to', '2019-08-05 19:22:33', '2019-08-05 19:22:33'),
(436, 'product::attributes.price', '2019-08-05 19:22:41', '2019-08-05 19:22:41'),
(437, 'product::attributes.qty', '2019-08-05 19:22:49', '2019-08-05 19:22:49'),
(438, 'product::attributes.short_description', '2019-08-05 19:22:59', '2019-08-05 19:22:59'),
(439, 'product::attributes.special_price', '2019-08-05 19:23:15', '2019-08-05 19:23:15'),
(440, 'product::attributes.special_price_end', '2019-08-05 19:23:20', '2019-08-05 19:23:20'),
(441, 'product::attributes.special_price_start', '2019-08-05 19:23:33', '2019-08-05 19:23:33'),
(442, 'product::attributes.tax_class_id', '2019-08-05 19:23:33', '2019-08-05 19:23:33'),
(443, 'product::permissions.create', '2019-08-05 19:23:49', '2019-08-05 19:23:49'),
(444, 'product::permissions.destroy', '2019-08-05 19:23:55', '2019-08-05 19:23:55'),
(445, 'product::permissions.edit', '2019-08-05 19:24:07', '2019-08-05 19:24:07'),
(446, 'product::permissions.index', '2019-08-05 19:24:50', '2019-08-05 19:24:50'),
(447, 'product::products.form.additional_images', '2019-08-05 19:25:00', '2019-08-05 19:25:00'),
(448, 'product::products.form.base_image', '2019-08-05 19:25:06', '2019-08-05 19:25:06'),
(449, 'product::products.form.enable_the_product', '2019-08-05 19:25:13', '2019-08-05 19:25:13'),
(450, 'product::products.form.manage_stock_states.0', '2019-08-05 19:25:22', '2019-08-05 19:25:22'),
(451, 'product::products.form.manage_stock_states.1', '2019-08-05 19:25:31', '2019-08-05 19:25:31'),
(452, 'product::products.form.stock_availability_states.0', '2019-08-05 19:25:38', '2019-08-05 19:25:38'),
(453, 'product::products.form.stock_availability_states.1', '2019-08-05 19:26:02', '2019-08-05 19:26:02'),
(454, 'product::products.product', '2019-08-05 19:26:12', '2019-08-05 19:26:12'),
(455, 'product::products.products', '2019-08-05 19:26:14', '2019-08-05 19:26:14'),
(456, 'product::products.table.name', '2019-08-05 19:26:23', '2019-08-05 19:26:23'),
(457, 'product::products.table.price', '2019-08-05 19:26:28', '2019-08-05 19:26:28'),
(458, 'product::products.table.thumbnail', '2019-08-05 19:26:37', '2019-08-05 19:26:37'),
(459, 'product::products.tabs.additionals', '2019-08-05 19:26:44', '2019-08-05 19:26:44'),
(460, 'product::products.tabs.group.advanced_information', '2019-08-05 19:27:07', '2019-08-05 19:27:07'),
(461, 'product::products.tabs.group.basic_information', '2019-08-05 19:27:18', '2019-08-05 19:27:18'),
(462, 'product::products.tabs.images', '2019-08-05 19:27:38', '2019-08-05 19:27:38'),
(463, 'product::products.tabs.inventory', '2019-08-05 19:27:52', '2019-08-05 19:27:52'),
(464, 'product::products.tabs.price', '2019-08-05 19:27:56', '2019-08-05 19:27:56'),
(465, 'product::products.tabs.related_products', '2019-08-05 19:28:06', '2019-08-05 19:28:06'),
(466, 'product::sidebar.catalog', '2019-08-05 19:28:56', '2019-08-05 19:28:56'),
(467, 'product::sidebar.products', '2019-08-05 19:29:04', '2019-08-05 19:29:04'),
(468, 'report::admin.filter', '2019-08-05 19:29:21', '2019-08-05 19:29:21'),
(469, 'report::admin.filters.coupon_code', '2019-08-05 19:29:29', '2019-08-05 19:29:29'),
(470, 'report::admin.filters.customer_email', '2019-08-05 19:29:39', '2019-08-05 19:29:39'),
(471, 'report::admin.filters.customer_name', '2019-08-05 19:29:49', '2019-08-05 19:29:49'),
(472, 'report::admin.filters.date_end', '2019-08-05 19:29:55', '2019-08-05 19:29:55'),
(473, 'report::admin.filters.date_start', '2019-08-05 19:30:01', '2019-08-05 19:30:01'),
(474, 'report::admin.filters.group_by', '2019-08-05 19:30:10', '2019-08-05 19:30:10'),
(475, 'report::admin.filters.groups.days', '2019-08-05 19:30:19', '2019-08-05 19:30:19'),
(476, 'report::admin.filters.groups.months', '2019-08-05 19:30:25', '2019-08-05 19:30:25'),
(477, 'report::admin.filters.groups.weeks', '2019-08-05 19:30:33', '2019-08-05 19:30:33'),
(478, 'report::admin.filters.groups.years', '2019-08-05 19:30:43', '2019-08-05 19:30:43'),
(479, 'report::admin.filters.keyword', '2019-08-05 19:30:50', '2019-08-05 19:30:50'),
(480, 'report::admin.filters.please_select', '2019-08-05 19:31:01', '2019-08-05 19:31:01'),
(481, 'report::admin.filters.product', '2019-08-05 19:31:11', '2019-08-05 19:31:11'),
(482, 'report::admin.filters.quantity_above', '2019-08-05 19:31:15', '2019-08-05 19:31:15'),
(483, 'report::admin.filters.quantity_below', '2019-08-05 19:31:21', '2019-08-05 19:31:21'),
(484, 'report::admin.filters.report_type', '2019-08-05 19:31:43', '2019-08-05 19:31:43'),
(485, 'report::admin.filters.report_types.coupons_report', '2019-08-05 19:31:43', '2019-08-05 19:31:43'),
(486, 'report::admin.filters.report_types.customers_order_report', '2019-08-05 19:31:51', '2019-08-05 19:31:51'),
(487, 'report::admin.filters.report_types.products_purchase_report', '2019-08-05 19:32:41', '2019-08-05 19:32:41'),
(488, 'report::admin.filters.report_types.products_stock_report', '2019-08-05 19:32:53', '2019-08-05 19:32:53'),
(489, 'report::admin.filters.report_types.products_view_report', '2019-08-05 19:33:13', '2019-08-05 19:33:13'),
(490, 'report::admin.filters.report_types.sales_report', '2019-08-05 19:33:23', '2019-08-05 19:33:23'),
(491, 'report::admin.filters.report_types.search_report', '2019-08-05 19:33:29', '2019-08-05 19:33:29'),
(492, 'report::admin.filters.report_types.shipping_report', '2019-08-05 19:33:37', '2019-08-05 19:33:37'),
(493, 'report::admin.filters.report_types.tax_report', '2019-08-05 19:33:47', '2019-08-05 19:33:47'),
(494, 'report::admin.filters.shipping_method', '2019-08-05 19:33:55', '2019-08-05 19:33:55'),
(495, 'report::admin.filters.status', '2019-08-05 19:34:02', '2019-08-05 19:34:02'),
(496, 'report::admin.filters.stock_availability', '2019-08-05 19:34:10', '2019-08-05 19:34:10'),
(497, 'report::admin.filters.stock_availability_states.in_stock', '2019-08-05 19:34:17', '2019-08-05 19:34:17'),
(498, 'report::admin.filters.tax_name', '2019-08-05 19:34:39', '2019-08-05 19:34:39'),
(499, 'report::admin.no_data', '2019-08-05 19:34:47', '2019-08-05 19:34:47'),
(500, 'report::admin.reports', '2019-08-05 19:35:07', '2019-08-05 19:35:07'),
(501, 'report::admin.table.coupon_code', '2019-08-05 19:35:16', '2019-08-05 19:35:16'),
(502, 'report::admin.table.coupon_name', '2019-08-05 19:35:21', '2019-08-05 19:35:21'),
(503, 'report::admin.table.customer_email', '2019-08-05 19:35:30', '2019-08-05 19:35:30'),
(504, 'report::admin.table.customer_group', '2019-08-05 19:35:51', '2019-08-05 19:35:51'),
(505, 'report::admin.table.customer_name', '2019-08-05 19:36:02', '2019-08-05 19:36:02'),
(506, 'report::admin.table.date', '2019-08-05 19:36:10', '2019-08-05 19:36:10'),
(507, 'report::admin.table.discount', '2019-08-05 19:36:25', '2019-08-05 19:36:25'),
(508, 'report::admin.table.guest', '2019-08-05 19:36:37', '2019-08-05 19:36:37'),
(509, 'report::admin.table.keyword', '2019-08-05 19:37:20', '2019-08-05 19:37:20'),
(510, 'report::admin.table.orders', '2019-08-05 19:37:48', '2019-08-05 19:37:48'),
(511, 'report::admin.table.product', '2019-08-05 19:37:57', '2019-08-05 19:37:57'),
(512, 'report::admin.table.products', '2019-08-05 19:38:03', '2019-08-05 19:38:03'),
(513, 'report::admin.table.qty', '2019-08-05 19:38:15', '2019-08-05 19:38:15'),
(514, 'report::admin.table.registered', '2019-08-05 19:38:23', '2019-08-05 19:38:23'),
(515, 'report::admin.table.results', '2019-08-05 19:38:39', '2019-08-05 19:38:39'),
(516, 'report::admin.table.shipping', '2019-08-05 19:38:51', '2019-08-05 19:38:51'),
(517, 'report::admin.table.shipping_method', '2019-08-05 19:39:00', '2019-08-05 19:39:00'),
(518, 'report::admin.table.stock_availability', '2019-08-05 19:39:10', '2019-08-05 19:39:10'),
(519, 'report::admin.table.tax', '2019-08-05 19:39:23', '2019-08-05 19:39:23'),
(520, 'report::admin.table.tax_name', '2019-08-05 19:39:33', '2019-08-05 19:39:33'),
(521, 'report::admin.table.views', '2019-08-05 19:39:49', '2019-08-05 19:39:49'),
(522, 'report::permissions.index', '2019-08-05 19:40:07', '2019-08-05 19:40:07'),
(523, 'report::sidebar.reports', '2019-08-05 19:40:22', '2019-08-05 19:40:22'),
(524, 'review::attributes.comment', '2019-08-05 19:40:47', '2019-08-05 19:40:47'),
(525, 'review::attributes.is_approved', '2019-08-05 19:41:03', '2019-08-05 19:41:03'),
(526, 'review::attributes.rating', '2019-08-05 19:41:19', '2019-08-05 19:41:19'),
(527, 'review::attributes.reviewer_name', '2019-08-05 19:41:30', '2019-08-05 19:41:30'),
(528, 'review::messages.submitted_for_approval', '2019-08-05 19:41:46', '2019-08-05 19:41:46'),
(529, 'review::messages.thank_you', '2019-08-05 19:41:54', '2019-08-05 19:41:54'),
(530, 'review::permissions.destroy', '2019-08-05 19:42:01', '2019-08-05 19:42:01'),
(531, 'review::permissions.edit', '2019-08-05 19:42:34', '2019-08-05 19:42:34'),
(532, 'review::permissions.index', '2019-08-05 19:43:21', '2019-08-05 19:43:21'),
(533, 'review::reviews.form.approve_this_review', '2019-08-05 19:46:19', '2019-08-05 19:46:19'),
(534, 'review::reviews.review', '2019-08-05 19:46:28', '2019-08-05 19:46:28'),
(535, 'review::reviews.reviews', '2019-08-05 19:46:40', '2019-08-05 19:46:40'),
(536, 'review::reviews.shortcuts.back_to_product_edit_page', '2019-08-05 19:46:54', '2019-08-05 19:46:54'),
(537, 'review::reviews.table.approved', '2019-08-05 19:47:03', '2019-08-05 19:47:03'),
(538, 'review::reviews.table.product', '2019-08-05 19:47:12', '2019-08-05 19:47:12'),
(539, 'review::reviews.table.rating', '2019-08-05 19:47:15', '2019-08-05 19:47:15'),
(540, 'review::reviews.table.reviewer_name', '2019-08-05 19:47:28', '2019-08-05 19:47:28'),
(541, 'review::reviews.tabs.group.review_information', '2019-08-05 19:47:49', '2019-08-05 19:47:49'),
(542, 'review::reviews.tabs.products.reviews', '2019-08-05 19:47:57', '2019-08-05 19:47:57'),
(543, 'review::sidebar.reviews', '2019-08-05 19:48:00', '2019-08-05 19:48:00'),
(544, 'setting::attributes.admin_order_email', '2019-08-05 19:48:27', '2019-08-05 19:48:27'),
(545, 'setting::attributes.allowed_ips', '2019-08-05 19:48:44', '2019-08-05 19:48:44'),
(546, 'setting::attributes.auto_approve_reviews', '2019-08-05 19:48:53', '2019-08-05 19:48:53'),
(547, 'setting::attributes.auto_refresh_currency_rate_frequency', '2019-08-05 19:49:04', '2019-08-05 19:49:04'),
(548, 'setting::attributes.auto_refresh_currency_rates', '2019-08-05 19:49:11', '2019-08-05 19:49:11'),
(549, 'setting::attributes.bank_transfer_enabled', '2019-08-05 19:49:20', '2019-08-05 19:49:20'),
(550, 'setting::attributes.check_payment_enabled', '2019-08-05 19:49:23', '2019-08-05 19:49:23'),
(551, 'setting::attributes.cod_enabled', '2019-08-05 19:49:26', '2019-08-05 19:49:26'),
(552, 'setting::attributes.currency_data_feed_api_key', '2019-08-05 19:49:37', '2019-08-05 19:49:37'),
(553, 'setting::attributes.currency_rate_exchange_service', '2019-08-05 19:49:49', '2019-08-05 19:49:49'),
(554, 'setting::attributes.custom_footer_assets', '2019-08-05 19:50:09', '2019-08-05 19:50:09'),
(555, 'setting::attributes.custom_header_assets', '2019-08-05 19:50:21', '2019-08-05 19:50:21'),
(556, 'setting::attributes.customer_role', '2019-08-05 19:50:37', '2019-08-05 19:50:37'),
(557, 'setting::attributes.default_country', '2019-08-05 19:50:47', '2019-08-05 19:50:47'),
(558, 'setting::attributes.default_currency', '2019-08-05 19:50:52', '2019-08-05 19:50:52'),
(559, 'setting::attributes.default_locale', '2019-08-05 19:51:00', '2019-08-05 19:51:00'),
(560, 'setting::attributes.default_timezone', '2019-08-05 19:51:46', '2019-08-05 19:51:46'),
(561, 'setting::attributes.facebook_login_app_id', '2019-08-05 19:51:52', '2019-08-05 19:51:52'),
(562, 'setting::attributes.facebook_login_app_secret', '2019-08-05 19:52:35', '2019-08-05 19:52:35'),
(563, 'setting::attributes.facebook_login_enabled', '2019-08-05 19:52:44', '2019-08-05 19:52:44'),
(564, 'setting::attributes.fixer_access_key', '2019-08-05 19:53:02', '2019-08-05 19:53:02'),
(565, 'setting::attributes.flat_rate_cost', '2019-08-05 19:53:12', '2019-08-05 19:53:12'),
(566, 'setting::attributes.flat_rate_enabled', '2019-08-05 19:53:22', '2019-08-05 19:53:22'),
(567, 'setting::attributes.forge_api_key', '2019-08-05 19:53:28', '2019-08-05 19:53:28'),
(568, 'setting::attributes.free_shipping_enabled', '2019-08-05 19:53:35', '2019-08-05 19:53:35'),
(569, 'setting::attributes.google_login_enabled', '2019-08-05 19:53:39', '2019-08-05 19:53:39'),
(570, 'setting::attributes.instamojo_enabled', '2019-08-05 19:53:42', '2019-08-05 19:53:42'),
(571, 'setting::attributes.local_pickup_enabled', '2019-08-05 19:53:46', '2019-08-05 19:53:46'),
(572, 'setting::attributes.paypal_express_enabled', '2019-08-05 19:53:50', '2019-08-05 19:53:50'),
(573, 'setting::attributes.stripe_enabled', '2019-08-05 19:53:56', '2019-08-05 19:53:56'),
(574, 'setting::attributes.free_shipping_min_amount', '2019-08-05 19:54:14', '2019-08-05 19:54:14'),
(575, 'setting::attributes.google_login_client_id', '2019-08-05 19:54:22', '2019-08-05 19:54:22'),
(576, 'setting::attributes.google_login_client_secret', '2019-08-05 19:54:30', '2019-08-05 19:54:30');
INSERT INTO `translations` (`id`, `key`, `created_at`, `updated_at`) VALUES
(577, 'setting::attributes.instamojo_api_key', '2019-08-05 19:55:06', '2019-08-05 19:55:06'),
(578, 'setting::attributes.instamojo_auth_token', '2019-08-05 19:56:00', '2019-08-05 19:56:00'),
(579, 'setting::attributes.instamojo_description', '2019-08-05 19:56:29', '2019-08-05 19:56:29'),
(580, 'setting::attributes.instamojo_label', '2019-08-05 19:56:43', '2019-08-05 19:56:43'),
(581, 'setting::attributes.invoice_email', '2019-08-05 19:57:20', '2019-08-05 19:57:20'),
(582, 'setting::attributes.local_pickup_cost', '2019-08-05 19:57:31', '2019-08-05 19:57:31'),
(583, 'setting::attributes.mail_encryption', '2019-08-05 19:57:34', '2019-08-05 19:57:34'),
(584, 'setting::attributes.mail_from_address', '2019-08-05 19:57:47', '2019-08-05 19:57:47'),
(585, 'setting::attributes.mail_from_name', '2019-08-05 19:58:00', '2019-08-05 19:58:00'),
(586, 'setting::attributes.mail_password', '2019-08-05 19:59:24', '2019-08-05 19:59:24'),
(587, 'setting::attributes.mail_port', '2019-08-05 19:59:34', '2019-08-05 19:59:34'),
(588, 'setting::attributes.mail_username', '2019-08-05 19:59:51', '2019-08-05 19:59:51'),
(589, 'setting::attributes.maintenance_mode', '2019-08-05 20:00:02', '2019-08-05 20:00:02'),
(590, 'setting::attributes.order_status_email', '2019-08-05 20:00:12', '2019-08-05 20:00:12'),
(591, 'setting::attributes.paypal_express_password', '2019-08-05 20:00:28', '2019-08-05 20:00:28'),
(592, 'setting::attributes.paypal_express_signature', '2019-08-05 20:00:45', '2019-08-05 20:00:45'),
(593, 'setting::attributes.paypal_express_username', '2019-08-05 20:01:11', '2019-08-05 20:01:11'),
(594, 'setting::attributes.reviews_enabled', '2019-08-05 20:01:20', '2019-08-05 20:01:20'),
(595, 'setting::attributes.store_address_1', '2019-08-05 20:01:28', '2019-08-05 20:01:28'),
(596, 'setting::attributes.store_address_2', '2019-08-05 20:01:34', '2019-08-05 20:01:34'),
(597, 'setting::attributes.store_city', '2019-08-05 20:01:57', '2019-08-05 20:01:57'),
(598, 'setting::attributes.store_country', '2019-08-05 20:02:08', '2019-08-05 20:02:08'),
(599, 'setting::attributes.store_email', '2019-08-05 20:02:18', '2019-08-05 20:02:18'),
(600, 'setting::attributes.store_phone', '2019-08-05 20:02:25', '2019-08-05 20:02:25'),
(601, 'setting::attributes.store_state', '2019-08-05 20:02:53', '2019-08-05 20:02:53'),
(602, 'setting::attributes.stripe_publishable_key', '2019-08-05 20:05:01', '2019-08-05 20:05:01'),
(603, 'setting::attributes.stripe_secret_key', '2019-08-05 20:05:07', '2019-08-05 20:05:07'),
(604, 'setting::attributes.supported_countries', '2019-08-05 20:05:19', '2019-08-05 20:05:19'),
(605, 'setting::attributes.supported_countries.*', '2019-08-05 20:05:34', '2019-08-05 20:05:34'),
(606, 'setting::attributes.supported_currencies', '2019-08-05 20:05:41', '2019-08-05 20:05:41'),
(607, 'setting::attributes.supported_currencies.*', '2019-08-05 20:05:48', '2019-08-05 20:05:48'),
(608, 'setting::attributes.supported_locales', '2019-08-05 20:05:55', '2019-08-05 20:05:55'),
(609, 'setting::attributes.supported_locales.*', '2019-08-05 20:06:04', '2019-08-05 20:06:04'),
(610, 'setting::attributes.translatable.bank_transfer_description', '2019-08-05 20:06:20', '2019-08-05 20:06:20'),
(611, 'setting::attributes.translatable.bank_transfer_instructions', '2019-08-05 20:06:37', '2019-08-05 20:06:37'),
(612, 'setting::attributes.translatable.bank_transfer_label', '2019-08-05 20:06:52', '2019-08-05 20:06:52'),
(613, 'setting::attributes.translatable.check_payment_description', '2019-08-05 20:06:59', '2019-08-05 20:06:59'),
(614, 'setting::attributes.translatable.check_payment_instructions', '2019-08-05 20:07:08', '2019-08-05 20:07:08'),
(615, 'setting::attributes.translatable.check_payment_label', '2019-08-05 20:07:25', '2019-08-05 20:07:25'),
(616, 'setting::attributes.translatable.cod_label', '2019-08-05 20:07:34', '2019-08-05 20:07:34'),
(617, 'setting::attributes.translatable.flat_rate_label', '2019-08-05 20:07:39', '2019-08-05 20:07:39'),
(618, 'setting::attributes.translatable.free_shipping_label', '2019-08-05 20:07:42', '2019-08-05 20:07:42'),
(619, 'setting::attributes.translatable.local_pickup_label', '2019-08-05 20:07:44', '2019-08-05 20:07:44'),
(620, 'setting::attributes.translatable.paypal_express_label', '2019-08-05 20:07:47', '2019-08-05 20:07:47'),
(621, 'setting::attributes.translatable.stripe_label', '2019-08-05 20:07:52', '2019-08-05 20:07:52'),
(622, 'setting::attributes.translatable.cod_description', '2019-08-05 20:08:21', '2019-08-05 20:08:21'),
(623, 'setting::attributes.translatable.paypal_express_description', '2019-08-05 20:08:26', '2019-08-05 20:08:26'),
(624, 'setting::attributes.translatable.store_name', '2019-08-05 20:08:36', '2019-08-05 20:08:36'),
(625, 'setting::attributes.translatable.store_tagline', '2019-08-05 20:09:10', '2019-08-05 20:09:10'),
(626, 'setting::attributes.translatable.stripe_description', '2019-08-05 20:09:36', '2019-08-05 20:09:36'),
(627, 'setting::attributes.welcome_email', '2019-08-05 20:09:44', '2019-08-05 20:09:44'),
(628, 'setting::messages.settings_have_been_saved', '2019-08-05 20:09:53', '2019-08-05 20:09:53'),
(629, 'setting::permissions.edit', '2019-08-05 20:10:03', '2019-08-05 20:10:03'),
(630, 'setting::settings.form.allow_reviews', '2019-08-05 20:10:17', '2019-08-05 20:10:17'),
(631, 'setting::settings.form.approve_reviews_automatically', '2019-08-05 20:10:30', '2019-08-05 20:10:30'),
(632, 'setting::settings.form.auto_refresh_currency_rate_frequencies.daily', '2019-08-05 20:10:47', '2019-08-05 20:10:47'),
(633, 'setting::settings.form.auto_refresh_currency_rate_frequencies.weekly', '2019-08-05 20:11:18', '2019-08-05 20:11:18'),
(634, 'setting::settings.form.enable_auto_refreshing_currency_rates', '2019-08-05 20:11:48', '2019-08-05 20:11:48'),
(635, 'setting::settings.form.auto_refresh_currency_rate_frequencies.monthly', '2019-08-05 20:11:55', '2019-08-05 20:11:55'),
(636, 'setting::settings.form.enable_bank_transfer', '2019-08-05 20:12:08', '2019-08-05 20:12:08'),
(637, 'setting::settings.form.enable_check_payment', '2019-08-05 20:12:16', '2019-08-05 20:12:16'),
(638, 'setting::settings.form.enable_cod', '2019-08-05 20:12:28', '2019-08-05 20:12:28'),
(639, 'setting::settings.form.enable_facebook_login', '2019-08-05 20:12:37', '2019-08-05 20:12:37'),
(640, 'setting::settings.form.enable_flat_rate', '2019-08-05 20:12:46', '2019-08-05 20:12:46'),
(641, 'setting::settings.form.enable_free_shipping', '2019-08-05 20:12:54', '2019-08-05 20:12:54'),
(642, 'setting::settings.form.enable_google_login', '2019-08-05 20:13:00', '2019-08-05 20:13:00'),
(643, 'setting::settings.form.enable_local_pickup', '2019-08-05 20:18:17', '2019-08-05 20:18:17'),
(644, 'setting::settings.form.ip_addreses_seperated_in_new_line', '2019-08-05 20:20:46', '2019-08-05 20:20:46'),
(645, 'setting::settings.form.leave_it_blank_to_disable_fuzzy_search', '2019-08-05 20:20:58', '2019-08-05 20:20:58'),
(646, 'setting::settings.form.put_the_application_into_maintenance_mode', '2019-08-05 20:21:17', '2019-08-05 20:21:17'),
(647, 'setting::settings.form.select_service', '2019-08-05 20:21:26', '2019-08-05 20:21:26'),
(648, 'setting::settings.form.send_email_after_order_status_changed', '2019-08-05 20:21:41', '2019-08-05 20:21:41'),
(649, 'setting::settings.form.send_invoice_email', '2019-08-05 20:21:51', '2019-08-05 20:21:51'),
(650, 'setting::settings.form.send_order_notification_to_admin', '2019-08-05 20:22:03', '2019-08-05 20:22:03'),
(651, 'setting::settings.form.send_welcome_email_after_registration', '2019-08-05 20:22:14', '2019-08-05 20:22:14'),
(652, 'setting::settings.settings', '2019-08-05 20:23:21', '2019-08-05 20:23:21'),
(653, 'setting::settings.tabs.bank_transfer', '2019-08-05 20:23:29', '2019-08-05 20:23:29'),
(654, 'setting::settings.tabs.check_payment', '2019-08-05 20:23:37', '2019-08-05 20:23:37'),
(655, 'setting::settings.tabs.cod', '2019-08-05 20:23:47', '2019-08-05 20:23:47'),
(656, 'setting::settings.tabs.currency', '2019-08-05 20:23:55', '2019-08-05 20:23:55'),
(657, 'setting::settings.tabs.custom_css_js', '2019-08-05 20:24:09', '2019-08-05 20:24:09'),
(658, 'setting::settings.tabs.flat_rate', '2019-08-05 20:24:35', '2019-08-05 20:24:35'),
(659, 'setting::settings.tabs.free_shipping', '2019-08-05 20:24:50', '2019-08-05 20:24:50'),
(660, 'setting::settings.tabs.group.general_settings', '2019-08-05 20:25:27', '2019-08-05 20:25:27'),
(661, 'setting::settings.tabs.group.payment_methods', '2019-08-05 20:25:34', '2019-08-05 20:25:34'),
(662, 'setting::settings.tabs.group.shipping_methods', '2019-08-05 20:25:39', '2019-08-05 20:25:39'),
(663, 'setting::settings.tabs.group.social_logins', '2019-08-05 20:25:53', '2019-08-05 20:25:53'),
(664, 'setting::settings.tabs.local_pickup', '2019-08-05 20:26:22', '2019-08-05 20:26:22'),
(665, 'setting::settings.tabs.mail', '2019-08-05 20:26:35', '2019-08-05 20:26:35'),
(666, 'setting::settings.tabs.maintenance', '2019-08-05 20:26:42', '2019-08-05 20:26:42'),
(667, 'setting::settings.tabs.store', '2019-08-05 20:28:09', '2019-08-05 20:28:09'),
(668, 'setting::settings.validation.sqlite_is_not_installed', '2019-08-05 20:28:48', '2019-08-05 20:28:48'),
(669, 'setting::sidebar.settings', '2019-08-05 20:29:05', '2019-08-05 20:29:05'),
(670, 'slider::attributes.arrows', '2019-08-05 20:29:28', '2019-08-05 20:29:28'),
(671, 'slider::attributes.autoplay', '2019-08-05 20:29:46', '2019-08-05 20:29:46'),
(672, 'slider::attributes.autoplay_speed', '2019-08-05 20:29:52', '2019-08-05 20:29:52'),
(673, 'slider::attributes.call_to_action_effect', '2019-08-05 20:30:28', '2019-08-05 20:30:28'),
(674, 'slider::attributes.call_to_action_text', '2019-08-05 20:30:38', '2019-08-05 20:30:38'),
(675, 'slider::attributes.call_to_action_url', '2019-08-05 20:30:49', '2019-08-05 20:30:49'),
(676, 'slider::attributes.caption_1', '2019-08-05 20:30:56', '2019-08-05 20:30:56'),
(677, 'slider::attributes.caption_1_effect', '2019-08-05 20:31:10', '2019-08-05 20:31:10'),
(678, 'slider::attributes.caption_2', '2019-08-05 20:31:23', '2019-08-05 20:31:23'),
(679, 'slider::attributes.caption_3', '2019-08-05 20:31:31', '2019-08-05 20:31:31'),
(680, 'slider::attributes.caption_2_effect', '2019-08-05 20:31:43', '2019-08-05 20:31:43'),
(681, 'slider::attributes.caption_3_effect', '2019-08-05 20:31:48', '2019-08-05 20:31:48'),
(682, 'slider::attributes.name', '2019-08-05 20:31:56', '2019-08-05 20:31:56'),
(683, 'slider::attributes.open_in_new_window', '2019-08-05 20:32:04', '2019-08-05 20:32:04'),
(684, 'slider::permissions.create', '2019-08-05 20:32:10', '2019-08-05 20:32:10'),
(685, 'slider::permissions.destroy', '2019-08-05 20:33:37', '2019-08-05 20:33:37'),
(686, 'slider::permissions.edit', '2019-08-05 20:33:57', '2019-08-05 20:33:57'),
(687, 'slider::permissions.index', '2019-08-05 20:34:49', '2019-08-05 20:34:49'),
(688, 'slider::sliders.effects.zoomIn', '2019-08-05 20:37:48', '2019-08-05 20:37:48'),
(689, 'slider::sliders.form.enable_autoplay', '2019-08-05 20:38:09', '2019-08-05 20:38:09'),
(690, 'slider::sliders.form.show_arrows', '2019-08-05 20:38:20', '2019-08-05 20:38:20'),
(691, 'slider::sliders.slide.add_slide', '2019-08-05 20:38:27', '2019-08-05 20:38:27'),
(692, 'slider::sliders.slide.form.caption_1', '2019-08-05 20:40:10', '2019-08-05 20:40:10'),
(693, 'slider::sliders.slide.form.caption_2', '2019-08-05 20:40:14', '2019-08-05 20:40:14'),
(694, 'slider::sliders.slide.form.caption_3', '2019-08-05 20:40:21', '2019-08-05 20:40:21'),
(695, 'tax::sidebar.taxes', '2019-08-05 20:42:42', '2019-08-05 20:42:42'),
(696, 'slider::sliders.slide.form.open_in_new_window', '2019-08-05 20:44:37', '2019-08-05 20:44:37'),
(697, 'slider::sliders.slide.form.tabs.options', '2019-08-05 20:44:45', '2019-08-05 20:44:45'),
(698, 'slider::sliders.slide.image_slide', '2019-08-05 20:45:13', '2019-08-05 20:45:13'),
(699, 'slider::sliders.table.name', '2019-08-05 20:58:12', '2019-08-05 20:58:12'),
(700, 'slider::sliders.tabs.settings', '2019-08-05 20:58:44', '2019-08-05 20:58:44'),
(701, 'storefront::404.oops', '2019-08-05 20:59:00', '2019-08-05 20:59:00'),
(702, 'storefront::404.the_page_not_found', '2019-08-05 20:59:11', '2019-08-05 20:59:11'),
(703, 'storefront::account.dashboard.account_information', '2019-08-05 20:59:21', '2019-08-05 20:59:21'),
(704, 'storefront::account.dashboard.edit', '2019-08-05 20:59:27', '2019-08-05 20:59:27'),
(705, 'storefront::account.dashboard.recent_orders', '2019-08-05 20:59:37', '2019-08-05 20:59:37'),
(706, 'storefront::account.dashboard.view_all', '2019-08-05 20:59:43', '2019-08-05 20:59:43'),
(707, 'storefront::account.links.dashboard', '2019-08-05 20:59:54', '2019-08-05 20:59:54'),
(708, 'storefront::account.links.logout', '2019-08-05 21:00:05', '2019-08-05 21:00:05'),
(709, 'storefront::account.links.my_account', '2019-08-05 21:00:11', '2019-08-05 21:00:11'),
(710, 'storefront::account.links.my_orders', '2019-08-05 21:00:19', '2019-08-05 21:00:19'),
(711, 'storefront::account.links.my_profile', '2019-08-05 21:00:32', '2019-08-05 21:00:32'),
(712, 'storefront::account.links.my_reviews', '2019-08-05 21:00:37', '2019-08-05 21:00:37'),
(713, 'storefront::account.links.my_wishlist', '2019-08-05 21:00:43', '2019-08-05 21:00:43'),
(714, 'storefront::account.orders.date', '2019-08-05 21:00:49', '2019-08-05 21:00:49'),
(715, 'storefront::account.orders.no_orders', '2019-08-05 21:00:56', '2019-08-05 21:00:56'),
(716, 'storefront::account.orders.order_id', '2019-08-05 21:01:02', '2019-08-05 21:01:02'),
(717, 'storefront::account.orders.status', '2019-08-05 21:01:08', '2019-08-05 21:01:08'),
(718, 'storefront::account.orders.view_order', '2019-08-05 21:01:15', '2019-08-05 21:01:15'),
(719, 'storefront::account.profile.account', '2019-08-05 21:01:58', '2019-08-05 21:01:58'),
(720, 'storefront::account.profile.confirm_password', '2019-08-05 21:02:04', '2019-08-05 21:02:04'),
(721, 'storefront::account.profile.email', '2019-08-05 21:02:11', '2019-08-05 21:02:11'),
(722, 'storefront::account.profile.first_name', '2019-08-05 21:02:18', '2019-08-05 21:02:18'),
(723, 'storefront::account.profile.last_name', '2019-08-05 21:02:25', '2019-08-05 21:02:25'),
(724, 'storefront::account.profile.new_password', '2019-08-05 21:02:31', '2019-08-05 21:02:31'),
(725, 'storefront::account.profile.password', '2019-08-05 21:02:37', '2019-08-05 21:02:37'),
(726, 'storefront::account.profile.save_changes', '2019-08-05 21:02:42', '2019-08-05 21:02:42'),
(727, 'storefront::account.reviews.date', '2019-08-05 21:02:47', '2019-08-05 21:02:47'),
(728, 'storefront::account.reviews.no_reviews', '2019-08-05 21:02:57', '2019-08-05 21:02:57'),
(729, 'storefront::account.reviews.product', '2019-08-05 21:03:03', '2019-08-05 21:03:03'),
(730, 'storefront::account.reviews.rating', '2019-08-05 21:03:14', '2019-08-05 21:03:14'),
(731, 'storefront::account.view_order.billing_address', '2019-08-05 21:03:20', '2019-08-05 21:03:20'),
(732, 'storefront::account.view_order.coupon', '2019-08-05 21:03:27', '2019-08-05 21:03:27'),
(733, 'storefront::account.view_order.date', '2019-08-05 21:03:32', '2019-08-05 21:03:32'),
(734, 'storefront::account.view_order.email', '2019-08-05 21:03:38', '2019-08-05 21:03:38'),
(735, 'storefront::account.view_order.line_total', '2019-08-05 21:03:53', '2019-08-05 21:03:53'),
(736, 'storefront::account.view_order.order_details', '2019-08-05 21:04:13', '2019-08-05 21:04:13'),
(737, 'storefront::account.view_order.payment_method', '2019-08-05 21:04:21', '2019-08-05 21:04:21'),
(738, 'storefront::account.view_order.product', '2019-08-05 21:04:26', '2019-08-05 21:04:26'),
(739, 'storefront::account.view_order.quantity', '2019-08-05 21:04:32', '2019-08-05 21:04:32'),
(740, 'storefront::account.view_order.shipping_address', '2019-08-05 21:04:40', '2019-08-05 21:04:40'),
(741, 'storefront::account.view_order.shipping_method', '2019-08-05 21:04:49', '2019-08-05 21:04:49'),
(742, 'storefront::account.view_order.telephone', '2019-08-05 21:04:55', '2019-08-05 21:04:55'),
(743, 'storefront::account.view_order.unit_price', '2019-08-05 21:05:02', '2019-08-05 21:05:02'),
(744, 'storefront::account.view_order.view_order', '2019-08-05 21:05:11', '2019-08-05 21:05:11'),
(745, 'storefront::account.wishlist.availability', '2019-08-05 21:05:18', '2019-08-05 21:05:18'),
(746, 'storefront::account.wishlist.empty_wishlist', '2019-08-05 21:05:28', '2019-08-05 21:05:28'),
(747, 'storefront::account.wishlist.in_stock', '2019-08-05 21:05:38', '2019-08-05 21:05:38'),
(748, 'storefront::account.wishlist.out_of_stock', '2019-08-05 21:05:44', '2019-08-05 21:05:44'),
(749, 'storefront::account.wishlist.price', '2019-08-05 21:05:56', '2019-08-05 21:05:56'),
(750, 'storefront::account.wishlist.product', '2019-08-05 21:05:58', '2019-08-05 21:05:58'),
(751, 'storefront::account.wishlist.remove', '2019-08-05 21:06:06', '2019-08-05 21:06:06'),
(752, 'storefront::attributes.caption_1', '2019-08-05 21:07:23', '2019-08-05 21:07:23'),
(753, 'storefront::attributes.caption_2', '2019-08-05 21:07:28', '2019-08-05 21:07:28'),
(754, 'storefront::attributes.column_products', '2019-08-05 21:07:43', '2019-08-05 21:07:43'),
(755, 'storefront::attributes.column_title', '2019-08-05 21:07:54', '2019-08-05 21:07:54'),
(756, 'storefront::attributes.enabled', '2019-08-05 21:08:06', '2019-08-05 21:08:06'),
(757, 'storefront::attributes.icon', '2019-08-05 21:08:35', '2019-08-05 21:08:35'),
(758, 'storefront::attributes.open_in_new_window', '2019-08-05 21:08:44', '2019-08-05 21:08:44'),
(759, 'storefront::attributes.products', '2019-08-05 21:08:51', '2019-08-05 21:08:51'),
(760, 'storefront::attributes.section_status', '2019-08-05 21:09:01', '2019-08-05 21:09:01'),
(761, 'storefront::attributes.section_title', '2019-08-05 21:09:09', '2019-08-05 21:09:09'),
(762, 'storefront::attributes.storefront_category_menu', '2019-08-05 21:09:15', '2019-08-05 21:09:15'),
(763, 'storefront::attributes.storefront_category_menu_title', '2019-08-05 21:09:58', '2019-08-05 21:09:58'),
(764, 'storefront::attributes.storefront_footer_address', '2019-08-05 21:11:32', '2019-08-05 21:11:32'),
(765, 'storefront::attributes.storefront_footer_menu', '2019-08-05 21:11:47', '2019-08-05 21:11:47'),
(766, 'storefront::attributes.storefront_footer_menu_title', '2019-08-05 21:11:54', '2019-08-05 21:11:54'),
(767, 'storefront::attributes.storefront_layout', '2019-08-05 21:12:55', '2019-08-05 21:12:55'),
(768, 'storefront::attributes.storefront_mail_theme', '2019-08-05 21:13:26', '2019-08-05 21:13:26'),
(769, 'storefront::attributes.storefront_primary_menu', '2019-08-05 21:48:25', '2019-08-05 21:48:25'),
(770, 'storefront::attributes.storefront_privacy_page', '2019-08-05 21:48:33', '2019-08-05 21:48:33'),
(771, 'storefront::attributes.storefront_terms_page', '2019-08-05 21:49:19', '2019-08-05 21:49:19'),
(772, 'storefront::attributes.storefront_theme', '2019-08-05 21:49:41', '2019-08-05 21:49:41'),
(773, 'storefront::attributes.subtitle', '2019-08-05 21:49:51', '2019-08-05 21:49:51'),
(774, 'storefront::attributes.tab_products', '2019-08-05 21:50:01', '2019-08-05 21:50:01'),
(775, 'storefront::attributes.tab_title', '2019-08-05 21:50:08', '2019-08-05 21:50:08'),
(776, 'storefront::attributes.title', '2019-08-05 21:50:14', '2019-08-05 21:50:14'),
(777, 'storefront::attributes.total_products', '2019-08-05 21:50:23', '2019-08-05 21:50:23'),
(778, 'storefront::cart.apply_coupon', '2019-08-05 21:50:29', '2019-08-05 21:50:29'),
(779, 'storefront::cart.cart', '2019-08-05 21:50:46', '2019-08-05 21:50:46'),
(780, 'storefront::cart.cart_totals', '2019-08-05 21:50:53', '2019-08-05 21:50:53'),
(781, 'storefront::cart.checkout', '2019-08-05 21:50:59', '2019-08-05 21:50:59'),
(782, 'storefront::cart.coupon', '2019-08-05 21:51:09', '2019-08-05 21:51:09'),
(783, 'storefront::cart.no_shipping_method_is_available', '2019-08-05 21:51:17', '2019-08-05 21:51:17'),
(784, 'storefront::cart.price', '2019-08-05 21:51:29', '2019-08-05 21:51:29'),
(785, 'storefront::cart.product', '2019-08-05 21:51:33', '2019-08-05 21:51:33'),
(786, 'storefront::cart.quantity', '2019-08-05 21:51:41', '2019-08-05 21:51:41'),
(787, 'storefront::cart.remove', '2019-08-05 21:51:48', '2019-08-05 21:51:48'),
(788, 'storefront::cart.shipping_method', '2019-08-05 21:51:55', '2019-08-05 21:51:55'),
(789, 'storefront::cart.update', '2019-08-05 21:52:15', '2019-08-05 21:52:15'),
(790, 'storefront::cart.your_cart_is_empty', '2019-08-05 21:52:23', '2019-08-05 21:52:23'),
(791, 'storefront::checkout.address', '2019-08-05 21:52:30', '2019-08-05 21:52:30'),
(792, 'storefront::checkout.back', '2019-08-05 21:52:36', '2019-08-05 21:52:36'),
(793, 'storefront::checkout.checkout', '2019-08-05 21:53:00', '2019-08-05 21:53:00'),
(794, 'storefront::checkout.confirm', '2019-08-05 21:53:07', '2019-08-05 21:53:07'),
(795, 'storefront::checkout.continue', '2019-08-05 21:53:13', '2019-08-05 21:53:13'),
(796, 'storefront::checkout.i_agree_to_the', '2019-08-05 21:53:39', '2019-08-05 21:53:39'),
(797, 'storefront::checkout.payment', '2019-08-05 21:54:01', '2019-08-05 21:54:01'),
(798, 'storefront::checkout.place_order', '2019-08-05 21:54:14', '2019-08-05 21:54:14'),
(799, 'storefront::checkout.please_select', '2019-08-05 21:54:20', '2019-08-05 21:54:20'),
(800, 'storefront::checkout.tabs.address', '2019-08-05 21:54:25', '2019-08-05 21:54:25'),
(801, 'storefront::checkout.tabs.attributes.billing.address_1', '2019-08-05 21:54:29', '2019-08-05 21:54:29'),
(802, 'storefront::checkout.tabs.attributes.billing.address_2', '2019-08-05 21:54:33', '2019-08-05 21:54:33'),
(803, 'storefront::checkout.tabs.attributes.billing.city', '2019-08-05 21:55:07', '2019-08-05 21:55:07'),
(804, 'storefront::checkout.tabs.attributes.billing.country', '2019-08-05 21:55:13', '2019-08-05 21:55:13'),
(805, 'storefront::checkout.tabs.attributes.billing.first_name', '2019-08-05 21:55:18', '2019-08-05 21:55:18'),
(806, 'storefront::checkout.tabs.attributes.billing.last_name', '2019-08-05 21:55:24', '2019-08-05 21:55:24'),
(807, 'storefront::checkout.tabs.attributes.billing.state', '2019-08-05 21:55:31', '2019-08-05 21:55:31'),
(808, 'storefront::checkout.tabs.attributes.billing.zip', '2019-08-05 21:55:43', '2019-08-05 21:55:43'),
(809, 'storefront::checkout.tabs.attributes.create_an_account', '2019-08-05 21:55:52', '2019-08-05 21:55:52'),
(810, 'storefront::checkout.tabs.attributes.customer_email', '2019-08-05 21:55:58', '2019-08-05 21:55:58'),
(811, 'storefront::checkout.tabs.attributes.customer_phone', '2019-08-05 21:56:09', '2019-08-05 21:56:09'),
(812, 'storefront::checkout.tabs.attributes.password', '2019-08-05 21:56:17', '2019-08-05 21:56:17'),
(813, 'storefront::checkout.tabs.attributes.ship_to_a_different_address', '2019-08-05 21:56:24', '2019-08-05 21:56:24'),
(814, 'storefront::checkout.tabs.attributes.shipping.address_1', '2019-08-05 21:56:31', '2019-08-05 21:56:31'),
(815, 'storefront::checkout.tabs.attributes.shipping.address_2', '2019-08-05 21:56:36', '2019-08-05 21:56:36'),
(816, 'storefront::checkout.tabs.attributes.shipping.country', '2019-08-05 21:56:47', '2019-08-05 21:56:47'),
(817, 'storefront::checkout.tabs.attributes.shipping.city', '2019-08-05 21:56:53', '2019-08-05 21:56:53'),
(818, 'storefront::checkout.tabs.attributes.shipping.first_name', '2019-08-05 21:57:00', '2019-08-05 21:57:00'),
(819, 'storefront::checkout.tabs.attributes.shipping.last_name', '2019-08-05 21:57:05', '2019-08-05 21:57:05'),
(820, 'storefront::checkout.tabs.attributes.shipping.state', '2019-08-05 21:57:15', '2019-08-05 21:57:15'),
(821, 'storefront::checkout.tabs.attributes.shipping.zip', '2019-08-05 21:57:27', '2019-08-05 21:57:27'),
(822, 'storefront::checkout.tabs.billing_address', '2019-08-05 21:57:34', '2019-08-05 21:57:34'),
(823, 'storefront::checkout.tabs.confirm.item_list', '2019-08-05 21:57:40', '2019-08-05 21:57:40'),
(824, 'storefront::checkout.tabs.confirm.payment_instructions', '2019-08-05 21:57:47', '2019-08-05 21:57:47'),
(825, 'storefront::checkout.tabs.confirm.price', '2019-08-05 21:57:59', '2019-08-05 21:57:59'),
(826, 'storefront::checkout.tabs.confirm.product', '2019-08-05 21:58:04', '2019-08-05 21:58:04'),
(827, 'storefront::checkout.tabs.confirm.quantity', '2019-08-05 21:58:10', '2019-08-05 21:58:10'),
(828, 'storefront::checkout.tabs.payment.no_payment_method', '2019-08-05 21:58:18', '2019-08-05 21:58:18'),
(829, 'storefront::checkout.tabs.payment.payment_method', '2019-08-05 21:58:25', '2019-08-05 21:58:25'),
(830, 'storefront::checkout.tabs.personal_information', '2019-08-05 21:58:34', '2019-08-05 21:58:34'),
(831, 'storefront::checkout.tabs.shipping_address', '2019-08-05 21:58:41', '2019-08-05 21:58:41'),
(832, 'storefront::checkout.terms_and_conditions', '2019-08-05 21:58:54', '2019-08-05 21:58:54'),
(833, 'storefront::compare.add_to_cart', '2019-08-05 21:59:01', '2019-08-05 21:59:01'),
(834, 'storefront::compare.compare', '2019-08-05 21:59:23', '2019-08-05 21:59:23'),
(835, 'storefront::compare.go_back', '2019-08-05 21:59:29', '2019-08-05 21:59:29'),
(836, 'storefront::compare.no_product', '2019-08-05 21:59:39', '2019-08-05 21:59:39'),
(837, 'storefront::compare.price', '2019-08-05 21:59:50', '2019-08-05 21:59:50'),
(838, 'storefront::compare.product_overview', '2019-08-05 21:59:51', '2019-08-05 21:59:51'),
(839, 'storefront::compare.view_details', '2019-08-05 22:00:02', '2019-08-05 22:00:02'),
(840, 'storefront::contact.contact', '2019-08-05 22:00:12', '2019-08-05 22:00:12'),
(841, 'storefront::contact.email', '2019-08-05 22:00:14', '2019-08-05 22:00:14'),
(842, 'storefront::contact.phone', '2019-08-05 22:00:24', '2019-08-05 22:00:24'),
(843, 'storefront::contact.send_us_a_message', '2019-08-05 22:00:35', '2019-08-05 22:00:35'),
(844, 'storefront::contact.submit', '2019-08-05 22:00:43', '2019-08-05 22:00:43'),
(845, 'storefront::contact.your_message_has_been_sent', '2019-08-05 22:00:49', '2019-08-05 22:00:49'),
(846, 'storefront::invoice.billing_address', '2019-08-05 22:00:55', '2019-08-05 22:00:55'),
(847, 'storefront::invoice.coupon', '2019-08-05 22:01:03', '2019-08-05 22:01:03'),
(848, 'storefront::invoice.date', '2019-08-05 22:01:14', '2019-08-05 22:01:14'),
(849, 'storefront::invoice.email', '2019-08-05 22:01:22', '2019-08-05 22:01:22'),
(850, 'storefront::invoice.invoice', '2019-08-05 22:01:34', '2019-08-05 22:01:34'),
(851, 'storefront::invoice.line_total', '2019-08-05 22:01:43', '2019-08-05 22:01:43'),
(852, 'storefront::invoice.order_details', '2019-08-05 22:01:51', '2019-08-05 22:01:51'),
(853, 'storefront::invoice.order_id', '2019-08-05 22:01:57', '2019-08-05 22:01:57'),
(854, 'storefront::invoice.payment_method', '2019-08-05 22:02:02', '2019-08-05 22:02:02'),
(855, 'storefront::invoice.phone', '2019-08-05 22:02:08', '2019-08-05 22:02:08'),
(856, 'storefront::invoice.product', '2019-08-05 22:02:13', '2019-08-05 22:02:13'),
(857, 'storefront::invoice.quantity', '2019-08-05 22:02:19', '2019-08-05 22:02:19'),
(858, 'storefront::invoice.shipping_address', '2019-08-05 22:02:25', '2019-08-05 22:02:25'),
(859, 'storefront::invoice.subject', '2019-08-05 22:02:49', '2019-08-05 22:02:49'),
(860, 'storefront::invoice.unit_price', '2019-08-05 22:02:59', '2019-08-05 22:02:59'),
(861, 'storefront::layout.account_settings', '2019-08-05 22:03:06', '2019-08-05 22:03:06'),
(862, 'storefront::layout.all_categories', '2019-08-05 22:03:12', '2019-08-05 22:03:12'),
(863, 'storefront::layout.compare', '2019-08-05 22:03:16', '2019-08-05 22:03:16'),
(864, 'storefront::layout.cookie_bar_text', '2019-08-05 22:03:27', '2019-08-05 22:03:27'),
(865, 'storefront::layout.enter_your_email', '2019-08-05 22:03:36', '2019-08-05 22:03:36'),
(866, 'storefront::layout.got_it', '2019-08-05 22:03:43', '2019-08-05 22:03:43'),
(867, 'storefront::layout.log_in', '2019-08-05 22:03:50', '2019-08-05 22:03:50'),
(868, 'storefront::layout.mini_cart.checkout', '2019-08-05 22:04:01', '2019-08-05 22:04:01'),
(869, 'storefront::layout.mini_cart.my_cart', '2019-08-05 22:04:08', '2019-08-05 22:04:08'),
(870, 'storefront::layout.mini_cart.remove', '2019-08-05 22:04:14', '2019-08-05 22:04:14'),
(871, 'storefront::layout.mini_cart.view_cart', '2019-08-05 22:04:21', '2019-08-05 22:04:21'),
(872, 'storefront::layout.mini_cart.your_cart_is_empty', '2019-08-05 22:04:28', '2019-08-05 22:04:28'),
(873, 'storefront::layout.product_tags', '2019-08-05 22:04:35', '2019-08-05 22:04:35'),
(874, 'storefront::layout.search', '2019-08-05 22:04:40', '2019-08-05 22:04:40'),
(875, 'storefront::layout.search_for_products', '2019-08-05 22:04:49', '2019-08-05 22:04:49'),
(876, 'storefront::layout.subscribe', '2019-08-05 22:04:54', '2019-08-05 22:04:54'),
(877, 'storefront::layouts.default', '2019-08-05 22:05:13', '2019-08-05 22:05:13'),
(878, 'storefront::layouts.slider_with_banners', '2019-08-05 22:05:22', '2019-08-05 22:05:22'),
(879, 'storefront::mail.all_rights_reserved', '2019-08-05 22:05:30', '2019-08-05 22:05:30'),
(880, 'storefront::mail.hello', '2019-08-05 22:05:44', '2019-08-05 22:05:44'),
(881, 'storefront::order_placed.order_id', '2019-08-05 22:05:56', '2019-08-05 22:05:56'),
(882, 'storefront::order_placed.thanks', '2019-08-05 22:06:03', '2019-08-05 22:06:03'),
(883, 'storefront::order_placed.your_order_has_been_placed', '2019-08-05 22:06:11', '2019-08-05 22:06:11'),
(884, 'storefront::permissions.storefront.edit', '2019-08-05 22:06:17', '2019-08-05 22:06:17'),
(885, 'storefront::product.add_to_cart', '2019-08-05 22:06:28', '2019-08-05 22:06:28'),
(886, 'storefront::product.availability', '2019-08-05 22:07:14', '2019-08-05 22:07:14'),
(887, 'storefront::product.customer_reviews', '2019-08-05 22:07:26', '2019-08-05 22:07:26'),
(888, 'storefront::product.in_stock', '2019-08-05 22:07:31', '2019-08-05 22:07:31'),
(889, 'storefront::product.left', '2019-08-05 22:07:47', '2019-08-05 22:07:47'),
(890, 'storefront::product.only', '2019-08-05 22:08:06', '2019-08-05 22:08:06'),
(891, 'storefront::product.options.choose_an_option', '2019-08-05 22:08:17', '2019-08-05 22:08:17'),
(892, 'storefront::product.out_of_stock', '2019-08-05 22:08:22', '2019-08-05 22:08:22'),
(893, 'storefront::product.qty', '2019-08-05 22:08:28', '2019-08-05 22:08:28'),
(894, 'storefront::product.related_products', '2019-08-05 22:08:34', '2019-08-05 22:08:34'),
(895, 'storefront::product.reviews.1_star', '2019-08-05 22:08:41', '2019-08-05 22:08:41'),
(896, 'storefront::product.reviews.2_star', '2019-08-05 22:09:17', '2019-08-05 22:09:17'),
(897, 'storefront::product.reviews.3_star', '2019-08-05 22:09:25', '2019-08-05 22:09:25'),
(898, 'storefront::product.reviews.4_star', '2019-08-05 22:09:30', '2019-08-05 22:09:30'),
(899, 'storefront::product.reviews.5_star', '2019-08-05 22:09:34', '2019-08-05 22:09:34'),
(900, 'storefront::product.reviews.add_a_review', '2019-08-05 22:09:41', '2019-08-05 22:09:41'),
(901, 'storefront::product.reviews.add_review', '2019-08-05 22:09:54', '2019-08-05 22:09:54'),
(902, 'storefront::product.reviews.html_is_not_translated', '2019-08-05 22:10:02', '2019-08-05 22:10:02'),
(903, 'storefront::product.reviews.note', '2019-08-05 22:10:15', '2019-08-05 22:10:15'),
(904, 'storefront::product.reviews.out_of_5', '2019-08-05 22:10:51', '2019-08-05 22:10:51'),
(905, 'storefront::product.reviews.reviewer_name', '2019-08-05 22:11:00', '2019-08-05 22:11:00'),
(906, 'storefront::product.reviews.star', '2019-08-05 22:11:13', '2019-08-05 22:11:13'),
(907, 'storefront::product.reviews.there_are_no_reviews_for_this_product', '2019-08-05 22:11:26', '2019-08-05 22:11:26'),
(908, 'storefront::product.reviews.your_rating', '2019-08-05 22:11:33', '2019-08-05 22:11:33'),
(909, 'storefront::product.reviews.your_review', '2019-08-05 22:11:43', '2019-08-05 22:11:43'),
(910, 'storefront::product.tabs.additional_information', '2019-08-05 22:11:58', '2019-08-05 22:11:58'),
(911, 'storefront::product.tabs.description', '2019-08-05 22:12:04', '2019-08-05 22:12:04'),
(912, 'storefront::product.tabs.reviews', '2019-08-05 22:12:10', '2019-08-05 22:12:10'),
(913, 'storefront::product.you_might_also_like', '2019-08-05 22:12:25', '2019-08-05 22:12:25'),
(914, 'storefront::product_card.add_to_cart', '2019-08-05 22:12:33', '2019-08-05 22:12:33'),
(915, 'storefront::product_card.add_to_compare', '2019-08-05 22:12:40', '2019-08-05 22:12:40'),
(916, 'storefront::product_card.add_to_wishlist', '2019-08-05 22:12:46', '2019-08-05 22:12:46'),
(917, 'storefront::product_card.new', '2019-08-05 22:12:52', '2019-08-05 22:12:52'),
(918, 'storefront::product_card.out_of_stock', '2019-08-05 22:12:59', '2019-08-05 22:12:59'),
(919, 'storefront::product_card.quick_view', '2019-08-05 22:13:07', '2019-08-05 22:13:07'),
(920, 'storefront::product_card.view_details', '2019-08-05 22:13:13', '2019-08-05 22:13:13'),
(921, 'storefront::products.category', '2019-08-05 22:13:20', '2019-08-05 22:13:20'),
(922, 'storefront::products.filter', '2019-08-05 22:13:26', '2019-08-05 22:13:26'),
(923, 'storefront::products.from', '2019-08-05 22:13:31', '2019-08-05 22:13:31'),
(924, 'storefront::products.grid_view', '2019-08-05 22:13:37', '2019-08-05 22:13:37'),
(925, 'storefront::products.list_view', '2019-08-05 22:13:46', '2019-08-05 22:13:46'),
(926, 'storefront::products.loading', '2019-08-05 22:13:53', '2019-08-05 22:13:53'),
(927, 'storefront::products.no_products_were_found', '2019-08-05 22:14:02', '2019-08-05 22:14:02'),
(928, 'storefront::products.products_found', '2019-08-05 22:14:37', '2019-08-05 22:14:37'),
(929, 'storefront::products.search_results_for', '2019-08-05 22:14:46', '2019-08-05 22:14:46'),
(930, 'storefront::products.shop', '2019-08-05 22:14:52', '2019-08-05 22:14:52'),
(931, 'storefront::products.sort_options.alphabetic', '2019-08-05 22:15:05', '2019-08-05 22:15:05'),
(932, 'storefront::products.sort_options.latest', '2019-08-05 22:15:19', '2019-08-05 22:15:19'),
(933, 'storefront::products.sort_options.price_high_to_low', '2019-08-05 22:15:30', '2019-08-05 22:15:30'),
(934, 'storefront::products.sort_options.price_low_to_high', '2019-08-05 22:15:36', '2019-08-05 22:15:36'),
(935, 'storefront::products.sort_options.relevance', '2019-08-05 22:15:42', '2019-08-05 22:15:42'),
(936, 'storefront::products.sort_options.top_rated', '2019-08-05 22:15:49', '2019-08-05 22:15:49'),
(937, 'storefront::products.to', '2019-08-05 22:15:55', '2019-08-05 22:15:55'),
(938, 'storefront::storefront.form.banner', '2019-08-05 22:16:45', '2019-08-05 22:16:45'),
(939, 'storefront::storefront.form.banner_1', '2019-08-05 22:16:52', '2019-08-05 22:16:52'),
(940, 'storefront::storefront.form.banner_2', '2019-08-05 22:16:57', '2019-08-05 22:16:57'),
(941, 'storefront::storefront.form.banner_3', '2019-08-05 22:17:05', '2019-08-05 22:17:05'),
(942, 'storefront::storefront.form.brands', '2019-08-05 22:17:15', '2019-08-05 22:17:15'),
(943, 'storefront::storefront.form.column_1', '2019-08-05 22:17:30', '2019-08-05 22:17:30'),
(944, 'storefront::storefront.form.column_2', '2019-08-05 22:17:38', '2019-08-05 22:17:38'),
(945, 'storefront::storefront.form.column_3', '2019-08-05 22:17:45', '2019-08-05 22:17:45'),
(946, 'storefront::storefront.form.enable_banner_section_1', '2019-08-05 22:18:14', '2019-08-05 22:18:14'),
(947, 'storefront::storefront.form.enable_banner_section_2', '2019-08-05 22:18:34', '2019-08-05 22:18:34'),
(948, 'storefront::storefront.form.enable_banner_section_3', '2019-08-05 22:18:40', '2019-08-05 22:18:40'),
(949, 'storefront::storefront.form.enable_brands_section', '2019-08-05 22:18:57', '2019-08-05 22:18:57'),
(950, 'storefront::storefront.form.enable_features_section', '2019-08-05 22:19:08', '2019-08-05 22:19:08'),
(951, 'storefront::storefront.form.enable_landscape_products_section', '2019-08-05 22:19:17', '2019-08-05 22:19:17'),
(952, 'storefront::storefront.form.enable_product_carousel_section', '2019-08-05 22:19:24', '2019-08-05 22:19:24'),
(953, 'storefront::storefront.form.enable_product_tabs_section', '2019-08-05 22:19:31', '2019-08-05 22:19:31'),
(954, 'storefront::storefront.form.enable_recent_products_section', '2019-08-05 22:19:39', '2019-08-05 22:19:39'),
(955, 'storefront::storefront.form.enable_recently_viewed_section', '2019-08-05 22:19:49', '2019-08-05 22:19:49'),
(956, 'storefront::storefront.form.enable_three_column_vertical_product_carousel_section', '2019-08-05 22:19:57', '2019-08-05 22:19:57'),
(957, 'storefront::storefront.form.enable_two_column_product_carousel_section', '2019-08-05 22:20:08', '2019-08-05 22:20:08'),
(958, 'storefront::storefront.form.feature_1', '2019-08-05 22:20:40', '2019-08-05 22:20:40'),
(959, 'storefront::storefront.form.feature_2', '2019-08-05 22:20:48', '2019-08-05 22:20:48'),
(960, 'storefront::storefront.form.feature_3', '2019-08-05 22:20:56', '2019-08-05 22:20:56'),
(961, 'storefront::storefront.form.feature_4', '2019-08-05 22:21:03', '2019-08-05 22:21:03'),
(962, 'storefront::storefront.form.footer_logo', '2019-08-05 22:21:16', '2019-08-05 22:21:16'),
(963, 'storefront::storefront.form.header_logo', '2019-08-05 22:21:31', '2019-08-05 22:21:31'),
(964, 'storefront::storefront.form.mail_logo', '2019-08-05 22:21:38', '2019-08-05 22:21:38'),
(965, 'storefront::storefront.form.please_select', '2019-08-05 22:21:59', '2019-08-05 22:21:59'),
(966, 'storefront::storefront.form.tab_1', '2019-08-05 22:22:07', '2019-08-05 22:22:07'),
(967, 'storefront::storefront.form.tab_2', '2019-08-05 22:22:12', '2019-08-05 22:22:12'),
(968, 'storefront::storefront.form.tab_3', '2019-08-05 22:22:18', '2019-08-05 22:22:18'),
(969, 'storefront::storefront.form.tab_4', '2019-08-05 22:22:24', '2019-08-05 22:22:24'),
(970, 'storefront::storefront.tabs.brands', '2019-08-05 22:23:45', '2019-08-05 22:23:45'),
(971, 'storefront::storefront.tabs.features', '2019-08-05 22:23:52', '2019-08-05 22:23:52'),
(972, 'storefront::storefront.tabs.group.general_settings', '2019-08-05 22:24:01', '2019-08-05 22:24:01'),
(973, 'storefront::storefront.tabs.group.home_page_sections', '2019-08-05 22:24:12', '2019-08-05 22:24:12'),
(974, 'storefront::storefront.tabs.landscape_products', '2019-08-05 22:24:18', '2019-08-05 22:24:18'),
(975, 'storefront::storefront.tabs.product_carousel', '2019-08-05 22:24:40', '2019-08-05 22:24:40'),
(976, 'storefront::storefront.tabs.product_tabs', '2019-08-05 22:24:48', '2019-08-05 22:24:48'),
(977, 'storefront::storefront.tabs.recent_products', '2019-08-05 22:24:55', '2019-08-05 22:24:55'),
(978, 'storefront::storefront.tabs.recently_viewed', '2019-08-05 22:25:05', '2019-08-05 22:25:05'),
(979, 'storefront::storefront.tabs.social_links', '2019-08-05 22:25:29', '2019-08-05 22:25:29'),
(980, 'storefront::storefront.tabs.three_column_vertical_product_carousel', '2019-08-05 22:25:46', '2019-08-05 22:25:46'),
(981, 'storefront::storefront.tabs.two_column_product_carousel', '2019-08-05 22:25:52', '2019-08-05 22:25:52'),
(982, 'storefront::themes.theme-black', '2019-08-05 22:26:02', '2019-08-05 22:26:02'),
(983, 'storefront::themes.theme-blue', '2019-08-05 22:26:11', '2019-08-05 22:26:11'),
(984, 'storefront::themes.theme-navy-blue', '2019-08-05 22:26:58', '2019-08-05 22:26:58'),
(985, 'storefront::themes.theme-pink', '2019-08-05 22:27:06', '2019-08-05 22:27:06'),
(986, 'storefront::themes.theme-red', '2019-08-05 22:27:10', '2019-08-05 22:27:10'),
(987, 'storefront::themes.theme-sky-blue', '2019-08-05 22:27:26', '2019-08-05 22:27:26'),
(988, 'storefront::themes.theme-violet', '2019-08-05 22:27:38', '2019-08-05 22:27:38'),
(989, 'support::captcha.update_code', '2019-08-05 22:27:47', '2019-08-05 22:27:47'),
(990, 'tax::attributes.based_on', '2019-08-05 22:27:53', '2019-08-05 22:27:53'),
(991, 'tax::attributes.country', '2019-08-05 22:28:03', '2019-08-05 22:28:03'),
(992, 'tax::attributes.city', '2019-08-05 22:28:08', '2019-08-05 22:28:08'),
(993, 'tax::attributes.label', '2019-08-05 22:28:15', '2019-08-05 22:28:15'),
(994, 'tax::attributes.name', '2019-08-05 22:28:21', '2019-08-05 22:28:21'),
(995, 'tax::attributes.rate', '2019-08-05 22:28:49', '2019-08-05 22:28:49'),
(996, 'tax::attributes.rates.*.name', '2019-08-05 22:28:57', '2019-08-05 22:28:57'),
(997, 'tax::attributes.rates.*.rate', '2019-08-05 22:29:08', '2019-08-05 22:29:08'),
(998, 'tax::attributes.state', '2019-08-05 22:29:21', '2019-08-05 22:29:21'),
(999, 'tax::permissions.taxes.create', '2019-08-05 22:29:43', '2019-08-05 22:29:43'),
(1000, 'tax::permissions.taxes.destroy', '2019-08-05 22:29:49', '2019-08-05 22:29:49'),
(1001, 'tax::permissions.taxes.edit', '2019-08-05 22:29:54', '2019-08-05 22:29:54'),
(1002, 'tax::permissions.taxes.index', '2019-08-05 22:30:33', '2019-08-05 22:30:33'),
(1003, 'tax::taxes.form.add_new_rate', '2019-08-05 22:30:42', '2019-08-05 22:30:42'),
(1004, 'tax::taxes.form.based_on.billing_address', '2019-08-05 22:30:52', '2019-08-05 22:30:52'),
(1005, 'tax::taxes.form.based_on.shipping_address', '2019-08-05 22:30:59', '2019-08-05 22:30:59'),
(1006, 'tax::taxes.form.based_on.store_address', '2019-08-05 22:31:07', '2019-08-05 22:31:07'),
(1007, 'tax::taxes.form.delete_rate', '2019-08-05 22:31:14', '2019-08-05 22:31:14'),
(1008, 'tax::taxes.table.tax_class', '2019-08-05 22:31:22', '2019-08-05 22:31:22'),
(1009, 'tax::taxes.tabs.group.tax_information', '2019-08-05 22:31:28', '2019-08-05 22:31:28'),
(1010, 'tax::taxes.tabs.rates', '2019-08-05 22:31:35', '2019-08-05 22:31:35'),
(1011, 'tax::taxes.tax', '2019-08-05 22:31:46', '2019-08-05 22:31:46'),
(1012, 'tax::taxes.taxes', '2019-08-05 22:31:51', '2019-08-05 22:31:51'),
(1013, 'transaction::permissions.index', '2019-08-05 22:33:30', '2019-08-05 22:33:30'),
(1014, 'transaction::transactions.table.order_id', '2019-08-05 22:33:39', '2019-08-05 22:33:39'),
(1015, 'transaction::transactions.table.payment_method', '2019-08-05 22:34:02', '2019-08-05 22:34:02'),
(1016, 'transaction::transactions.table.transaction_id', '2019-08-05 22:35:19', '2019-08-05 22:35:19'),
(1017, 'transaction::transactions.transactions', '2019-08-05 22:35:25', '2019-08-05 22:35:25'),
(1018, 'translation::permissions.edit', '2019-08-05 22:35:34', '2019-08-05 22:35:34'),
(1019, 'translation::permissions.index', '2019-08-05 22:35:55', '2019-08-05 22:35:55'),
(1020, 'translation::translations.table.key', '2019-08-05 22:36:25', '2019-08-05 22:36:25'),
(1021, 'translation::translations.translation', '2019-08-05 22:36:32', '2019-08-05 22:36:32'),
(1022, 'translation::translations.translations', '2019-08-05 22:36:38', '2019-08-05 22:36:38'),
(1023, 'user::attributes.auth.remember_me', '2019-08-05 22:36:46', '2019-08-05 22:36:46'),
(1024, 'user::attributes.roles.name', '2019-08-05 22:36:51', '2019-08-05 22:36:51'),
(1025, 'user::attributes.users.activated', '2019-08-05 22:37:01', '2019-08-05 22:37:01'),
(1026, 'user::attributes.users.email', '2019-08-05 22:37:07', '2019-08-05 22:37:07'),
(1027, 'user::attributes.users.first_name', '2019-08-05 22:37:22', '2019-08-05 22:37:22'),
(1028, 'user::auth.first_name', '2019-08-05 22:37:36', '2019-08-05 22:37:36'),
(1029, 'user::users.table.first_name', '2019-08-05 22:37:38', '2019-08-05 22:37:38'),
(1030, 'user::attributes.users.last_name', '2019-08-05 22:37:59', '2019-08-05 22:37:59'),
(1031, 'user::auth.last_name', '2019-08-05 22:38:01', '2019-08-05 22:38:01'),
(1032, 'user::users.table.last_name', '2019-08-05 22:38:10', '2019-08-05 22:38:10'),
(1033, 'user::attributes.users.new_password', '2019-08-05 22:38:49', '2019-08-05 22:38:49'),
(1034, 'user::attributes.users.new_password_confirmation', '2019-08-05 22:39:00', '2019-08-05 22:39:00'),
(1035, 'user::users.tabs.new_password', '2019-08-05 22:39:06', '2019-08-05 22:39:06'),
(1036, 'user::attributes.users.password', '2019-08-05 22:39:54', '2019-08-05 22:39:54'),
(1037, 'user::attributes.users.password_confirmation', '2019-08-05 22:40:10', '2019-08-05 22:40:10'),
(1038, 'user::auth.password', '2019-08-05 22:40:15', '2019-08-05 22:40:15'),
(1039, 'user::auth.password_confirmation', '2019-08-05 22:40:25', '2019-08-05 22:40:25'),
(1040, 'user::auth.email', '2019-08-05 22:41:05', '2019-08-05 22:41:05'),
(1041, 'user::users.table.email', '2019-08-05 22:41:08', '2019-08-05 22:41:08'),
(1042, 'user::auth.enter_email', '2019-08-05 22:41:45', '2019-08-05 22:41:45'),
(1043, 'user::auth.forgot_password', '2019-08-05 22:42:55', '2019-08-05 22:42:55'),
(1044, 'user::auth.i_agree_to_the', '2019-08-05 22:43:04', '2019-08-05 22:43:04'),
(1045, 'user::auth.i_remembered_my_password', '2019-08-05 22:43:10', '2019-08-05 22:43:10'),
(1046, 'user::auth.log_in_with_facebook', '2019-08-05 22:43:18', '2019-08-05 22:43:18'),
(1047, 'user::auth.log_in_with_google', '2019-08-05 22:43:24', '2019-08-05 22:43:24'),
(1048, 'user::auth.login', '2019-08-05 22:43:31', '2019-08-05 22:43:31'),
(1049, 'user::auth.logout', '2019-08-05 22:43:37', '2019-08-05 22:43:37'),
(1050, 'user::auth.or', '2019-08-05 22:43:42', '2019-08-05 22:43:42'),
(1051, 'user::auth.privacy_policy', '2019-08-05 22:44:09', '2019-08-05 22:44:09'),
(1052, 'user::auth.register', '2019-08-05 22:44:16', '2019-08-05 22:44:16'),
(1053, 'user::auth.remember_me', '2019-08-05 22:44:23', '2019-08-05 22:44:23'),
(1054, 'user::auth.reset_password', '2019-08-05 22:44:27', '2019-08-05 22:44:27'),
(1055, 'user::mail.account_created', '2019-08-05 22:44:36', '2019-08-05 22:44:36'),
(1056, 'user::mail.if_you\\’re_having_trouble', '2019-08-05 22:44:52', '2019-08-05 22:44:52'),
(1057, 'user::mail.no_further_action_is_required', '2019-08-05 22:45:04', '2019-08-05 22:45:04'),
(1058, 'user::mail.received_a_password_reset_request', '2019-08-05 22:45:17', '2019-08-05 22:45:17'),
(1059, 'user::mail.reset_password', '2019-08-05 22:45:24', '2019-08-05 22:45:24'),
(1060, 'user::mail.reset_your_account_password', '2019-08-05 22:45:31', '2019-08-05 22:45:31'),
(1061, 'user::mail.welcome', '2019-08-05 22:45:42', '2019-08-05 22:45:42'),
(1062, 'user::messages.email.reset_password', '2019-08-05 22:46:20', '2019-08-05 22:46:20'),
(1063, 'user::messages.users.account_created', '2019-08-05 22:46:34', '2019-08-05 22:46:34'),
(1064, 'user::messages.users.account_is_blocked', '2019-08-05 22:47:46', '2019-08-05 22:47:46'),
(1065, 'user::messages.users.account_not_activated', '2019-08-05 22:48:04', '2019-08-05 22:48:04'),
(1066, 'user::messages.users.check_email_to_reset_password', '2019-08-05 22:48:13', '2019-08-05 22:48:13'),
(1067, 'user::messages.users.invalid_credentials', '2019-08-05 22:48:27', '2019-08-05 22:48:27'),
(1068, 'user::messages.users.invalid_reset_code', '2019-08-05 22:48:34', '2019-08-05 22:48:34'),
(1069, 'user::messages.users.no_user_found', '2019-08-05 22:48:41', '2019-08-05 22:48:41'),
(1070, 'user::messages.users.password_has_been_reset', '2019-08-05 22:48:50', '2019-08-05 22:48:50'),
(1071, 'user::messages.users.reset_password_email_sent', '2019-08-05 22:48:57', '2019-08-05 22:48:57'),
(1072, 'user::permissions.roles.create', '2019-08-05 22:49:03', '2019-08-05 22:49:03'),
(1073, 'user::permissions.roles.destroy', '2019-08-05 22:49:14', '2019-08-05 22:49:14'),
(1074, 'user::permissions.roles.edit', '2019-08-05 22:49:20', '2019-08-05 22:49:20'),
(1075, 'user::permissions.roles.index', '2019-08-05 22:49:40', '2019-08-05 22:49:40'),
(1076, 'user::permissions.users.create', '2019-08-05 22:49:53', '2019-08-05 22:49:53'),
(1077, 'user::permissions.users.destroy', '2019-08-05 22:50:06', '2019-08-05 22:50:06'),
(1078, 'user::permissions.users.edit', '2019-08-05 22:50:12', '2019-08-05 22:50:12'),
(1079, 'user::permissions.users.index', '2019-08-05 22:50:38', '2019-08-05 22:50:38'),
(1080, 'user::roles.permissions.allow', '2019-08-05 22:50:44', '2019-08-05 22:50:44'),
(1081, 'user::roles.permissions.allow_all', '2019-08-05 22:50:51', '2019-08-05 22:50:51'),
(1082, 'user::roles.permissions.deny', '2019-08-07 17:22:22', '2019-08-07 17:22:22'),
(1083, 'user::roles.permissions.deny_all', '2019-08-07 17:22:28', '2019-08-07 17:22:28'),
(1084, 'user::roles.permissions.inherit', '2019-08-07 17:22:35', '2019-08-07 17:22:35'),
(1085, 'user::roles.permissions.inherit_all', '2019-08-07 17:22:40', '2019-08-07 17:22:40'),
(1086, 'user::roles.role', '2019-08-07 17:22:48', '2019-08-07 17:22:48'),
(1087, 'user::roles.table.name', '2019-08-07 17:22:55', '2019-08-07 17:22:55'),
(1088, 'user::roles.tabs.permissions', '2019-08-07 17:23:03', '2019-08-07 17:23:03'),
(1089, 'user::roles.tabs.role_information', '2019-08-07 17:23:14', '2019-08-07 17:23:14'),
(1090, 'user::sidebar.users', '2019-08-07 17:23:54', '2019-08-07 17:23:54'),
(1091, 'user::users.form.activated', '2019-08-07 17:24:03', '2019-08-07 17:24:03'),
(1092, 'user::users.or_reset_password', '2019-08-07 17:24:12', '2019-08-07 17:24:12'),
(1093, 'user::users.profile', '2019-08-07 17:24:27', '2019-08-07 17:24:27'),
(1094, 'user::users.send_reset_password_email', '2019-08-07 17:25:51', '2019-08-07 17:25:51'),
(1095, 'user::users.table.last_login', '2019-08-07 17:26:18', '2019-08-07 17:26:18'),
(1096, 'user::users.tabs.account', '2019-08-07 17:26:25', '2019-08-07 17:26:25'),
(1097, 'user::users.tabs.group.profile_information', '2019-08-07 17:26:37', '2019-08-07 17:26:37'),
(1098, 'user::users.tabs.group.user_information', '2019-08-07 17:26:48', '2019-08-07 17:26:48'),
(1099, 'user::users.tabs.permissions', '2019-08-07 17:26:58', '2019-08-07 17:26:58'),
(1100, 'user::users.user', '2019-08-07 17:27:11', '2019-08-07 17:27:11'),
(1101, 'user::users.users', '2019-08-07 17:27:18', '2019-08-07 17:27:18'),
(1102, 'wishlist::messages.added', '2019-08-07 17:27:34', '2019-08-07 17:27:34'),
(1103, 'slider::sliders.effects.fadeInDown', '2019-09-04 20:20:38', '2019-09-04 20:20:38'),
(1104, 'slider::sliders.effects.fadeInLeft', '2019-09-04 20:21:01', '2019-09-04 20:21:01'),
(1105, 'slider::sliders.effects.fadeInRight', '2019-09-04 20:21:10', '2019-09-04 20:21:10'),
(1106, 'slider::sliders.effects.fadeInUp', '2019-09-04 20:21:16', '2019-09-04 20:21:16'),
(1107, 'option::options.form.option_types.dropdown', '2019-09-04 20:26:30', '2019-09-04 20:26:30'),
(1108, 'slider::sliders.effects.slideInDown', '2019-09-04 20:27:29', '2019-09-04 20:27:29'),
(1109, 'slider::sliders.effects.slideInLeft', '2019-09-04 21:54:36', '2019-09-04 21:54:36'),
(1110, 'slider::sliders.effects.slideInRight', '2019-09-04 21:54:43', '2019-09-04 21:54:43'),
(1111, 'slider::sliders.effects.slideInUp', '2019-09-04 21:54:50', '2019-09-04 21:54:50'),
(1112, 'order::orders.guest', '2019-09-04 21:55:55', '2019-09-04 21:55:55'),
(1113, 'product::products.tabs.cross_sells', '2019-09-04 21:56:42', '2019-09-04 21:56:42'),
(1114, 'product::products.tabs.up_sells', '2019-09-04 21:57:08', '2019-09-04 21:57:08'),
(1115, 'admin::dashboard.table.latest_search_terms.hits', '2019-09-04 21:57:27', '2019-09-04 21:57:27'),
(1116, 'report::admin.table.hits', '2019-09-04 21:57:33', '2019-09-04 21:57:33'),
(1117, 'setting::settings.form.use_sandbox_for_test_payments', '2019-09-04 21:58:02', '2019-09-04 21:58:02'),
(1118, 'setting::attributes.mail_host', '2019-09-04 21:58:31', '2019-09-04 21:58:31'),
(1119, 'setting::settings.form.enable_instamojo', '2019-09-04 21:59:14', '2019-09-04 21:59:14'),
(1120, 'setting::settings.form.enable_paypal_express', '2019-09-04 21:59:48', '2019-09-04 21:59:48');
INSERT INTO `translations` (`id`, `key`, `created_at`, `updated_at`) VALUES
(1121, 'setting::settings.form.enable_stripe', '2019-09-04 22:00:05', '2019-09-04 22:00:05'),
(1122, 'slider::attributes.call_to_action_delay', '2019-09-04 22:02:00', '2019-09-04 22:02:00'),
(1123, 'slider::attributes.caption_1_delay', '2019-09-04 22:02:09', '2019-09-04 22:02:09'),
(1124, 'slider::attributes.caption_2_delay', '2019-09-04 22:02:15', '2019-09-04 22:02:15'),
(1125, 'slider::attributes.caption_3_delay', '2019-09-04 22:02:18', '2019-09-04 22:02:18'),
(1126, 'slider::sliders.effects.lightSpeedIn', '2019-09-04 22:02:56', '2019-09-04 22:02:56'),
(1127, 'slider::sliders.slide.form.call_to_action', '2019-09-04 22:03:32', '2019-09-04 22:03:32'),
(1128, 'slider::sliders.slide.form.call_to_action_url', '2019-09-04 22:03:40', '2019-09-04 22:03:40'),
(1129, 'storefront::attributes.call_to_action_text', '2019-09-04 22:03:46', '2019-09-04 22:03:46'),
(1130, 'storefront::attributes.call_to_action_url', '2019-09-04 22:03:53', '2019-09-04 22:03:53'),
(1131, 'slider::sliders.tabs.group.slider_information', '2019-09-04 22:07:07', '2019-09-04 22:07:07'),
(1132, 'slider::sliders.tabs.slides', '2019-09-04 22:07:16', '2019-09-04 22:07:16'),
(1133, 'storefront::storefront.tabs.banner_section_1', '2019-09-04 22:08:24', '2019-09-04 22:08:24'),
(1134, 'storefront::storefront.tabs.banner_section_2', '2019-09-04 22:08:28', '2019-09-04 22:08:28'),
(1135, 'storefront::storefront.tabs.banner_section_3', '2019-09-04 22:08:35', '2019-09-04 22:08:35'),
(1136, 'storefront::attributes.storefront_copyright_text', '2019-09-04 22:09:08', '2019-09-04 22:09:08'),
(1137, 'storefront::product.add_to_compare', '2019-09-04 22:14:36', '2019-09-04 22:14:36'),
(1138, 'storefront::product.add_to_wishlist', '2019-09-04 22:14:43', '2019-09-04 22:14:43'),
(1139, 'storefront::themes.theme-marrs-green', '2019-09-04 22:19:11', '2019-09-04 22:19:11'),
(1140, 'storefront::sidebar.storefront', '2020-01-02 13:55:42', '2020-01-02 13:55:42');

-- --------------------------------------------------------

--
-- Estructura de tabla para la tabla `translation_translations`
--

CREATE TABLE `translation_translations` (
  `id` int(10) UNSIGNED NOT NULL,
  `translation_id` int(10) UNSIGNED NOT NULL,
  `locale` varchar(191) COLLATE utf8mb4_unicode_ci NOT NULL,
  `value` text COLLATE utf8mb4_unicode_ci NOT NULL
) ENGINE=InnoDB DEFAULT CHARSET=utf8mb4 COLLATE=utf8mb4_unicode_ci;

--
-- Volcado de datos para la tabla `translation_translations`
--

INSERT INTO `translation_translations` (`id`, `translation_id`, `locale`, `value`) VALUES
(1, 1, 'en', 'Traducciones'),
(2, 2, 'en', 'El producto ha sido eliminado de su lista de deseos.'),
(3, 3, 'en', 'Tu perfil ha sido actualizado.'),
(4, 4, 'en', 'Cancelar'),
(5, 5, 'en', 'Eliminar'),
(6, 6, 'en', 'Guardar'),
(7, 7, 'en', 'Confirmar eliminación'),
(8, 8, 'en', '¿Está seguro de eliminar?'),
(9, 9, 'en', 'No se encontró la página que está buscando.'),
(10, 10, 'en', '¡Vaya! Esta página no fue encontrada.'),
(11, 11, 'en', 'Se notificó a un administrador.'),
(12, 12, 'en', '¡Vaya! Algo salió mal.'),
(13, 13, 'en', 'Por favor seleccione'),
(14, 14, 'en', 'Siguiente'),
(15, 15, 'en', 'Anterior'),
(16, 16, 'en', 'Accesos directos de teclado disponibles en esta página'),
(17, 17, 'en', 'Regresar a :name Index'),
(18, 18, 'en', 'Este menú'),
(19, 19, 'en', 'Creado'),
(20, 20, 'en', 'Estado'),
(21, 21, 'en', 'Fecha'),
(22, 22, 'en', 'Estado'),
(23, 23, 'en', 'Visitar Tienda'),
(24, 24, 'en', 'Panel de control'),
(25, 25, 'en', 'Últimos pedidos'),
(26, 26, 'en', 'Términos de búsqueda más recientes'),
(27, 27, 'en', 'Últimas Revisiones'),
(28, 28, 'en', '¡No hay datos disponibles!'),
(29, 29, 'en', 'Lunes'),
(30, 30, 'en', 'Martes'),
(31, 31, 'en', 'Miércoles'),
(32, 32, 'en', 'Jueves'),
(33, 33, 'en', 'Viernes'),
(34, 34, 'en', 'Sábado'),
(35, 35, 'en', 'Domingo'),
(36, 36, 'en', 'Pedidos'),
(37, 37, 'en', 'Ventas'),
(38, 38, 'en', 'ID de pedido'),
(39, 39, 'en', 'Cliente'),
(40, 40, 'en', 'Producto'),
(41, 41, 'en', 'Calificación'),
(42, 42, 'en', 'Palabra Clave'),
(43, 43, 'en', 'Resultados'),
(44, 44, 'en', 'Total Clientes'),
(45, 45, 'en', 'Total Pedidos'),
(46, 46, 'en', 'Total Productos'),
(47, 47, 'en', 'Total Ventas'),
(48, 48, 'en', 'Permiso denegado (permiso requerido: \":permission\").'),
(49, 49, 'en', ':resource ha sido eliminado.'),
(50, 50, 'en', ':resource ha sido guardado.'),
(51, 51, 'en', 'Crear :resource'),
(52, 52, 'en', 'Eliminar :resource'),
(53, 53, 'en', 'Editar :resource'),
(54, 54, 'en', 'Mostrar :resource'),
(55, 55, 'en', 'Apariencia'),
(56, 56, 'en', 'Localización'),
(57, 57, 'en', 'Contenido'),
(58, 58, 'en', 'Ventas'),
(59, 59, 'en', 'Sistema'),
(60, 60, 'en', 'Atributo'),
(61, 61, 'en', 'Atributos'),
(62, 62, 'en', 'Añadir Nuevo Valor'),
(63, 63, 'en', 'Eliminar Valor'),
(64, 64, 'en', 'Añadir nuevo Atributo'),
(65, 65, 'en', 'Atributo'),
(66, 66, 'en', 'Eliminar Atributo'),
(67, 67, 'en', 'Valores'),
(68, 68, 'en', 'Use este atributo para filtrar productos'),
(69, 69, 'en', 'Valor'),
(70, 70, 'en', 'Conjunto de atributos'),
(71, 71, 'en', 'Filtrable'),
(72, 72, 'en', 'Nombre'),
(73, 73, 'en', 'Si'),
(74, 74, 'en', 'Información de atributo'),
(75, 75, 'en', 'Atributos'),
(76, 76, 'en', 'Conjunto de atributos'),
(77, 77, 'en', 'Conjuntos de atributos'),
(78, 78, 'en', 'Valores'),
(79, 79, 'en', 'Nombre'),
(80, 80, 'en', 'Nombre'),
(81, 81, 'en', 'Conjunto de atributos'),
(82, 82, 'en', 'Valores de atributo'),
(83, 83, 'en', 'Valor del atributo'),
(84, 84, 'en', 'Información del conjunto de atributos'),
(85, 85, 'en', 'Categorias'),
(86, 86, 'en', 'Filtrable'),
(87, 87, 'en', 'Nombre'),
(88, 88, 'en', 'Valores'),
(89, 89, 'en', 'Crear conjunto de atributos'),
(90, 90, 'en', 'Eliminar conjunto de atributos'),
(91, 91, 'en', 'Editar conjunto de atributos'),
(92, 92, 'en', 'Conjunto de atributos'),
(93, 93, 'en', 'Crear atributos'),
(94, 94, 'en', 'Atributo'),
(95, 95, 'en', 'Eliminar atributo'),
(96, 96, 'en', 'Editar atributo'),
(97, 97, 'en', 'Atributos'),
(98, 98, 'en', 'Conjunto de atributos'),
(99, 99, 'en', 'Atributos'),
(100, 100, 'en', 'El producto ha sido agregado a su carrito.'),
(101, 101, 'en', '¿Estás seguro de que deseas eliminar este producto de tu carrito?'),
(102, 102, 'en', 'Lo sentimos, solo tenemos la cantidad de :stock para :name.'),
(103, 103, 'en', 'Lo sentimos, el producto está agotado.'),
(104, 104, 'en', 'La cantidad ha sido actualizada.'),
(105, 105, 'en', 'El producto ha sido eliminado de su carrito.'),
(106, 106, 'en', 'La opción seleccionada no es válida.'),
(107, 107, 'en', 'Este campo es obligatorio.'),
(108, 108, 'en', 'Estado'),
(109, 109, 'en', 'Buscable'),
(110, 110, 'en', 'Nombre'),
(111, 111, 'en', 'Categorias'),
(112, 112, 'en', 'Categoría'),
(113, 113, 'en', 'Habilitar la categoría'),
(114, 114, 'en', 'Mostrar esta categoría en la lista de categorías del cuadro de búsqueda.'),
(115, 115, 'en', 'Agregar categoría raíz.'),
(116, 116, 'en', 'Añadir subcategoría'),
(117, 117, 'en', 'Contraer todo'),
(118, 118, 'en', 'Expandir todo'),
(119, 119, 'en', 'Se ha guardado el orden de la categoría.'),
(120, 120, 'en', 'Crear categorías'),
(121, 121, 'en', 'Eliminar categorías'),
(122, 122, 'en', 'Editar categorías'),
(123, 123, 'en', 'Categorías de índice'),
(124, 124, 'en', 'Categorías'),
(125, 125, 'en', 'Si tiene problemas para hacer clic en el botón \"Ver pedido\", copie y pegue la siguiente URL en su navegador web:'),
(126, 126, 'en', 'Se ha realizado un nuevo pedido'),
(127, 127, 'en', 'Se ha realizado un nuevo pedido. La identificación del pedido es #: order_id'),
(128, 128, 'en', 'Ver pedido'),
(129, 129, 'en', 'El producto ha sido agregado a su lista de comparación.'),
(130, 130, 'en', 'El producto ha sido eliminado de su lista de comparación.'),
(131, 131, 'en', 'Correo electrónico'),
(132, 132, 'en', 'Mensaje'),
(133, 133, 'en', 'Asunto'),
(134, 134, 'en', 'Lo sentimos, estamos haciendo un poco de mantenimiento. Por favor, revise luego.'),
(135, 135, 'en', 'El correo no está configurado correctamente, comuníquese con el administrador.'),
(136, 136, 'en', 'Servicio no disponible'),
(137, 137, 'en', 'El :attribute Debe ser aceptado'),
(138, 138, 'en', 'El :attribute No es una URL válida..'),
(139, 139, 'en', 'El :attribute Debe ser una fecha después de :date.'),
(140, 140, 'en', 'El :attribute Debe ser una fecha posterior o igual a :date.'),
(141, 141, 'en', 'El :attribute Solo puede contener letras.'),
(142, 142, 'en', 'El :attribute Solo puede contener letras, números y guiones.'),
(143, 143, 'en', 'El :attribute Solo puede contener letras y números.'),
(144, 144, 'en', 'El :attribute Debe ser una matriz.'),
(145, 145, 'en', 'El :attribute Debe ser una fecha anterior a :date.'),
(146, 146, 'en', 'El :attribute Debe ser una fecha anterior o igual a :date.'),
(147, 147, 'en', 'El :attribute Debe estar entre :min y :max.'),
(148, 148, 'en', 'El :attribute Debe estar entre :min y :max caracteres.'),
(149, 149, 'en', 'El Campo :attribute Debe ser verdadero o falso.'),
(150, 150, 'en', 'El código captcha es incorrecto.'),
(151, 151, 'en', 'El :attribute Confirmación no coincide.'),
(152, 152, 'en', 'El :attribute No es una fecha válida.'),
(153, 153, 'en', 'El :attribute No coincide con el formato :format.'),
(154, 154, 'en', 'El :attribute y :other Deben ser diferentes.'),
(155, 155, 'en', 'El :attribute Debe ser :digits dígitos.'),
(156, 156, 'en', 'El :attribute Tiene dimensiones de imagen no válidas.'),
(157, 157, 'en', 'El Campo :attribute Tiene un valor duplicado.'),
(158, 158, 'en', 'El :attribute Debe ser una dirección de correo electrónico válida.'),
(159, 159, 'en', 'El seleccionado :attribute No es válido.'),
(160, 160, 'en', 'El :attribute Debe ser un archivo.'),
(161, 161, 'en', 'El campo :attribute Debe tener un valor.'),
(162, 162, 'en', 'El :attribute Debe ser una imagen.'),
(163, 163, 'en', 'El seleccionado :attribute No es válido'),
(164, 164, 'en', 'El campo :attribute No existe en :other.'),
(165, 165, 'en', 'El :attribute Debe ser un número entero.'),
(166, 166, 'en', 'El :attribute Debe ser una dirección IP válida.'),
(167, 167, 'en', 'El :attribute Debe ser una dirección IPv4 válida.'),
(168, 168, 'en', 'El :attribute Debe ser una dirección IPv6 válida.'),
(169, 169, 'en', 'El :attribute Debe ser una cadena JSON válida.'),
(170, 170, 'en', 'El :attribute Debe estar entre :min y :max artículos.'),
(171, 171, 'en', 'El :attribute Debe estar entre :min y :max kilobytes.'),
(172, 172, 'en', 'El :attribute Debe estar entre :min y :max Dígitos.'),
(173, 173, 'en', 'El :attribute No puede tener más de :max Artículos.'),
(174, 174, 'en', 'El :attribute No puede ser mayor que :max kilobytes.'),
(175, 175, 'en', 'El :attribute No puede ser mayor que :max.'),
(176, 176, 'en', 'El :attribute No puede ser mayor que :max caracteres.'),
(177, 177, 'en', 'El :attribute Debe ser un archivo de tipo: :values.'),
(178, 178, 'en', 'El :attribute Debe ser un archivo de tipo: :values.'),
(179, 179, 'en', 'El :attribute Debe tener al menos :min Artículos.'),
(180, 180, 'en', 'El :attribute Debe ser al menos :min kilobytes.'),
(181, 181, 'en', 'El :attribute Debe ser al menos :min.'),
(182, 182, 'en', 'El :attribute Debe tener al menos :min caracteres.'),
(183, 183, 'en', 'El seleccionado :attribute No es válido.'),
(184, 184, 'en', 'El :attribute Debe ser un número.'),
(185, 185, 'en', 'El Campo :attribute Debe estar presente.'),
(186, 186, 'en', 'No se pudo conectar con el servidor redis.'),
(187, 187, 'en', 'El Formato :attribute No es válido.'),
(188, 188, 'en', 'El Campo :attribute Es obligatorio.'),
(189, 189, 'en', 'El Campo :attribute Es obligatorio cuando :other es :value.'),
(190, 190, 'en', 'El Campo :attribute Es obligatorio a menos que :other esté en :values.'),
(191, 191, 'en', 'El Campo :attribute Es obligatorio cuando :values están presentes.'),
(192, 192, 'en', 'El Campo :attribute Es obligatorio cuando :values están presentes.'),
(193, 193, 'en', 'El Campo :attribute Es obligatorio cuando :values  No están presentes.'),
(194, 194, 'en', 'El Campo :attribute Es obligatorio cuando ninguno de :values están presentes.'),
(195, 195, 'en', 'El :attribute y :other Deben coincidir..'),
(196, 196, 'en', 'El :attribute Debe ser :size.'),
(197, 197, 'en', 'El :attribute Debe ser una cadena.'),
(198, 198, 'en', 'El :attribute Debe ser una zona válida.'),
(199, 199, 'en', 'El :attribute Ya se ha tomado.'),
(200, 200, 'en', 'El :attribute No se pudo cargar.'),
(201, 201, 'en', 'El Formato :attribute No es válido.'),
(202, 202, 'en', 'Categorías'),
(203, 203, 'en', 'Código'),
(204, 204, 'en', 'Fecha de finalización'),
(205, 205, 'en', 'Excluir categorías'),
(206, 206, 'en', 'Excluir productos'),
(207, 207, 'en', 'Envío gratuito'),
(208, 208, 'en', 'Estado'),
(209, 209, 'en', 'Tipo de descuento'),
(210, 210, 'en', 'Máximo gasto'),
(211, 211, 'en', 'Mínimo gasto'),
(212, 212, 'en', 'Nombre'),
(213, 213, 'en', 'Productos'),
(214, 214, 'en', 'Fecha de inicio'),
(215, 215, 'en', 'Límite de uso por cupón'),
(216, 216, 'en', 'Límite de uso por cliente'),
(217, 217, 'en', 'Valor'),
(218, 218, 'en', 'Cupón'),
(219, 219, 'en', 'Cupones'),
(220, 220, 'en', 'Permitir envío gratuito'),
(221, 221, 'en', 'Habilitar el cupón'),
(222, 222, 'en', 'Fijo'),
(223, 223, 'en', 'Porcentaje'),
(224, 224, 'en', 'Código'),
(225, 225, 'en', 'Descuento'),
(226, 226, 'en', 'Nombre'),
(227, 227, 'en', 'Información del cupón'),
(228, 228, 'en', 'Límites de uso'),
(229, 229, 'en', 'Restricciones de uso'),
(230, 230, 'en', 'Se ha aplicado el cupón.'),
(231, 231, 'en', 'Este cupón no es aplicable a su carrito.'),
(232, 232, 'en', 'El cupón no es válido.'),
(233, 233, 'en', 'Debe gastar menos de :amount Para aplicar este cupón.'),
(234, 234, 'en', 'Debe gastar al menos :amount Para aplicar este cupón.'),
(235, 235, 'en', 'El cupón no existe.'),
(236, 236, 'en', 'Se ha alcanzado el límite de uso de cupones.'),
(237, 237, 'en', 'Crear cupones'),
(238, 238, 'en', 'Eliminar cupones'),
(239, 239, 'en', 'Editar cupones'),
(240, 240, 'en', 'Índices de cupones'),
(241, 241, 'en', 'Tarifa'),
(242, 242, 'en', 'Taza de cambio'),
(243, 243, 'en', 'Taza de cambio'),
(244, 244, 'en', 'Actualizar tipos de cambio desde :service'),
(245, 245, 'en', 'Actualizar tasas'),
(246, 246, 'en', 'Código'),
(247, 247, 'en', 'Moneda'),
(248, 248, 'en', 'Última actualización'),
(249, 249, 'en', 'Tarifa'),
(250, 250, 'en', 'Información sobre la tasa de cambio'),
(251, 251, 'en', 'El servicio de cambio de tasa de cambio no está configurado.'),
(252, 252, 'en', 'Editar tasas de cambio'),
(253, 253, 'en', 'Índice de tasas de cambio'),
(254, 254, 'en', 'Alimentar  datos de moneda'),
(255, 255, 'en', 'Fijador'),
(256, 256, 'en', 'Navegar'),
(257, 257, 'en', 'Coloque archivos aquí o haga clic para cargar'),
(258, 258, 'en', 'Seleccione este archivo'),
(259, 259, 'en', 'Administrador de archivos'),
(260, 260, 'en', 'Nombre de archivo'),
(261, 261, 'en', 'Altura'),
(262, 262, 'en', 'Ancho'),
(263, 263, 'en', 'Miniatura'),
(264, 264, 'en', 'Miniaturas'),
(265, 265, 'en', 'Subir nuevo archivo'),
(266, 266, 'en', 'Se ha agregado la imagen.'),
(267, 267, 'en', 'Crear medios'),
(268, 268, 'en', 'Eliminar medios'),
(269, 269, 'en', 'Editar medios'),
(270, 270, 'en', 'Índice de medios'),
(271, 271, 'en', 'Categoría'),
(272, 272, 'en', 'Estado'),
(273, 273, 'en', 'Menú De Fluido'),
(274, 274, 'en', 'Nombre'),
(275, 275, 'en', 'Página'),
(276, 276, 'en', 'Elemento del menú principal'),
(277, 277, 'en', 'Objetivo'),
(278, 278, 'en', 'Tipo'),
(279, 279, 'en', 'Volver a la página Editar menú'),
(280, 280, 'en', 'Habilitar el elemento del menú'),
(281, 281, 'en', 'Este es un menú de ancho completo'),
(282, 282, 'en', 'Seleccionar categoría'),
(283, 283, 'en', 'Seleccionar página'),
(284, 284, 'en', 'Seleccionar padre'),
(285, 285, 'en', 'Nueva pestaña'),
(286, 286, 'en', 'Misma pestaña'),
(287, 287, 'en', 'Categoría'),
(288, 288, 'en', 'Página'),
(289, 289, 'en', 'Elemento de menú'),
(290, 290, 'en', 'Información del elemento del menú'),
(291, 291, 'en', 'Habilitar el menú'),
(292, 292, 'en', 'Guarde primero el menú para agregar elementos del menú.'),
(293, 293, 'en', 'Nombre'),
(294, 294, 'en', 'El elemento del menú ha sido eliminado.'),
(295, 295, 'en', 'Se ha actualizado el orden de los elementos del menú.'),
(296, 296, 'en', 'Crear elementos de menú'),
(297, 297, 'en', 'Eliminar elementos del menú'),
(298, 298, 'en', 'Editar elementos del menú'),
(299, 299, 'en', 'Elementos del menú'),
(300, 300, 'en', 'Crear menús'),
(301, 301, 'en', 'Eliminar menús'),
(302, 302, 'en', 'Editar menús'),
(303, 303, 'en', 'Menús de índice'),
(304, 304, 'en', 'Meta Descripción'),
(305, 305, 'en', 'Meta palabras clave'),
(306, 306, 'en', 'Meta título'),
(307, 307, 'en', 'Obligatorio'),
(308, 308, 'en', 'Etiqueta'),
(309, 309, 'en', 'Nombre'),
(310, 310, 'en', 'Nombre'),
(311, 311, 'en', 'Tipo'),
(312, 312, 'en', 'Etiqueta'),
(313, 313, 'en', 'Precio'),
(314, 314, 'en', 'Tipo de precio'),
(315, 315, 'en', 'Precio'),
(316, 316, 'en', 'Tipo'),
(317, 317, 'en', 'Etiqueta'),
(318, 318, 'en', 'Precio'),
(319, 319, 'en', 'Tipo de precio'),
(320, 320, 'en', 'Agregar opción global'),
(321, 321, 'en', 'Agregar nueva opción'),
(322, 322, 'en', 'Añadir nueva fila'),
(323, 323, 'en', 'Eliminar opción'),
(324, 324, 'en', 'Eliminar fila'),
(325, 325, 'en', 'Nueva opción'),
(326, 326, 'en', 'Casilla de verificación'),
(327, 327, 'en', 'Selección múltiple'),
(328, 328, 'en', 'Seleccione Por favor'),
(329, 329, 'en', 'Botón de radio'),
(330, 330, 'en', 'Precio'),
(331, 331, 'en', 'Fijo'),
(332, 332, 'en', 'Porcentaje'),
(333, 333, 'en', 'Esta opción es obligatoria'),
(334, 334, 'en', 'Opción'),
(335, 335, 'en', 'Opciones'),
(336, 336, 'en', 'Seleccionar opción global'),
(337, 337, 'en', 'Nombre'),
(338, 338, 'en', 'Tipo'),
(339, 339, 'en', 'Información de la opción'),
(340, 340, 'en', 'Opciones'),
(341, 341, 'en', 'Valores'),
(342, 342, 'en', 'Crear opciones'),
(343, 343, 'en', 'Eliminar opciones'),
(344, 344, 'en', 'Opciones de edición'),
(345, 345, 'en', 'Opciones de índice'),
(346, 346, 'en', 'Opciones'),
(347, 347, 'en', 'El estado de su pedido ha cambiado'),
(348, 348, 'en', 'El estado de su pedido  #:order_id Se cambia a :status.'),
(349, 349, 'en', 'La factura ha sido enviada al cliente.'),
(350, 350, 'en', 'Has cancelado el pago.'),
(351, 351, 'en', 'El estado del pedido se ha actualizado.'),
(352, 352, 'en', 'Información de la cuenta'),
(353, 353, 'en', 'Información de dirección'),
(354, 354, 'en', 'Datos de facturación'),
(355, 355, 'en', 'Cupón'),
(356, 356, 'en', 'Moneda'),
(357, 357, 'en', 'Tipo de cambio'),
(358, 358, 'en', 'Correo electrónico del cliente'),
(359, 359, 'en', 'Grupo de clientes'),
(360, 360, 'en', 'Nombre del cliente'),
(361, 361, 'en', 'Teléfono del cliente'),
(362, 362, 'en', 'Artículos pedidos'),
(363, 363, 'en', 'Línea Total'),
(364, 364, 'en', 'Orden'),
(365, 365, 'en', 'Información de pedido y cuenta'),
(366, 366, 'en', 'Fecha de pedido'),
(367, 367, 'en', 'Información del pedido'),
(368, 368, 'en', 'Estado del pedido'),
(369, 369, 'en', 'Pedidos'),
(370, 370, 'en', 'Método de pago'),
(371, 371, 'en', 'Imprimir'),
(372, 372, 'en', 'Cantidad'),
(373, 373, 'en', 'Producto'),
(374, 374, 'en', 'El :attribute Debe contener :size elementos'),
(375, 375, 'en', 'El :attribute Debe ser :size kilobytes.'),
(376, 376, 'en', 'El :attribute Debe ser :size caracteres'),
(377, 377, 'en', 'Menú'),
(378, 378, 'en', 'Menús'),
(379, 379, 'en', 'Menús'),
(380, 380, 'en', 'Menús'),
(381, 381, 'en', 'Registrado'),
(382, 382, 'en', 'Enviar correo electrónico'),
(383, 383, 'en', 'Dirección de envío'),
(384, 384, 'en', 'Método de envío'),
(385, 385, 'en', 'Correo electrónico del cliente'),
(386, 386, 'en', 'Nombre del cliente'),
(387, 387, 'en', 'ID de pedido'),
(388, 388, 'en', 'Impuesto'),
(389, 389, 'en', 'Precio unitario'),
(390, 390, 'en', 'Editar orden'),
(391, 391, 'en', 'Orden de índice'),
(392, 392, 'en', 'Mostrar orden'),
(393, 393, 'en', 'Datos de facturación'),
(394, 394, 'en', 'Fecha'),
(395, 395, 'en', 'Correo electrónico'),
(396, 396, 'en', 'FACTURA'),
(397, 397, 'en', 'ID de factura'),
(398, 398, 'en', 'Línea Total'),
(399, 399, 'en', 'Detalles del pedido'),
(400, 400, 'en', 'Método de pago'),
(401, 401, 'en', 'Teléfono'),
(402, 402, 'en', 'Producto'),
(403, 403, 'en', 'Cantidad'),
(404, 404, 'en', 'Dirección de envío'),
(405, 405, 'en', 'Método de envío'),
(406, 406, 'en', 'Precio unitario'),
(407, 407, 'en', 'Cancelado'),
(408, 408, 'en', 'Terminado'),
(409, 409, 'en', 'En espera'),
(410, 410, 'en', 'Pendiente'),
(411, 411, 'en', 'Pago pendiente'),
(412, 412, 'en', 'Procesando'),
(413, 413, 'en', 'Reembolsado'),
(414, 414, 'en', 'Cuerpo'),
(415, 415, 'en', 'Estado'),
(416, 416, 'en', 'Nombre'),
(417, 417, 'en', 'Habilitar la página'),
(418, 418, 'en', 'Páginas'),
(419, 419, 'en', 'Página'),
(420, 420, 'en', 'Nombre'),
(421, 421, 'en', 'Información de la página'),
(422, 422, 'en', 'Crear páginas'),
(423, 423, 'en', 'Eliminar páginas'),
(424, 424, 'en', 'Editar páginas'),
(425, 425, 'en', 'Páginas de índice'),
(426, 426, 'en', 'Páginas'),
(427, 427, 'en', 'Categorías'),
(428, 428, 'en', 'Descripción'),
(429, 429, 'en', 'Disponibilidad de stock'),
(430, 430, 'en', 'Estado'),
(431, 431, 'en', 'Revisable'),
(432, 432, 'en', 'Gestión de inventario'),
(433, 433, 'en', 'Nombre'),
(434, 434, 'en', 'Producto nuevo desde'),
(435, 435, 'en', 'Producto nuevo para'),
(436, 436, 'en', 'Precio'),
(437, 437, 'en', 'Cantidad'),
(438, 438, 'en', 'Descripción breve'),
(439, 439, 'en', 'Precio especial'),
(440, 440, 'en', 'Final de Precio especial'),
(441, 441, 'en', 'Inicio de Precio especial'),
(442, 442, 'en', 'Clase de impuestos'),
(443, 443, 'en', 'Crear productos'),
(444, 444, 'en', 'Eliminar productos'),
(445, 445, 'en', 'Editar productos'),
(446, 446, 'en', 'Índice de Productos'),
(447, 447, 'en', 'Imágenes adicionales'),
(448, 448, 'en', 'Imagen base'),
(449, 449, 'en', 'Habilitar el producto'),
(450, 450, 'en', 'No rastrear inventario'),
(451, 451, 'en', 'Seguimiento de inventario'),
(452, 452, 'en', 'Agotado'),
(453, 453, 'en', 'En stock'),
(454, 454, 'en', 'Producto'),
(455, 455, 'en', 'Productos'),
(456, 456, 'en', 'Nombre'),
(457, 457, 'en', 'Precio'),
(458, 458, 'en', 'Miniatura'),
(459, 459, 'en', 'Adicionales'),
(460, 460, 'en', 'Información avanzada'),
(461, 461, 'en', 'Información básica'),
(462, 462, 'en', 'Imágenes'),
(463, 463, 'en', 'Inventario'),
(464, 464, 'en', 'Precio'),
(465, 465, 'en', 'Productos relacionados'),
(466, 466, 'en', 'Catálogo'),
(467, 467, 'en', 'Productos'),
(468, 468, 'en', 'Filtrar'),
(469, 469, 'en', 'Código de cupón'),
(470, 470, 'en', 'Correo electrónico del cliente'),
(471, 471, 'en', 'Nombre del cliente'),
(472, 472, 'en', 'Fecha de finalización'),
(473, 473, 'en', 'Fecha de inicio'),
(474, 474, 'en', 'Agrupar por'),
(475, 475, 'en', 'Días'),
(476, 476, 'en', 'Meses'),
(477, 477, 'en', 'Semanas'),
(478, 478, 'en', 'Años'),
(479, 479, 'en', 'Palabra clave'),
(480, 480, 'en', 'Por favor seleccione'),
(481, 481, 'en', 'Producto'),
(482, 482, 'en', 'Cantidad arriba'),
(483, 483, 'en', 'Cantidad debajo'),
(484, 484, 'en', 'Tipo de informe'),
(485, 485, 'en', 'Informe de cupones'),
(486, 486, 'en', 'Informe de pedido de clientes'),
(487, 487, 'en', 'Informe de compra de productos'),
(488, 488, 'en', 'Informe de stock de productos'),
(489, 489, 'en', 'Ver informe de productos'),
(490, 490, 'en', 'Informe de ventas'),
(491, 491, 'en', 'Buscar informe'),
(492, 492, 'en', 'Informe de envío'),
(493, 493, 'en', 'Informe de impuestos'),
(494, 494, 'en', 'Método de envío'),
(495, 495, 'en', 'Estado del pedido'),
(496, 496, 'en', 'Disponibilidad de stock'),
(497, 497, 'en', 'En stock'),
(498, 498, 'en', 'Nombre del impuesto'),
(499, 499, 'en', '¡No hay datos disponibles!'),
(500, 500, 'en', 'Informes'),
(501, 501, 'en', 'Código de cupón'),
(502, 502, 'en', 'Nombre del cupón'),
(503, 503, 'en', 'Correo electrónico del cliente'),
(504, 504, 'en', 'Grupo de clientes'),
(505, 505, 'en', 'Correo electrónico del cliente'),
(506, 506, 'en', 'Fecha'),
(507, 507, 'en', 'Descuento'),
(508, 508, 'en', 'Invitado'),
(509, 509, 'en', 'Palabra clave'),
(510, 510, 'en', 'Pedidos'),
(511, 511, 'en', 'Producto'),
(512, 512, 'en', 'Productos'),
(513, 513, 'en', 'Cantidad'),
(514, 514, 'en', 'Registrado'),
(515, 515, 'en', 'Resultados'),
(516, 516, 'en', 'Envío'),
(517, 517, 'en', 'Método de envío'),
(518, 518, 'en', 'Disponibilidad de stock'),
(519, 519, 'en', 'Impuesto'),
(520, 520, 'en', 'Nombre del impuesto'),
(521, 521, 'en', 'Puntos de vista'),
(522, 522, 'en', 'Informes de índice'),
(523, 523, 'en', 'Informes'),
(524, 524, 'en', 'Revisión'),
(525, 525, 'en', 'Estado'),
(526, 526, 'en', 'Clasificación'),
(527, 527, 'en', 'Nombre del revisor'),
(528, 528, 'en', 'Gracias por su evaluación. Se ha presentado para su aprobación.'),
(529, 529, 'en', 'Gracias por tu comentario.'),
(530, 530, 'en', 'Eliminar comentarios'),
(531, 531, 'en', 'Editar comentarios'),
(532, 532, 'en', 'Índice de comentarios'),
(533, 533, 'en', 'Aprueba este comentario'),
(534, 534, 'en', 'Comentario'),
(535, 535, 'en', 'Comentarios'),
(536, 536, 'en', 'Volver a la página de edición del producto'),
(537, 537, 'en', 'Aprobado'),
(538, 538, 'en', 'Producto'),
(539, 539, 'en', 'Calificación'),
(540, 540, 'en', 'Nombre del revisor'),
(541, 541, 'en', 'Información de revisión'),
(542, 542, 'en', 'Comentarios'),
(543, 543, 'en', 'Comentarios'),
(544, 544, 'en', 'Correo electrónico de pedido de administrador'),
(545, 545, 'en', 'IP permitidas'),
(546, 546, 'en', 'Auto aprobar revisiones'),
(547, 547, 'en', 'Frecuencia'),
(548, 548, 'en', 'Actualización automática'),
(549, 549, 'en', 'Estado'),
(550, 550, 'en', 'Estado'),
(551, 551, 'en', 'Estado'),
(552, 552, 'en', 'Clave de API de feed de datos de moneda'),
(553, 553, 'en', 'Servicio de tasa de cambio'),
(554, 554, 'en', 'Pie de página'),
(555, 555, 'en', 'Encabezamiento'),
(556, 556, 'en', 'Rol del cliente'),
(557, 557, 'en', 'País predeterminado'),
(558, 558, 'en', 'Moneda predeterminada'),
(559, 559, 'en', 'Configuración regional predeterminada'),
(560, 560, 'en', 'Zona horaria predeterminada'),
(561, 561, 'en', 'ID de aplicación'),
(562, 562, 'en', 'Secreto de la aplicación'),
(563, 563, 'en', 'Estado'),
(564, 564, 'en', 'Clave de acceso al fijador'),
(565, 565, 'en', 'Costo'),
(566, 566, 'en', 'Estado'),
(567, 567, 'en', 'Forjar clave de API'),
(568, 568, 'en', 'Estado'),
(569, 569, 'en', 'Estado'),
(570, 570, 'en', 'Estado'),
(571, 571, 'en', 'Estado'),
(572, 572, 'en', 'Estado'),
(573, 573, 'en', 'Estado'),
(574, 574, 'en', 'Cantidad mínima'),
(575, 575, 'en', 'ID de cliente'),
(576, 576, 'en', 'Secreto del cliente'),
(577, 577, 'en', 'Clave API'),
(578, 578, 'en', 'Símbolo de autenticación'),
(579, 579, 'en', 'Descripción'),
(580, 580, 'en', 'Etiqueta'),
(581, 581, 'en', 'Factura Correo electrónico'),
(582, 582, 'en', 'Costo'),
(583, 583, 'en', 'Cifrado de correo'),
(584, 584, 'en', 'Correo de la dirección'),
(585, 585, 'en', 'Correo del nombre'),
(586, 586, 'en', 'Contraseña de correo'),
(587, 587, 'en', 'Puerto de correo'),
(588, 588, 'en', 'Nombre de usuario de correo'),
(589, 589, 'en', 'Modo de mantenimiento'),
(590, 590, 'en', 'Estado del pedido Correo electrónico'),
(591, 591, 'en', 'Contraseña API'),
(592, 592, 'en', 'Firma API'),
(593, 593, 'en', 'API Nombre de usuario'),
(594, 594, 'en', 'Comentarios y calificaciones'),
(595, 595, 'en', 'Dirección de la tienda 1'),
(596, 596, 'en', 'Dirección de la tienda 2'),
(597, 597, 'en', 'Ciudad de la tienda'),
(598, 598, 'en', 'País de la tienda'),
(599, 599, 'en', 'Correo electrónico de la tienda'),
(600, 600, 'en', 'Teléfono de la tienda'),
(601, 601, 'en', 'Estado de la tienda'),
(602, 602, 'en', 'Clave publicable'),
(603, 603, 'en', 'Clave secreta'),
(604, 604, 'en', 'Países admitidos'),
(605, 605, 'en', 'Países admitidos'),
(606, 606, 'en', 'Monedas admitidas'),
(607, 607, 'en', 'Monedas admitidas'),
(608, 608, 'en', 'Locales compatibles'),
(609, 609, 'en', 'Configuraciones regionales admitidas'),
(610, 610, 'en', 'Descripción'),
(611, 611, 'en', 'Instrucciones'),
(612, 612, 'en', 'Etiqueta'),
(613, 613, 'en', 'Descripción'),
(614, 614, 'en', 'Instrucciones'),
(615, 615, 'en', 'Etiqueta'),
(616, 616, 'en', 'Etiqueta'),
(617, 617, 'en', 'Etiqueta'),
(618, 618, 'en', 'Etiqueta'),
(619, 619, 'en', 'Etiqueta'),
(620, 620, 'en', 'Etiqueta'),
(621, 621, 'en', 'Etiqueta'),
(622, 622, 'en', 'Descripción'),
(623, 623, 'en', 'Descripción'),
(624, 624, 'en', 'Nombre de la tienda'),
(625, 625, 'en', 'Lema de la Tienda'),
(626, 626, 'en', 'Descripción'),
(627, 627, 'en', 'Correo electrónico de bienvenida'),
(628, 628, 'en', 'La configuración se ha guardado.'),
(629, 629, 'en', 'Editar configuración'),
(630, 630, 'en', 'Permitir que los clientes den opiniones y calificaciones'),
(631, 631, 'en', 'Las opiniones de los clientes se aprobarán automáticamente'),
(632, 632, 'en', 'Diario'),
(633, 633, 'en', 'Semanal'),
(634, 634, 'en', 'Habilitar tasas de cambio automáticas'),
(635, 635, 'en', 'Mensual'),
(636, 636, 'en', 'Habilitar transferencia bancaria'),
(637, 637, 'en', 'Habilitar cheque / giro postal'),
(638, 638, 'en', 'Habilitar pago contra reembolso'),
(639, 639, 'en', 'Habilitar inicio de sesión de Facebook'),
(640, 640, 'en', 'Habilitar tarifa plana'),
(641, 641, 'en', 'Habilitar envío gratis'),
(642, 642, 'en', 'Habilitar inicio de sesión de Google'),
(643, 643, 'en', 'Habilitar recogida local'),
(644, 644, 'en', 'Direcciones IP separadas en una nueva línea'),
(645, 645, 'en', 'Déjelo en blanco para deshabilitar la búsqueda difusa.'),
(646, 646, 'en', 'Ponga la aplicación en modo de mantenimiento'),
(647, 647, 'en', 'Seleccionar servicio'),
(648, 648, 'en', 'Enviar correo electrónico después de cambiar el estado del pedido'),
(649, 649, 'en', 'Enviar correo electrónico de factura al cliente después del pago'),
(650, 650, 'en', 'Enviar notificación de nueva orden al administrador'),
(651, 651, 'en', 'Enviar correo electrónico de bienvenida después del registro'),
(652, 652, 'en', 'Configuración'),
(653, 653, 'en', 'Transferencia bancaria'),
(654, 654, 'en', 'Cheque / giro postal'),
(655, 655, 'en', 'Contra reembolso'),
(656, 656, 'en', 'Moneda'),
(657, 657, 'en', 'CSS / JS personalizado'),
(658, 658, 'en', 'Tarifa plana'),
(659, 659, 'en', 'Envío gratis'),
(660, 660, 'en', 'Configuración general'),
(661, 661, 'en', 'Métodos de pago'),
(662, 662, 'en', 'Métodos de envío'),
(663, 663, 'en', 'Inicios de sesión sociales'),
(664, 664, 'en', 'Envío a provincia'),
(665, 665, 'en', 'Correo'),
(666, 666, 'en', 'Mantenimiento'),
(667, 667, 'en', 'Tienda'),
(668, 668, 'en', 'SQLite no está instalado.'),
(669, 669, 'en', 'Configuraciones'),
(670, 670, 'en', 'Flechas'),
(671, 671, 'en', 'Reproducción automática'),
(672, 672, 'en', 'Velocidad de reproducción automática'),
(673, 673, 'en', 'Efecto'),
(674, 674, 'en', 'Texto de llamada a la acción'),
(675, 675, 'en', 'URL de llamada a la acción'),
(676, 676, 'en', 'Subtítulo 1'),
(677, 677, 'en', 'Efecto'),
(678, 678, 'en', 'Subtítulo 2'),
(679, 679, 'en', 'Subtítulo 3'),
(680, 680, 'en', 'Efecto'),
(681, 681, 'en', 'Efecto'),
(682, 682, 'en', 'Nombre'),
(683, 683, 'en', 'Abrir en una nueva ventana'),
(684, 684, 'en', 'Crear slider'),
(685, 685, 'en', 'Eliminar slider'),
(686, 686, 'en', 'Editar slider'),
(687, 687, 'en', 'Índice de slider'),
(688, 688, 'en', 'Acercarse'),
(689, 689, 'en', 'Habilitar reproducción automática'),
(690, 690, 'en', 'Mostrar flechas Anterior / Siguiente'),
(691, 691, 'en', 'Añadir diapositiva'),
(692, 692, 'en', 'Subtítulo 1'),
(693, 693, 'en', 'Subtítulo 2'),
(694, 694, 'en', 'Subtítulo 3'),
(695, 695, 'en', 'Impuestos'),
(696, 696, 'en', 'Abrir en una nueva ventana'),
(697, 697, 'en', 'Opciones'),
(698, 698, 'en', 'Diapositiva de imagen'),
(699, 699, 'en', 'Nombre'),
(700, 700, 'en', 'Configuración'),
(701, 701, 'en', '¡Vaya!'),
(702, 702, 'en', 'La página no encontrada.'),
(703, 703, 'en', 'Información de la cuenta'),
(704, 704, 'en', 'Editar'),
(705, 705, 'en', 'Pedidos recientes'),
(706, 706, 'en', 'Ver todo'),
(707, 707, 'en', 'Panel de administración'),
(708, 708, 'en', 'Cerrar sesión'),
(709, 709, 'en', 'Mi cuenta'),
(710, 710, 'en', 'Mis pedidos'),
(711, 711, 'en', 'Mi perfil'),
(712, 712, 'en', 'Mis comentarios'),
(713, 713, 'en', 'Mi lista de deseos'),
(714, 714, 'en', 'Fecha'),
(715, 715, 'en', 'No ha realizado ningún pedido todavía.'),
(716, 716, 'en', 'ID de pedido'),
(717, 717, 'en', 'Estado'),
(718, 718, 'en', 'Ver pedido'),
(719, 719, 'en', 'Cuenta'),
(720, 720, 'en', 'Confirmar contraseña'),
(721, 721, 'en', 'Correo electrónico'),
(722, 722, 'en', 'Nombre'),
(723, 723, 'en', 'Apellido'),
(724, 724, 'en', 'Nueva contraseña'),
(725, 725, 'en', 'Contraseña'),
(726, 726, 'en', 'Guardar cambios'),
(727, 727, 'en', 'Fecha'),
(728, 728, 'en', 'Todavía no ha revisado ningún producto.'),
(729, 729, 'en', 'Producto'),
(730, 730, 'en', 'Calificación'),
(731, 731, 'en', 'Datos de facturación'),
(732, 732, 'en', 'Cupón'),
(733, 733, 'en', 'Fecha'),
(734, 734, 'en', 'Correo electrónico'),
(735, 735, 'en', 'Línea Total'),
(736, 736, 'en', 'Detalles del pedido'),
(737, 737, 'en', 'Método de pago'),
(738, 738, 'en', 'Producto'),
(739, 739, 'en', 'Cantidad'),
(740, 740, 'en', 'Dirección de envío'),
(741, 741, 'en', 'Método de envío'),
(742, 742, 'en', 'Teléfono'),
(743, 743, 'en', 'Precio unitario'),
(744, 744, 'en', 'Ver pedido'),
(745, 745, 'en', 'Disponibilidad'),
(746, 746, 'en', 'Su lista de deseos está vacía.'),
(747, 747, 'en', 'En stock'),
(748, 748, 'en', 'Agotado'),
(749, 749, 'en', 'Precio'),
(750, 750, 'en', 'Producto'),
(751, 751, 'en', 'Eliminar'),
(752, 752, 'en', 'Subtítulo 1'),
(753, 753, 'en', 'Subtítulo 2'),
(754, 754, 'en', 'Productos de columna'),
(755, 755, 'en', 'Título de columna'),
(756, 756, 'en', 'Habilitado'),
(757, 757, 'en', 'Icono'),
(758, 758, 'en', 'Abrir en una nueva ventana'),
(759, 759, 'en', 'Productos'),
(760, 760, 'en', 'Estado de la sección'),
(761, 761, 'en', 'Título de sección'),
(762, 762, 'en', 'Menú de categoría'),
(763, 763, 'en', 'Título del menú de categoría'),
(764, 764, 'en', 'Dirección de pie de página'),
(765, 765, 'en', 'Menú de pie de página'),
(766, 766, 'en', 'Título del menú del pie de página'),
(767, 767, 'en', 'Diseño'),
(768, 768, 'en', 'Tema de correo'),
(769, 769, 'en', 'Menú principal'),
(770, 770, 'en', 'Página de política de privacidad'),
(771, 771, 'en', 'Página de términos y condiciones'),
(772, 772, 'en', 'Tema'),
(773, 773, 'en', 'Subtítulo'),
(774, 774, 'en', 'Productos de pestaña'),
(775, 775, 'en', 'Título de la pestaña'),
(776, 776, 'en', 'Título'),
(777, 777, 'en', 'Productos totales'),
(778, 778, 'en', 'Aplicar cupón'),
(779, 779, 'en', 'Carrito'),
(780, 780, 'en', 'Totales del carrito'),
(781, 781, 'en', 'Finalizar compra'),
(782, 782, 'en', 'Cupón'),
(783, 783, 'en', 'No hay ningún método de envío disponible.'),
(784, 784, 'en', 'Precio'),
(785, 785, 'en', 'Producto'),
(786, 786, 'en', 'Cantidad'),
(787, 787, 'en', 'Eliminar'),
(788, 788, 'en', 'Método de envío'),
(789, 789, 'en', 'Actualizar'),
(790, 790, 'en', '¡Su carrito está vacío!'),
(791, 791, 'en', 'Dirección'),
(792, 792, 'en', 'Volver'),
(793, 793, 'en', 'Revisa'),
(794, 794, 'en', 'Confirmar'),
(795, 795, 'en', 'Continuar'),
(796, 796, 'en', 'Acepto que he leido y estoy de acuerdo con los'),
(797, 797, 'en', 'Pago'),
(798, 798, 'en', 'Realizar pedido'),
(799, 799, 'en', 'Seleccione'),
(800, 800, 'en', 'Dirección'),
(801, 801, 'en', 'Dirección 1'),
(802, 802, 'en', 'Dirección 2'),
(803, 803, 'en', 'Ciudad'),
(804, 804, 'en', 'País'),
(805, 805, 'en', 'Nombre'),
(806, 806, 'en', 'Apellido'),
(807, 807, 'en', 'Estado / Provincia'),
(808, 808, 'en', 'Postal / ZIP'),
(809, 809, 'en', '¿Crear una cuenta?'),
(810, 810, 'en', 'Correo electrónico'),
(811, 811, 'en', 'Teléfono'),
(812, 812, 'en', 'Contraseña'),
(813, 813, 'en', 'Enviar a una dirección diferente'),
(814, 814, 'en', 'Dirección 1'),
(815, 815, 'en', 'Dirección 2'),
(816, 816, 'en', 'País'),
(817, 817, 'en', 'Ciudad'),
(818, 818, 'en', 'Nombre'),
(819, 819, 'en', 'Apellido'),
(820, 820, 'en', 'Estado / Provincia'),
(821, 821, 'en', 'Código postal / ZIP'),
(822, 822, 'en', 'Datos de facturación'),
(823, 823, 'en', 'Lista de elementos'),
(824, 824, 'en', 'Instrucciones de pago'),
(825, 825, 'en', 'Precio'),
(826, 826, 'en', 'Producto'),
(827, 827, 'en', 'Cantidad'),
(828, 828, 'en', 'No se encuentra ningún método de pago.'),
(829, 829, 'en', 'Método de pago'),
(830, 830, 'en', 'Información personal'),
(831, 831, 'en', 'Dirección de envío'),
(832, 832, 'en', 'Términos y condiciones'),
(833, 833, 'en', 'Añadir al carrito'),
(834, 834, 'en', 'Comparar'),
(835, 835, 'en', 'Volver'),
(836, 836, 'en', 'No hay productos en la lista de comparación.'),
(837, 837, 'en', 'Precio'),
(838, 838, 'en', 'Descripción general del producto'),
(839, 839, 'en', 'Ver detalles'),
(840, 840, 'en', 'Contacto'),
(841, 841, 'en', 'Correo electrónico'),
(842, 842, 'en', 'Teléfono'),
(843, 843, 'en', 'Envíenos un mensaje'),
(844, 844, 'en', 'Enviar'),
(845, 845, 'en', 'Su mensaje ha sido enviado.'),
(846, 846, 'en', 'Datos de facturación'),
(847, 847, 'en', 'Cupón'),
(848, 848, 'en', 'Fecha'),
(849, 849, 'en', 'Correo electrónico'),
(850, 850, 'en', 'FACTURA'),
(851, 851, 'en', 'Línea Total'),
(852, 852, 'en', 'Detalles del pedido'),
(853, 853, 'en', 'ID de pedido'),
(854, 854, 'en', 'Método de pago'),
(855, 855, 'en', 'Teléfono'),
(856, 856, 'en', 'Producto'),
(857, 857, 'en', 'Cantidad'),
(858, 858, 'en', 'Dirección de envío'),
(859, 859, 'en', 'Factura por pedido #:id'),
(860, 860, 'en', 'Precio unitario'),
(861, 861, 'en', 'Configuración de la cuenta'),
(862, 862, 'en', 'Todas las categorías'),
(863, 863, 'en', 'Comparar'),
(864, 864, 'en', 'El sitio web utiliza cookies para garantizar que obtenga la mejor experiencia en nuestro sitio web.'),
(865, 865, 'en', 'Ingrese su correo electrónico ...'),
(866, 866, 'en', 'Lo tengo'),
(867, 867, 'en', 'Iniciar sesión'),
(868, 868, 'en', 'Revisa'),
(869, 869, 'en', 'Mi carrito'),
(870, 870, 'en', 'Eliminar'),
(871, 871, 'en', 'Ver carrito'),
(872, 872, 'en', 'Su carrito está vacío'),
(873, 873, 'en', 'Etiquetas del producto'),
(874, 874, 'en', 'Buscar'),
(875, 875, 'en', 'Buscar productos ...'),
(876, 876, 'en', 'Suscribirse'),
(877, 877, 'en', 'Predeterminado'),
(878, 878, 'en', 'Slider con Banners'),
(879, 879, 'en', 'Todos los derechos reservados.'),
(880, 880, 'en', 'Hola :name!'),
(881, 881, 'en', 'Su ID de pedido es'),
(882, 882, 'en', 'Gracias por comprar con nosotros.'),
(883, 883, 'en', '¡Su pedido ha sido realizado!'),
(884, 884, 'en', 'Editar configuración de Storefront'),
(885, 885, 'en', 'Añadir al carrito'),
(886, 886, 'en', 'Disponibilidad'),
(887, 887, 'en', 'Comentarios de clientes'),
(888, 888, 'en', 'En stock'),
(889, 889, 'en', 'Izquierda'),
(890, 890, 'en', 'Solamente'),
(891, 891, 'en', 'Elija una opción'),
(892, 892, 'en', 'Agotado'),
(893, 893, 'en', 'Cantidad'),
(894, 894, 'en', 'Productos relacionados'),
(895, 895, 'en', '1 Estrella'),
(896, 896, 'en', '2 Estrellas'),
(897, 897, 'en', '3 Estrellas'),
(898, 898, 'en', '4 Estrellas'),
(899, 899, 'en', '5 Estrellas'),
(900, 900, 'en', 'Añadir un comentario'),
(901, 901, 'en', 'Añadir reseña'),
(902, 902, 'en', '¡HTML no está traducido!'),
(903, 903, 'en', 'Nota:'),
(904, 904, 'en', 'de 5'),
(905, 905, 'en', 'Nombre'),
(906, 906, 'en', ':count estrella'),
(907, 907, 'en', 'No hay comentarios para este producto.'),
(908, 908, 'en', 'Tu calificación'),
(909, 909, 'en', 'Tu reseña'),
(910, 910, 'en', 'Información adicional'),
(911, 911, 'en', 'Descripción'),
(912, 912, 'en', 'Comentarios'),
(913, 913, 'en', 'También te puede interesar'),
(914, 914, 'en', 'Añadir al carrito'),
(915, 915, 'en', 'Agregar para comparar'),
(916, 916, 'en', 'Añadir a la lista de deseos'),
(917, 917, 'en', 'Nuevo'),
(918, 918, 'en', 'Agotado'),
(919, 919, 'en', 'Vista rápida'),
(920, 920, 'en', 'Ver detalles'),
(921, 921, 'en', 'Categoría'),
(922, 922, 'en', 'Filtro'),
(923, 923, 'en', 'De'),
(924, 924, 'en', 'Vista de cuadrícula'),
(925, 925, 'en', 'Vista de lista'),
(926, 926, 'en', 'Cargando ...'),
(927, 927, 'en', 'No se encontraron productos.'),
(928, 928, 'en', 'Producto encontrado | Productos encontrados'),
(929, 929, 'en', 'Resultados de búsqueda para'),
(930, 930, 'en', 'Tienda'),
(931, 931, 'en', 'Alfabético'),
(932, 932, 'en', 'Último'),
(933, 933, 'en', 'Precio: mayor a menor'),
(934, 934, 'en', 'Precio: bajo a alto'),
(935, 935, 'en', 'Relevancia'),
(936, 936, 'en', 'Mejor calificados'),
(937, 937, 'en', 'a'),
(938, 938, 'en', 'Banner'),
(939, 939, 'en', 'Banner 1'),
(940, 940, 'en', 'Banner 2'),
(941, 941, 'en', 'Banner 3'),
(942, 942, 'en', 'Marcas'),
(943, 943, 'en', 'Columna 1'),
(944, 944, 'en', 'Columna 2'),
(945, 945, 'en', 'Columna 3'),
(946, 946, 'en', 'Habilitar la sección de Banner 1'),
(947, 947, 'en', 'Habilitar la sección de Banner 2'),
(948, 948, 'en', 'Habilitar la sección de Banner 3'),
(949, 949, 'en', 'Habilitar sección de marcas'),
(950, 950, 'en', 'Habilitar sección de características'),
(951, 951, 'en', 'Habilitar la sección de productos landscape'),
(952, 952, 'en', 'Habilitar la sección de productos carousel'),
(953, 953, 'en', 'Habilitar sección de pestañas de productos'),
(954, 954, 'en', 'Habilitar la sección de productos recientes'),
(955, 955, 'en', 'Habilitar la sección vista recientemente'),
(956, 956, 'en', 'Habilitar tres columnas  verticales de la sección de productos carousel'),
(957, 957, 'en', 'Habilitar dos columnas de la sección de productos carousel'),
(958, 958, 'en', 'Característica 1'),
(959, 959, 'en', 'Característica 2'),
(960, 960, 'en', 'Característica 3'),
(961, 961, 'en', 'Característica 4'),
(962, 962, 'en', 'Logotipo de pie de página'),
(963, 963, 'en', 'El logotipo de cabecera'),
(964, 964, 'en', 'Logo de correo'),
(965, 965, 'en', 'Seleccione por favor'),
(966, 966, 'en', 'Pestaña 1'),
(967, 967, 'en', 'Pestaña 2'),
(968, 968, 'en', 'Pestaña 3'),
(969, 969, 'en', 'Pestaña 4'),
(970, 970, 'en', 'Marcas'),
(971, 971, 'en', 'Características'),
(972, 972, 'en', 'Configuración general'),
(973, 973, 'en', 'Secciones de página de inicio'),
(974, 974, 'en', 'Productos de paisaje'),
(975, 975, 'en', 'Producto Carousel'),
(976, 976, 'en', 'Fichas de productos'),
(977, 977, 'en', 'Productos recientes'),
(978, 978, 'en', 'Visto recientemente'),
(979, 979, 'en', 'Enlaces sociales'),
(980, 980, 'en', 'Tres columnas verticales de Producto Carousel'),
(981, 981, 'en', 'Dos columnas de Producto Carousel'),
(982, 982, 'en', 'Negro'),
(983, 983, 'en', 'Azul'),
(984, 984, 'en', 'Azul marino'),
(985, 985, 'en', 'Rosado'),
(986, 986, 'en', 'Rojo'),
(987, 987, 'en', 'Cielo azul'),
(988, 988, 'en', 'Violeta'),
(989, 989, 'en', 'Actualizar código'),
(990, 990, 'en', 'Basado en'),
(991, 991, 'en', 'País'),
(992, 992, 'en', 'Ciudad'),
(993, 993, 'en', 'Clase de impuesto'),
(994, 994, 'en', 'Nombre del impuesto'),
(995, 995, 'en', 'Tarifa %'),
(996, 996, 'en', 'Nombre del impuesto'),
(997, 997, 'en', 'Tarifa'),
(998, 998, 'en', 'Estado'),
(999, 999, 'en', 'Crear impuesto'),
(1000, 1000, 'en', 'Eliminar impuesto'),
(1001, 1001, 'en', 'Editar impuesto'),
(1002, 1002, 'en', 'Índice de Impuesto'),
(1003, 1003, 'en', 'Añadir nueva tarifa'),
(1004, 1004, 'en', 'Dirección de facturación'),
(1005, 1005, 'en', 'Dirección de envío'),
(1006, 1006, 'en', 'Dirección de la tienda'),
(1007, 1007, 'en', 'Eliminar tasa'),
(1008, 1008, 'en', 'Clase de impuestos'),
(1009, 1009, 'en', 'Información fiscal'),
(1010, 1010, 'en', 'Tarifas'),
(1011, 1011, 'en', 'Impuesto'),
(1012, 1012, 'en', 'Impuestos'),
(1013, 1013, 'en', 'Índice de Transacción'),
(1014, 1014, 'en', 'ID de orden'),
(1015, 1015, 'en', 'Método de pago'),
(1016, 1016, 'en', 'ID de transacción'),
(1017, 1017, 'en', 'Transacciones'),
(1018, 1018, 'en', 'Editar traducciones'),
(1019, 1019, 'en', 'Índice de Traducciones'),
(1020, 1020, 'en', 'Llave'),
(1021, 1021, 'en', 'Traducción'),
(1022, 1022, 'en', 'Traducciones'),
(1023, 1023, 'en', 'Recordarme'),
(1024, 1024, 'en', 'Nombre'),
(1025, 1025, 'en', 'Estado'),
(1026, 1026, 'en', 'Correo electrónico'),
(1027, 1027, 'en', 'Nombre'),
(1028, 1028, 'en', 'Nombre'),
(1029, 1029, 'en', 'Nombre'),
(1030, 1030, 'en', 'Apellido'),
(1031, 1031, 'en', 'Apellido'),
(1032, 1032, 'en', 'Apellido'),
(1033, 1033, 'en', 'Nueva contraseña'),
(1034, 1034, 'en', 'Confirmar Nueva contraseña'),
(1035, 1035, 'en', 'Nueva contraseña'),
(1036, 1036, 'en', 'Contraseña'),
(1037, 1037, 'en', 'Confirmar Contraseña'),
(1038, 1038, 'en', 'Contraseña'),
(1039, 1039, 'en', 'Confirmar Contraseña'),
(1040, 1040, 'en', 'Correo electrónico'),
(1041, 1041, 'en', 'Correo electrónico'),
(1042, 1042, 'en', 'Ingrese el correo electrónico de su cuenta'),
(1043, 1043, 'en', '¿olvidó su contraseña?'),
(1044, 1044, 'en', 'Acepto el'),
(1045, 1045, 'en', 'Recordaba mi contraseña'),
(1046, 1046, 'en', 'Iniciar sesión con Facebook'),
(1047, 1047, 'en', 'Iniciar sesión con Google'),
(1048, 1048, 'en', 'Iniciar sesión'),
(1049, 1049, 'en', 'Cerrar sesión'),
(1050, 1050, 'en', 'O'),
(1051, 1051, 'en', 'Política de privacidad'),
(1052, 1052, 'en', 'Registrarse'),
(1053, 1053, 'en', 'Recordarme'),
(1054, 1054, 'en', 'Restablecer contraseña'),
(1055, 1055, 'en', 'Su cuenta ha sido creada con éxito.'),
(1056, 1056, 'en', 'Si tiene problemas para hacer clic en el botón \"Restablecer contraseña\", copie y pegue la siguiente URL en su navegador web:'),
(1057, 1057, 'en', 'Si no solicitó un restablecimiento de contraseña, no se requiere ninguna otra acción.'),
(1058, 1058, 'en', 'Recibió este correo electrónico porque recibimos una solicitud de restablecimiento de contraseña para su cuenta.'),
(1059, 1059, 'en', 'Restablecer contraseña'),
(1060, 1060, 'en', 'Restablezca la contraseña de su cuenta'),
(1061, 1061, 'en', 'Bienvenido :name!'),
(1062, 1062, 'en', 'Restablece la contraseña de tu cuenta.'),
(1063, 1063, 'en', 'Su cuenta ha sido creada.'),
(1064, 1064, 'en', 'Su cuenta está bloqueada por :delay segundos.'),
(1065, 1065, 'en', 'Su cuenta no está activada. Por favor revise su correo electrónico.'),
(1066, 1066, 'en', 'Verifique su dirección de correo electrónico para restablecer la contraseña.'),
(1067, 1067, 'en', 'Dirección de correo electrónico o contraseña no válidas.'),
(1068, 1068, 'en', 'Código de reinicio no válido o caducado.'),
(1069, 1069, 'en', 'Ningún usuario con esa dirección de correo electrónico pertenece a nuestro sistema.'),
(1070, 1070, 'en', 'La contraseña ha sido restablecida. Ahora puede iniciar sesión con su nueva contraseña.'),
(1071, 1071, 'en', 'Restablecer contraseña de correo electrónico enviado.'),
(1072, 1072, 'en', 'Crear roles'),
(1073, 1073, 'en', 'Eliminar roles'),
(1074, 1074, 'en', 'Editar Roles'),
(1075, 1075, 'en', 'Índice de Roles'),
(1076, 1076, 'en', 'Crear usuarios'),
(1077, 1077, 'en', 'Eliminar usuarios'),
(1078, 1078, 'en', 'Editar usuarios'),
(1079, 1079, 'en', 'Índice de usuarios'),
(1080, 1080, 'en', 'Permitir'),
(1081, 1081, 'en', 'Permitir todo'),
(1082, 1082, 'en', 'Denegar'),
(1083, 1083, 'en', 'Denegar todo'),
(1084, 1084, 'en', 'Heredar'),
(1085, 1085, 'en', 'Heredar todo'),
(1086, 1086, 'en', 'Rol'),
(1087, 1087, 'en', 'Nombre'),
(1088, 1088, 'en', 'Permisos'),
(1089, 1089, 'en', 'Información del rol'),
(1090, 1090, 'en', 'Usuarios'),
(1091, 1091, 'en', 'Activado'),
(1092, 1092, 'en', 'o, Restablecer contraseña'),
(1093, 1093, 'en', 'Perfil'),
(1094, 1094, 'en', 'Enviar Restablecer Contraseña Correo electrónico'),
(1095, 1095, 'en', 'Último inicio de sesión'),
(1096, 1096, 'en', 'Cuenta'),
(1097, 1097, 'en', 'Información del perfil'),
(1098, 1098, 'en', 'Información del usuario'),
(1099, 1099, 'en', 'Permisos'),
(1100, 1100, 'en', 'Usuario'),
(1101, 1101, 'en', 'Usuarios'),
(1102, 1102, 'en', 'Este producto se ha agregado a su lista de deseos.'),
(1103, 1103, 'en', 'Surgir desde Abajo'),
(1104, 1104, 'en', 'Surgir desde Abajo'),
(1105, 1105, 'en', 'Surgir desde Abajo'),
(1106, 1106, 'en', 'Surgir desde Arriba'),
(1107, 1107, 'en', 'Desplegable'),
(1108, 1108, 'en', 'Deslizarse hacia Abajo'),
(1109, 1109, 'en', 'Deslizarse hacia la Izquierda'),
(1110, 1110, 'en', 'Deslizarse hacia la Derecha'),
(1111, 1111, 'en', 'Deslizarse hacia Arriba'),
(1112, 1112, 'en', 'Visita'),
(1113, 1113, 'en', 'Venta cruzada'),
(1114, 1114, 'en', 'Vender más (TPI)'),
(1115, 1115, 'en', 'Impactos'),
(1116, 1116, 'en', 'Impactos'),
(1117, 1117, 'en', 'Use sandbox para pagos de prueba.'),
(1118, 1118, 'en', 'Servidor de correo'),
(1119, 1119, 'en', 'Habilitar Instamojo'),
(1120, 1120, 'en', 'Habilitar PayPal Express'),
(1121, 1121, 'en', 'Habilitar Stripe'),
(1122, 1122, 'en', 'Retrasar'),
(1123, 1123, 'en', 'Retrasar'),
(1124, 1124, 'en', 'Retrasar'),
(1125, 1125, 'en', 'Retrasar'),
(1126, 1126, 'en', 'Velocidad de la luz'),
(1127, 1127, 'en', 'Llamada a la acción'),
(1128, 1128, 'en', 'URL de llamada a la acción'),
(1129, 1129, 'en', 'Texto de llamada a la acción'),
(1130, 1130, 'en', 'URL de llamada a la acción'),
(1131, 1131, 'en', 'Información del Slider'),
(1132, 1132, 'en', 'Diapositivas'),
(1133, 1133, 'en', 'Banner sección 1'),
(1134, 1134, 'en', 'Banner sección 2'),
(1135, 1135, 'en', 'Banner sección 3'),
(1136, 1136, 'en', 'Texto de copyright de pie de página'),
(1137, 1137, 'en', '+ Añadir para Comparar'),
(1138, 1138, 'en', '+ Añadir a la Lista de Deseos'),
(1139, 1139, 'en', 'Verde azulado'),
(1140, 1140, 'en', 'Tienda frontal'),
(1141, 4, 'es', 'Cancelar'),
(1142, 2, 'es', 'Cancelar'),
(1143, 3, 'es', 'Cancelar'),
(1144, 5, 'es', 'Cancelar'),
(1145, 6, 'es', 'Cancelar'),
(1146, 7, 'es', 'Cancelar'),
(1147, 8, 'es', 'Cancelar'),
(1148, 9, 'es', 'Cancelar'),
(1149, 10, 'es', 'Cancelar'),
(1150, 11, 'es', 'Cancelar'),
(1151, 12, 'es', 'Cancelar'),
(1152, 13, 'es', 'Cancelar'),
(1153, 14, 'es', 'Cancelar'),
(1154, 15, 'es', 'Cancelar'),
(1155, 16, 'es', 'Cancelar'),
(1156, 17, 'es', 'Cancelar'),
(1157, 18, 'es', 'Menú'),
(1158, 19, 'es', 'Cancelar'),
(1159, 21, 'es', 'Cancelar'),
(1160, 22, 'es', 'Cancelar'),
(1161, 23, 'es', 'Cancelar'),
(1162, 24, 'es', 'Cancelar'),
(1163, 25, 'es', 'Cancelar'),
(1164, 27, 'es', 'Cancelar'),
(1165, 26, 'es', 'Cancelar'),
(1166, 28, 'es', 'Cancelar'),
(1167, 29, 'es', 'Cancelar'),
(1168, 30, 'es', 'Cancelar'),
(1169, 31, 'es', 'Cancelar'),
(1170, 32, 'es', 'Cancelar'),
(1171, 33, 'es', 'Cancelar'),
(1172, 34, 'es', 'Cancelar'),
(1173, 35, 'es', 'Cancelar'),
(1174, 36, 'es', 'Cancelar'),
(1175, 37, 'es', 'Cancelar'),
(1176, 39, 'es', 'Cancelar'),
(1177, 38, 'es', 'Cancelar'),
(1178, 20, 'es', 'Cancelar'),
(1179, 40, 'es', 'Cancelar'),
(1180, 41, 'es', 'Cancelar'),
(1181, 1115, 'es', 'Cancelar'),
(1182, 42, 'es', 'Cancelar'),
(1183, 43, 'es', 'Cancelar'),
(1184, 44, 'es', 'Cancelar'),
(1185, 45, 'es', 'Cancelar'),
(1186, 46, 'es', 'Cancelar'),
(1187, 47, 'es', 'Cancelar'),
(1188, 48, 'es', 'Cancelar'),
(1189, 49, 'es', 'Cancelar'),
(1190, 50, 'es', 'Cancelar'),
(1191, 51, 'es', 'Cancelar'),
(1192, 52, 'es', 'Cancelar'),
(1193, 53, 'es', 'Cancelar'),
(1194, 54, 'es', 'Cancelar'),
(1195, 55, 'es', 'Cancelar'),
(1196, 57, 'es', 'Cancelar'),
(1197, 56, 'es', 'Cancelar'),
(1198, 58, 'es', 'Cancelar'),
(1199, 59, 'es', 'Cancelar'),
(1200, 60, 'es', 'Cancelar'),
(1201, 61, 'es', 'Cancelar'),
(1202, 62, 'es', 'Cancelar'),
(1203, 63, 'es', 'Cancelar'),
(1204, 64, 'es', 'Cancelar'),
(1205, 65, 'es', 'Cancelar'),
(1206, 66, 'es', 'Cancelar'),
(1207, 67, 'es', 'Cancelar'),
(1208, 68, 'es', 'Cancelar'),
(1209, 69, 'es', 'Cancelar'),
(1210, 70, 'es', 'Cancelar'),
(1211, 71, 'es', 'Cancelar'),
(1212, 72, 'es', 'Cancelar'),
(1213, 73, 'es', 'Cancelar'),
(1214, 74, 'es', 'Cancelar'),
(1215, 75, 'es', 'Cancelar'),
(1216, 78, 'es', 'Cancelar'),
(1217, 76, 'es', 'Cancelar'),
(1218, 77, 'es', 'Cancelar'),
(1219, 79, 'es', 'Cancelar'),
(1220, 84, 'es', 'Cancelar'),
(1221, 83, 'es', 'Cancelar'),
(1222, 82, 'es', 'Cancelar'),
(1223, 80, 'es', 'Cancelar'),
(1224, 81, 'es', 'Cancelar'),
(1225, 85, 'es', 'Cancelar'),
(1226, 86, 'es', 'Cancelar'),
(1227, 87, 'es', 'Cancelar'),
(1228, 94, 'es', 'Cancelar'),
(1229, 88, 'es', 'Cancelar'),
(1230, 89, 'es', 'Cancelar'),
(1231, 90, 'es', 'Cancelar'),
(1232, 91, 'es', 'Cancelar'),
(1233, 92, 'es', 'Cancelar'),
(1234, 93, 'es', 'Cancelar'),
(1235, 95, 'es', 'Cancelar'),
(1236, 96, 'es', 'Cancelar'),
(1237, 97, 'es', 'Cancelar'),
(1238, 98, 'es', 'Cancelar'),
(1239, 99, 'es', 'Cancelar'),
(1240, 100, 'es', 'Cancelar'),
(1241, 101, 'es', 'Cancelar'),
(1242, 102, 'es', 'Cancelar'),
(1243, 103, 'es', 'Cancelar'),
(1244, 104, 'es', 'Cancelar'),
(1245, 105, 'es', 'Cancelar'),
(1246, 106, 'es', 'Cancelar'),
(1247, 107, 'es', 'Cancelar'),
(1248, 108, 'es', 'Cancelar'),
(1249, 109, 'es', 'Cancelar'),
(1250, 110, 'es', 'Cancelar'),
(1251, 111, 'es', 'Cancelar'),
(1252, 112, 'es', 'Cancelar'),
(1253, 113, 'es', 'Cancelar'),
(1254, 114, 'es', 'Cancelar'),
(1255, 115, 'es', 'Cancelar'),
(1256, 116, 'es', 'Cancelar'),
(1257, 117, 'es', 'Cancelar'),
(1258, 118, 'es', 'Cancelar'),
(1259, 119, 'es', 'Cancelar'),
(1260, 120, 'es', 'Cancelar'),
(1261, 121, 'es', 'Cancelar'),
(1262, 122, 'es', 'Cancelar'),
(1263, 123, 'es', 'Cancelar'),
(1264, 124, 'es', 'Cancelar'),
(1265, 125, 'es', 'Cancelar'),
(1266, 126, 'es', 'Cancelar'),
(1267, 127, 'es', 'Cancelar'),
(1268, 128, 'es', 'Cancelar'),
(1269, 129, 'es', 'Cancelar'),
(1270, 130, 'es', 'Cancelar'),
(1271, 131, 'es', 'Cancelar'),
(1272, 132, 'es', 'Cancelar'),
(1273, 133, 'es', 'Cancelar'),
(1274, 134, 'es', 'Cancelar'),
(1275, 135, 'es', 'Cancelar'),
(1276, 136, 'es', 'Cancelar'),
(1277, 137, 'es', 'Cancelar'),
(1278, 138, 'es', 'Cancelar'),
(1279, 139, 'es', 'Cancelar'),
(1280, 140, 'es', 'Cancelar'),
(1281, 141, 'es', 'Cancelar'),
(1282, 142, 'es', 'Cancelar'),
(1283, 143, 'es', 'Cancelar'),
(1284, 144, 'es', 'Cancelar'),
(1285, 145, 'es', 'Cancelar'),
(1286, 146, 'es', 'Cancelar'),
(1287, 170, 'es', 'Cancelar'),
(1288, 171, 'es', 'Cancelar'),
(1289, 147, 'es', 'Cancelar'),
(1290, 148, 'es', 'Cancelar'),
(1291, 149, 'es', 'Cancelar'),
(1292, 150, 'es', 'Cancelar'),
(1293, 151, 'es', 'Cancelar'),
(1294, 152, 'es', 'Cancelar'),
(1295, 153, 'es', 'Cancelar'),
(1296, 154, 'es', 'Cancelar'),
(1297, 155, 'es', 'Cancelar'),
(1298, 172, 'es', 'Cancelar'),
(1299, 156, 'es', 'Cancelar'),
(1300, 157, 'es', 'Cancelar'),
(1301, 158, 'es', 'Cancelar'),
(1302, 159, 'es', 'Cancelar'),
(1303, 160, 'es', 'Cancelar'),
(1304, 161, 'es', 'Cancelar'),
(1305, 162, 'es', 'Cancelar'),
(1306, 163, 'es', 'Cancelar'),
(1307, 164, 'es', 'Cancelar'),
(1308, 165, 'es', 'Cancelar'),
(1309, 166, 'es', 'Cancelar'),
(1310, 167, 'es', 'Cancelar'),
(1311, 168, 'es', 'Cancelar'),
(1312, 169, 'es', 'Cancelar'),
(1313, 173, 'es', 'Cancelar'),
(1314, 174, 'es', 'Cancelar'),
(1315, 175, 'es', 'Cancelar'),
(1316, 176, 'es', 'Cancelar'),
(1317, 177, 'es', 'Cancelar'),
(1318, 178, 'es', 'Cancelar'),
(1319, 179, 'es', 'Cancelar'),
(1320, 180, 'es', 'Cancelar'),
(1321, 181, 'es', 'Cancelar'),
(1322, 182, 'es', 'Cancelar');
INSERT INTO `translation_translations` (`id`, `translation_id`, `locale`, `value`) VALUES
(1323, 183, 'es', 'Cancelar'),
(1324, 184, 'es', 'Cancelar'),
(1325, 185, 'es', 'Cancelar'),
(1326, 186, 'es', 'Cancelar'),
(1327, 187, 'es', 'Cancelar'),
(1328, 188, 'es', 'Cancelar'),
(1329, 189, 'es', 'Cancelar'),
(1330, 190, 'es', 'Cancelar'),
(1331, 191, 'es', 'Cancelar'),
(1332, 192, 'es', 'Cancelar'),
(1333, 193, 'es', 'Cancelar'),
(1334, 194, 'es', 'Cancelar'),
(1335, 195, 'es', 'Cancelar'),
(1336, 374, 'es', 'Cancelar'),
(1337, 375, 'es', 'Cancelar'),
(1338, 196, 'es', 'Cancelar'),
(1339, 376, 'es', 'Cancelar'),
(1340, 197, 'es', 'Cancelar'),
(1341, 198, 'es', 'Cancelar'),
(1342, 199, 'es', 'Cancelar'),
(1343, 200, 'es', 'Cancelar'),
(1344, 201, 'es', 'Cancelar'),
(1345, 202, 'es', 'Cancelar'),
(1346, 203, 'es', 'Cancelar'),
(1347, 204, 'es', 'Cancelar'),
(1348, 205, 'es', 'Cancelar'),
(1349, 206, 'es', 'Cancelar'),
(1350, 207, 'es', 'Cancelar'),
(1351, 208, 'es', 'Cancelar'),
(1352, 209, 'es', 'Cancelar'),
(1353, 210, 'es', 'Cancelar'),
(1354, 211, 'es', 'Cancelar'),
(1355, 212, 'es', 'Cancelar'),
(1356, 213, 'es', 'Cancelar'),
(1357, 214, 'es', 'Cancelar'),
(1358, 215, 'es', 'Cancelar'),
(1359, 216, 'es', 'Cancelar'),
(1360, 217, 'es', 'Cancelar'),
(1361, 218, 'es', 'Cancelar'),
(1362, 219, 'es', 'Cancelar'),
(1363, 220, 'es', 'Cancelar'),
(1364, 221, 'es', 'Cancelar'),
(1365, 222, 'es', 'Cancelar'),
(1366, 223, 'es', 'Cancelar'),
(1367, 224, 'es', 'Cancelar'),
(1368, 225, 'es', 'Cancelar'),
(1369, 226, 'es', 'Cancelar'),
(1370, 227, 'es', 'Cancelar'),
(1371, 228, 'es', 'Cancelar'),
(1372, 229, 'es', 'Cancelar'),
(1373, 230, 'es', 'Cancelar'),
(1374, 231, 'es', 'Cancelar'),
(1375, 232, 'es', 'Cancelar'),
(1376, 233, 'es', 'Cancelar'),
(1377, 234, 'es', 'Cancelar'),
(1378, 235, 'es', 'Cancelar'),
(1379, 236, 'es', 'Cancelar'),
(1380, 237, 'es', 'Cancelar'),
(1381, 238, 'es', 'Cancelar'),
(1382, 239, 'es', 'Cancelar'),
(1383, 240, 'es', 'Cancelar'),
(1384, 241, 'es', 'Cancelar'),
(1385, 242, 'es', 'Cancelar'),
(1386, 243, 'es', 'Cancelar'),
(1387, 244, 'es', 'Cancelar'),
(1388, 245, 'es', 'Cancelar'),
(1389, 246, 'es', 'Cancelar'),
(1390, 247, 'es', 'Cancelar'),
(1391, 248, 'es', 'Cancelar'),
(1392, 249, 'es', 'Cancelar'),
(1393, 250, 'es', 'Cancelar'),
(1394, 251, 'es', 'Cancelar'),
(1395, 252, 'es', 'Cancelar'),
(1396, 253, 'es', 'Cancelar'),
(1397, 254, 'es', 'Cancelar'),
(1398, 255, 'es', 'Cancelar'),
(1399, 256, 'es', 'Cancelar'),
(1400, 257, 'es', 'Cancelar'),
(1401, 258, 'es', 'Cancelar'),
(1402, 259, 'es', 'Cancelar'),
(1403, 260, 'es', 'Cancelar'),
(1404, 261, 'es', 'Cancelar'),
(1405, 263, 'es', 'Cancelar'),
(1406, 262, 'es', 'Cancelar'),
(1407, 264, 'es', 'Cancelar'),
(1408, 265, 'es', 'Cancelar'),
(1409, 266, 'es', 'Cancelar'),
(1410, 267, 'es', 'Cancelar'),
(1411, 268, 'es', 'Cancelar'),
(1412, 269, 'es', 'Cancelar'),
(1413, 270, 'es', 'Cancelar'),
(1414, 271, 'es', 'Cancelar'),
(1415, 272, 'es', 'Cancelar'),
(1416, 273, 'es', 'Cancelar'),
(1417, 274, 'es', 'Cancelar'),
(1418, 275, 'es', 'Cancelar'),
(1419, 276, 'es', 'Cancelar'),
(1420, 277, 'es', 'Cancelar'),
(1421, 278, 'es', 'Cancelar'),
(1422, 279, 'es', 'Cancelar'),
(1423, 280, 'es', 'Cancelar'),
(1424, 281, 'es', 'Cancelar'),
(1425, 282, 'es', 'Cancelar'),
(1426, 283, 'es', 'Cancelar'),
(1427, 284, 'es', 'Cancelar'),
(1428, 285, 'es', 'Cancelar'),
(1429, 286, 'es', 'Cancelar'),
(1430, 287, 'es', 'Cancelar'),
(1431, 288, 'es', 'Cancelar'),
(1432, 289, 'es', 'Cancelar'),
(1433, 290, 'es', 'Cancelar'),
(1434, 291, 'es', 'Cancelar'),
(1435, 292, 'es', 'Cancelar'),
(1436, 377, 'es', 'Cancelar'),
(1437, 378, 'es', 'Cancelar'),
(1438, 293, 'es', 'Cancelar'),
(1439, 294, 'es', 'Cancelar'),
(1440, 295, 'es', 'Cancelar'),
(1441, 296, 'es', 'Cancelar'),
(1442, 297, 'es', 'Cancelar'),
(1443, 298, 'es', 'Cancelar'),
(1444, 299, 'es', 'Cancelar'),
(1445, 300, 'es', 'Cancelar'),
(1446, 301, 'es', 'Cancelar'),
(1447, 302, 'es', 'Cancelar'),
(1448, 303, 'es', 'Cancelar'),
(1449, 379, 'es', 'Cancelar'),
(1450, 304, 'es', 'Cancelar'),
(1451, 305, 'es', 'Cancelar'),
(1452, 306, 'es', 'Cancelar'),
(1453, 307, 'es', 'Cancelar'),
(1454, 308, 'es', 'Cancelar'),
(1455, 310, 'es', 'Cancelar'),
(1456, 309, 'es', 'Cancelar'),
(1457, 311, 'es', 'Cancelar'),
(1458, 312, 'es', 'Cancelar'),
(1459, 313, 'es', 'Cancelar'),
(1460, 315, 'es', 'Cancelar'),
(1461, 314, 'es', 'Cancelar'),
(1462, 316, 'es', 'Cancelar'),
(1463, 319, 'es', 'Cancelar'),
(1464, 320, 'es', 'Cancelar'),
(1465, 321, 'es', 'Cancelar'),
(1466, 322, 'es', 'Cancelar'),
(1467, 323, 'es', 'Cancelar'),
(1468, 324, 'es', 'Cancelar'),
(1469, 325, 'es', 'Cancelar'),
(1470, 326, 'es', 'Cancelar'),
(1471, 1107, 'es', 'Cancelar'),
(1472, 327, 'es', 'Cancelar'),
(1473, 328, 'es', 'Cancelar'),
(1474, 329, 'es', 'Cancelar'),
(1475, 330, 'es', 'Cancelar'),
(1476, 335, 'es', 'Cancelar'),
(1477, 336, 'es', 'Cancelar'),
(1478, 337, 'es', 'Cancelar'),
(1479, 338, 'es', 'Cancelar'),
(1480, 339, 'es', 'Cancelar'),
(1481, 340, 'es', 'Cancelar'),
(1482, 341, 'es', 'Cancelar'),
(1483, 342, 'es', 'Cancelar'),
(1484, 343, 'es', 'Cancelar'),
(1485, 344, 'es', 'Cancelar'),
(1486, 345, 'es', 'Cancelar'),
(1487, 346, 'es', 'Cancelar'),
(1488, 347, 'es', 'Cancelar'),
(1489, 348, 'es', 'Cancelar'),
(1490, 349, 'es', 'Cancelar'),
(1491, 350, 'es', 'Cancelar'),
(1492, 351, 'es', 'Cancelar'),
(1493, 352, 'es', 'Cancelar'),
(1494, 353, 'es', 'Cancelar'),
(1495, 354, 'es', 'Cancelar'),
(1496, 355, 'es', 'Cancelar'),
(1497, 356, 'es', 'Cancelar'),
(1498, 357, 'es', 'Cancelar'),
(1499, 358, 'es', 'Cancelar'),
(1500, 359, 'es', 'Cancelar'),
(1501, 360, 'es', 'Cancelar'),
(1502, 361, 'es', 'Cancelar'),
(1503, 1112, 'es', 'Cancelar'),
(1504, 362, 'es', 'Cancelar'),
(1505, 363, 'es', 'Cancelar'),
(1506, 364, 'es', 'Cancelar'),
(1507, 365, 'es', 'Cancelar'),
(1508, 366, 'es', 'Cancelar'),
(1509, 367, 'es', 'Cancelar'),
(1510, 368, 'es', 'Cancelar'),
(1511, 369, 'es', 'Cancelar'),
(1512, 370, 'es', 'Cancelar'),
(1513, 371, 'es', 'Cancelar'),
(1514, 373, 'es', 'Cancelar'),
(1515, 372, 'es', 'Cancelar'),
(1516, 381, 'es', 'Cancelar'),
(1517, 382, 'es', 'Cancelar'),
(1518, 383, 'es', 'Cancelar'),
(1519, 384, 'es', 'Cancelar'),
(1520, 385, 'es', 'Cancelar'),
(1521, 386, 'es', 'Cancelar'),
(1522, 387, 'es', 'Cancelar'),
(1523, 388, 'es', 'Cancelar'),
(1524, 389, 'es', 'Cancelar'),
(1525, 390, 'es', 'Cancelar'),
(1526, 391, 'es', 'Cancelar'),
(1527, 392, 'es', 'Cancelar'),
(1528, 393, 'es', 'Cancelar'),
(1529, 394, 'es', 'Cancelar'),
(1530, 395, 'es', 'Cancelar'),
(1531, 396, 'es', 'Cancelar'),
(1532, 397, 'es', 'Cancelar'),
(1533, 398, 'es', 'Cancelar'),
(1534, 399, 'es', 'Cancelar'),
(1535, 400, 'es', 'Cancelar'),
(1536, 401, 'es', 'Cancelar'),
(1537, 402, 'es', 'Cancelar'),
(1538, 403, 'es', 'Cancelar'),
(1539, 404, 'es', 'Cancelar'),
(1540, 405, 'es', 'Cancelar'),
(1541, 406, 'es', 'Cancelar'),
(1542, 407, 'es', 'Cancelar'),
(1543, 408, 'es', 'Cancelar'),
(1544, 409, 'es', 'Cancelar'),
(1545, 410, 'es', 'Cancelar'),
(1546, 411, 'es', 'Cancelar'),
(1547, 412, 'es', 'Cancelar'),
(1548, 413, 'es', 'Cancelar'),
(1549, 414, 'es', 'Cancelar'),
(1550, 415, 'es', 'Cancelar'),
(1551, 416, 'es', 'Cancelar'),
(1552, 417, 'es', 'Cancelar'),
(1553, 419, 'es', 'Cancelar'),
(1554, 418, 'es', 'Cancelar'),
(1555, 420, 'es', 'Cancelar'),
(1556, 421, 'es', 'Cancelar'),
(1557, 422, 'es', 'Cancelar'),
(1558, 423, 'es', 'Cancelar'),
(1559, 424, 'es', 'Cancelar'),
(1560, 425, 'es', 'Cancelar'),
(1561, 426, 'es', 'Cancelar'),
(1562, 427, 'es', 'Cancelar'),
(1563, 428, 'es', 'Cancelar'),
(1564, 429, 'es', 'Cancelar'),
(1565, 430, 'es', 'Cancelar'),
(1566, 431, 'es', 'Cancelar'),
(1567, 432, 'es', 'Cancelar'),
(1568, 433, 'es', 'Cancelar'),
(1569, 434, 'es', 'Cancelar'),
(1570, 435, 'es', 'Cancelar'),
(1571, 436, 'es', 'Cancelar'),
(1572, 437, 'es', 'Cancelar'),
(1573, 438, 'es', 'Cancelar'),
(1574, 439, 'es', 'Cancelar'),
(1575, 440, 'es', 'Cancelar'),
(1576, 441, 'es', 'Cancelar'),
(1577, 442, 'es', 'Cancelar'),
(1578, 443, 'es', 'Cancelar'),
(1579, 444, 'es', 'Cancelar'),
(1580, 445, 'es', 'Cancelar'),
(1581, 446, 'es', 'Cancelar'),
(1582, 447, 'es', 'Cancelar'),
(1583, 448, 'es', 'Cancelar'),
(1584, 449, 'es', 'Cancelar'),
(1585, 450, 'es', 'Cancelar'),
(1586, 451, 'es', 'Cancelar'),
(1587, 452, 'es', 'Cancelar'),
(1588, 453, 'es', 'Cancelar'),
(1589, 454, 'es', 'Cancelar'),
(1590, 455, 'es', 'Cancelar'),
(1591, 456, 'es', 'Cancelar'),
(1592, 457, 'es', 'Cancelar'),
(1593, 458, 'es', 'Cancelar'),
(1594, 459, 'es', 'Cancelar'),
(1595, 1113, 'es', 'Cancelar'),
(1596, 460, 'es', 'Cancelar'),
(1597, 461, 'es', 'Cancelar'),
(1598, 462, 'es', 'Cancelar'),
(1599, 463, 'es', 'Cancelar'),
(1600, 464, 'es', 'Cancelar'),
(1601, 465, 'es', 'Cancelar'),
(1602, 1114, 'es', 'Cancelar'),
(1603, 466, 'es', 'Cancelar'),
(1604, 467, 'es', 'Cancelar'),
(1605, 468, 'es', 'Cancelar'),
(1606, 469, 'es', 'Cancelar'),
(1607, 470, 'es', 'Cancelar'),
(1608, 471, 'es', 'Cancelar'),
(1609, 472, 'es', 'Cancelar'),
(1610, 473, 'es', 'Cancelar'),
(1611, 474, 'es', 'Cancelar'),
(1612, 475, 'es', 'Cancelar'),
(1613, 476, 'es', 'Cancelar'),
(1614, 477, 'es', 'Cancelar'),
(1615, 478, 'es', 'Cancelar'),
(1616, 479, 'es', 'Cancelar'),
(1617, 480, 'es', 'Cancelar'),
(1618, 481, 'es', 'Cancelar'),
(1619, 482, 'es', 'Cancelar'),
(1620, 483, 'es', 'Cancelar'),
(1621, 484, 'es', 'Cancelar'),
(1622, 485, 'es', 'Cancelar'),
(1623, 486, 'es', 'Cancelar'),
(1624, 487, 'es', 'Cancelar'),
(1625, 488, 'es', 'Cancelar'),
(1626, 489, 'es', 'Cancelar'),
(1627, 490, 'es', 'Cancelar'),
(1628, 491, 'es', 'Cancelar'),
(1629, 492, 'es', 'Cancelar'),
(1630, 493, 'es', 'Cancelar'),
(1631, 494, 'es', 'Cancelar'),
(1632, 495, 'es', 'Cancelar'),
(1633, 496, 'es', 'Cancelar'),
(1634, 497, 'es', 'Cancelar'),
(1635, 498, 'es', 'Cancelar'),
(1636, 499, 'es', 'Cancelar'),
(1637, 500, 'es', 'Cancelar'),
(1638, 501, 'es', 'Cancelar'),
(1639, 502, 'es', 'Cancelar'),
(1640, 504, 'es', 'Cancelar'),
(1641, 505, 'es', 'Cancelar'),
(1642, 506, 'es', 'Cancelar'),
(1643, 507, 'es', 'Cancelar'),
(1644, 508, 'es', 'Cancelar'),
(1645, 1116, 'es', 'Cancelar'),
(1646, 509, 'es', 'Cancelar'),
(1647, 510, 'es', 'Cancelar'),
(1648, 511, 'es', 'Cancelar'),
(1649, 512, 'es', 'Cancelar'),
(1650, 513, 'es', 'Cancelar'),
(1651, 514, 'es', 'Cancelar'),
(1652, 515, 'es', 'Cancelar'),
(1653, 516, 'es', 'Cancelar'),
(1654, 517, 'es', 'Cancelar'),
(1655, 518, 'es', 'Cancelar'),
(1656, 519, 'es', 'Cancelar'),
(1657, 520, 'es', 'Cancelar'),
(1658, 521, 'es', 'Cancelar'),
(1659, 522, 'es', 'Cancelar'),
(1660, 523, 'es', 'Cancelar'),
(1661, 524, 'es', 'Cancelar'),
(1662, 525, 'es', 'Cancelar'),
(1663, 526, 'es', 'Cancelar'),
(1664, 527, 'es', 'Cancelar'),
(1665, 528, 'es', 'Cancelar'),
(1666, 529, 'es', 'Cancelar'),
(1667, 530, 'es', 'Cancelar'),
(1668, 532, 'es', 'Cancelar'),
(1669, 531, 'es', 'Cancelar'),
(1670, 533, 'es', 'Cancelar'),
(1671, 534, 'es', 'Cancelar'),
(1672, 535, 'es', 'Cancelar'),
(1673, 536, 'es', 'Cancelar'),
(1674, 537, 'es', 'Cancelar'),
(1675, 538, 'es', 'Cancelar'),
(1676, 539, 'es', 'Cancelar'),
(1677, 542, 'es', 'Cancelar'),
(1678, 540, 'es', 'Cancelar'),
(1679, 541, 'es', 'Cancelar'),
(1680, 543, 'es', 'Cancelar'),
(1681, 544, 'es', 'Cancelar'),
(1682, 545, 'es', 'Cancelar'),
(1683, 547, 'es', 'Cancelar'),
(1684, 546, 'es', 'Cancelar'),
(1685, 548, 'es', 'Cancelar'),
(1686, 549, 'es', 'Cancelar'),
(1687, 550, 'es', 'Cancelar'),
(1688, 551, 'es', 'Cancelar'),
(1689, 552, 'es', 'Cancelar'),
(1690, 553, 'es', 'Cancelar'),
(1691, 556, 'es', 'Cancelar'),
(1692, 557, 'es', 'Cancelar'),
(1693, 558, 'es', 'Cancelar'),
(1694, 559, 'es', 'Cancelar'),
(1695, 560, 'es', 'Cancelar'),
(1696, 561, 'es', 'Cancelar'),
(1697, 562, 'es', 'Cancelar'),
(1698, 564, 'es', 'Cancelar'),
(1699, 566, 'es', 'Cancelar'),
(1700, 565, 'es', 'Cancelar'),
(1701, 567, 'es', 'Cancelar'),
(1702, 568, 'es', 'Cancelar'),
(1703, 574, 'es', 'Cancelar'),
(1704, 575, 'es', 'Cancelar'),
(1705, 576, 'es', 'Cancelar'),
(1706, 569, 'es', 'Cancelar'),
(1707, 577, 'es', 'Cancelar'),
(1708, 578, 'es', 'Cancelar'),
(1709, 580, 'es', 'Cancelar'),
(1710, 581, 'es', 'Cancelar'),
(1711, 582, 'es', 'Cancelar'),
(1712, 571, 'es', 'Cancelar'),
(1713, 583, 'es', 'Cancelar'),
(1714, 584, 'es', 'Cancelar'),
(1715, 585, 'es', 'Cancelar'),
(1716, 1118, 'es', 'Cancelar'),
(1717, 586, 'es', 'Cancelar'),
(1718, 588, 'es', 'Cancelar'),
(1719, 587, 'es', 'Cancelar'),
(1720, 589, 'es', 'Cancelar'),
(1721, 590, 'es', 'Cancelar'),
(1722, 572, 'es', 'Cancelar'),
(1723, 591, 'es', 'Cancelar'),
(1724, 592, 'es', 'Cancelar'),
(1725, 593, 'es', 'Cancelar'),
(1726, 594, 'es', 'Cancelar'),
(1727, 595, 'es', 'Cancelar'),
(1728, 596, 'es', 'Cancelar'),
(1729, 597, 'es', 'Cancelar'),
(1730, 598, 'es', 'Cancelar'),
(1731, 600, 'es', 'Cancelar'),
(1732, 599, 'es', 'Cancelar'),
(1733, 601, 'es', 'Cancelar'),
(1734, 602, 'es', 'Cancelar'),
(1735, 573, 'es', 'Cancelar'),
(1736, 603, 'es', 'Cancelar'),
(1737, 605, 'es', 'Cancelar'),
(1738, 604, 'es', 'Cancelar'),
(1739, 606, 'es', 'Cancelar'),
(1740, 607, 'es', 'Cancelar'),
(1741, 608, 'es', 'Cancelar'),
(1742, 609, 'es', 'Cancelar'),
(1743, 610, 'es', 'Cancelar'),
(1744, 611, 'es', 'Cancelar'),
(1745, 612, 'es', 'Cancelar'),
(1746, 613, 'es', 'Cancelar'),
(1747, 614, 'es', 'Cancelar'),
(1748, 615, 'es', 'Cancelar'),
(1749, 622, 'es', 'Cancelar'),
(1750, 616, 'es', 'Cancelar'),
(1751, 618, 'es', 'Cancelar'),
(1752, 617, 'es', 'Cancelar'),
(1753, 619, 'es', 'Cancelar'),
(1754, 623, 'es', 'Cancelar'),
(1755, 620, 'es', 'Cancelar'),
(1756, 624, 'es', 'Cancelar'),
(1757, 625, 'es', 'Cancelar'),
(1758, 626, 'es', 'Cancelar'),
(1759, 621, 'es', 'Cancelar'),
(1760, 627, 'es', 'Cancelar'),
(1761, 628, 'es', 'Cancelar'),
(1762, 630, 'es', 'Cancelar'),
(1763, 631, 'es', 'Cancelar'),
(1764, 632, 'es', 'Cancelar'),
(1765, 635, 'es', 'Cancelar'),
(1766, 633, 'es', 'Cancelar'),
(1767, 634, 'es', 'Cancelar'),
(1768, 636, 'es', 'Cancelar'),
(1769, 637, 'es', 'Cancelar'),
(1770, 638, 'es', 'Cancelar'),
(1771, 639, 'es', 'Cancelar'),
(1772, 640, 'es', 'Cancelar'),
(1773, 641, 'es', 'Cancelar'),
(1774, 642, 'es', 'Cancelar'),
(1775, 1119, 'es', 'Cancelar'),
(1776, 1121, 'es', 'Cancelar'),
(1777, 644, 'es', 'Cancelar'),
(1778, 645, 'es', 'Cancelar'),
(1779, 646, 'es', 'Cancelar'),
(1780, 647, 'es', 'Cancelar'),
(1781, 648, 'es', 'Cancelar'),
(1782, 649, 'es', 'Cancelar'),
(1783, 650, 'es', 'Cancelar'),
(1784, 651, 'es', 'Cancelar'),
(1785, 1117, 'es', 'Cancelar'),
(1786, 652, 'es', 'Cancelar'),
(1787, 653, 'es', 'Cancelar'),
(1788, 654, 'es', 'Cancelar'),
(1789, 655, 'es', 'Cancelar'),
(1790, 656, 'es', 'Cancelar'),
(1791, 657, 'es', 'Cancelar'),
(1792, 658, 'es', 'Cancelar'),
(1793, 659, 'es', 'Cancelar'),
(1794, 660, 'es', 'Cancelar'),
(1795, 661, 'es', 'Cancelar'),
(1796, 662, 'es', 'Cancelar'),
(1797, 663, 'es', 'Cancelar'),
(1798, 664, 'es', 'Cancelar'),
(1799, 666, 'es', 'Cancelar'),
(1800, 665, 'es', 'Cancelar'),
(1801, 667, 'es', 'Cancelar'),
(1802, 668, 'es', 'Cancelar'),
(1803, 669, 'es', 'Cancelar'),
(1804, 670, 'es', 'Cancelar'),
(1805, 671, 'es', 'Cancelar'),
(1806, 672, 'es', 'Cancelar'),
(1807, 673, 'es', 'Cancelar'),
(1808, 1122, 'es', 'Cancelar'),
(1809, 674, 'es', 'Cancelar'),
(1810, 675, 'es', 'Cancelar'),
(1811, 676, 'es', 'Cancelar'),
(1812, 677, 'es', 'Cancelar'),
(1813, 678, 'es', 'Cancelar'),
(1814, 1124, 'es', 'Cancelar'),
(1815, 680, 'es', 'Cancelar'),
(1816, 679, 'es', 'Cancelar'),
(1817, 1125, 'es', 'Cancelar'),
(1818, 681, 'es', 'Cancelar'),
(1819, 682, 'es', 'Cancelar'),
(1820, 683, 'es', 'Cancelar'),
(1821, 684, 'es', 'Cancelar'),
(1822, 685, 'es', 'Cancelar'),
(1823, 687, 'es', 'Cancelar'),
(1824, 1103, 'es', 'Cancelar'),
(1825, 1104, 'es', 'Cancelar'),
(1826, 1105, 'es', 'Cancelar'),
(1827, 1106, 'es', 'Cancelar'),
(1828, 1126, 'es', 'Cancelar'),
(1829, 1108, 'es', 'Cancelar'),
(1830, 1109, 'es', 'Cancelar'),
(1831, 1110, 'es', 'Cancelar'),
(1832, 1111, 'es', 'Cancelar'),
(1833, 688, 'es', 'Cancelar'),
(1834, 689, 'es', 'Cancelar'),
(1835, 690, 'es', 'Cancelar'),
(1836, 691, 'es', 'Cancelar'),
(1837, 1127, 'es', 'Cancelar'),
(1838, 1128, 'es', 'Cancelar'),
(1839, 692, 'es', 'Cancelar'),
(1840, 693, 'es', 'Cancelar'),
(1841, 694, 'es', 'Cancelar'),
(1842, 696, 'es', 'Cancelar'),
(1843, 697, 'es', 'Cancelar'),
(1844, 698, 'es', 'Cancelar'),
(1845, 699, 'es', 'Cancelar'),
(1846, 1131, 'es', 'Cancelar'),
(1847, 700, 'es', 'Cancelar'),
(1848, 1132, 'es', 'Cancelar'),
(1849, 701, 'es', 'Cancelar'),
(1850, 702, 'es', 'Cancelar'),
(1851, 703, 'es', 'Cancelar'),
(1852, 704, 'es', 'Cancelar'),
(1853, 705, 'es', 'Cancelar'),
(1854, 706, 'es', 'Cancelar'),
(1855, 707, 'es', 'Cancelar'),
(1856, 708, 'es', 'Cancelar'),
(1857, 709, 'es', 'Cancelar'),
(1858, 710, 'es', 'Cancelar'),
(1859, 711, 'es', 'Cancelar'),
(1860, 712, 'es', 'Cancelar'),
(1861, 713, 'es', 'Cancelar'),
(1862, 714, 'es', 'Cancelar'),
(1863, 715, 'es', 'Cancelar'),
(1864, 716, 'es', 'Cancelar'),
(1865, 717, 'es', 'Cancelar'),
(1866, 718, 'es', 'Cancelar'),
(1867, 719, 'es', 'Cancelar'),
(1868, 720, 'es', 'Cancelar'),
(1869, 721, 'es', 'Cancelar'),
(1870, 722, 'es', 'Cancelar'),
(1871, 723, 'es', 'Cancelar'),
(1872, 724, 'es', 'Cancelar'),
(1873, 725, 'es', 'Cancelar'),
(1874, 726, 'es', 'Cancelar'),
(1875, 727, 'es', 'Cancelar'),
(1876, 728, 'es', 'Cancelar'),
(1877, 729, 'es', 'Cancelar'),
(1878, 730, 'es', 'Cancelar'),
(1879, 731, 'es', 'Cancelar'),
(1880, 732, 'es', 'Cancelar'),
(1881, 733, 'es', 'Cancelar'),
(1882, 734, 'es', 'Cancelar'),
(1883, 735, 'es', 'Cancelar'),
(1884, 736, 'es', 'Cancelar'),
(1885, 737, 'es', 'Cancelar'),
(1886, 738, 'es', 'Cancelar'),
(1887, 739, 'es', 'Cancelar'),
(1888, 740, 'es', 'Cancelar'),
(1889, 741, 'es', 'Cancelar'),
(1890, 742, 'es', 'Cancelar'),
(1891, 743, 'es', 'Cancelar'),
(1892, 744, 'es', 'Cancelar'),
(1893, 745, 'es', 'Cancelar'),
(1894, 746, 'es', 'Cancelar'),
(1895, 747, 'es', 'Cancelar'),
(1896, 748, 'es', 'Cancelar'),
(1897, 749, 'es', 'Cancelar'),
(1898, 750, 'es', 'Cancelar'),
(1899, 751, 'es', 'Cancelar'),
(1900, 1129, 'es', 'Cancelar'),
(1901, 1130, 'es', 'Cancelar'),
(1902, 752, 'es', 'Cancelar'),
(1903, 753, 'es', 'Cancelar'),
(1904, 754, 'es', 'Cancelar'),
(1905, 755, 'es', 'Cancelar'),
(1906, 756, 'es', 'Cancelar'),
(1907, 757, 'es', 'Cancelar'),
(1908, 758, 'es', 'Cancelar'),
(1909, 759, 'es', 'Cancelar'),
(1910, 760, 'es', 'Cancelar'),
(1911, 761, 'es', 'Cancelar'),
(1912, 762, 'es', 'Cancelar'),
(1913, 763, 'es', 'Cancelar'),
(1914, 1136, 'es', 'Cancelar'),
(1915, 764, 'es', 'Cancelar'),
(1916, 765, 'es', 'Cancelar'),
(1917, 766, 'es', 'Cancelar'),
(1918, 767, 'es', 'Cancelar'),
(1919, 768, 'es', 'Cancelar'),
(1920, 769, 'es', 'Cancelar'),
(1921, 770, 'es', 'Cancelar'),
(1922, 771, 'es', 'Cancelar'),
(1923, 772, 'es', 'Cancelar'),
(1924, 773, 'es', 'Cancelar'),
(1925, 774, 'es', 'Cancelar'),
(1926, 775, 'es', 'Cancelar'),
(1927, 776, 'es', 'Cancelar'),
(1928, 777, 'es', 'Cancelar'),
(1929, 778, 'es', 'Cancelar'),
(1930, 779, 'es', 'Cancelar'),
(1931, 780, 'es', 'Cancelar'),
(1932, 781, 'es', 'Cancelar'),
(1933, 782, 'es', 'Cancelar'),
(1934, 783, 'es', 'Cancelar'),
(1935, 784, 'es', 'Cancelar'),
(1936, 785, 'es', 'Cancelar'),
(1937, 786, 'es', 'Cancelar'),
(1938, 787, 'es', 'Cancelar'),
(1939, 788, 'es', 'Cancelar'),
(1940, 789, 'es', 'Cancelar'),
(1941, 790, 'es', 'Cancelar'),
(1942, 791, 'es', 'Cancelar'),
(1943, 792, 'es', 'Cancelar'),
(1944, 793, 'es', 'Cancelar'),
(1945, 794, 'es', 'Cancelar'),
(1946, 795, 'es', 'Cancelar'),
(1947, 796, 'es', 'Cancelar'),
(1948, 797, 'es', 'Cancelar'),
(1949, 798, 'es', 'Cancelar'),
(1950, 799, 'es', 'Cancelar'),
(1951, 800, 'es', 'Cancelar'),
(1952, 801, 'es', 'Cancelar'),
(1953, 802, 'es', 'Cancelar'),
(1954, 803, 'es', 'Cancelar'),
(1955, 804, 'es', 'Cancelar'),
(1956, 805, 'es', 'Cancelar'),
(1957, 806, 'es', 'Cancelar'),
(1958, 807, 'es', 'Cancelar'),
(1959, 808, 'es', 'Cancelar'),
(1960, 809, 'es', 'Cancelar'),
(1961, 810, 'es', 'Cancelar'),
(1962, 811, 'es', 'Cancelar'),
(1963, 812, 'es', 'Cancelar'),
(1964, 813, 'es', 'Cancelar'),
(1965, 814, 'es', 'Cancelar'),
(1966, 815, 'es', 'Cancelar'),
(1967, 817, 'es', 'Cancelar'),
(1968, 816, 'es', 'Cancelar'),
(1969, 818, 'es', 'Cancelar'),
(1970, 819, 'es', 'Cancelar'),
(1971, 820, 'es', 'Cancelar'),
(1972, 821, 'es', 'Cancelar'),
(1973, 822, 'es', 'Cancelar'),
(1974, 823, 'es', 'Cancelar'),
(1975, 824, 'es', 'Cancelar'),
(1976, 825, 'es', 'Cancelar'),
(1977, 826, 'es', 'Cancelar'),
(1978, 827, 'es', 'Cancelar'),
(1979, 828, 'es', 'Cancelar'),
(1980, 829, 'es', 'Cancelar'),
(1981, 830, 'es', 'Cancelar'),
(1982, 831, 'es', 'Cancelar'),
(1983, 832, 'es', 'Cancelar'),
(1984, 833, 'es', 'Cancelar'),
(1985, 834, 'es', 'Cancelar'),
(1986, 835, 'es', 'Cancelar'),
(1987, 836, 'es', 'Cancelar'),
(1988, 837, 'es', 'Cancelar'),
(1989, 838, 'es', 'Cancelar'),
(1990, 839, 'es', 'Cancelar'),
(1991, 840, 'es', 'Cancelar'),
(1992, 841, 'es', 'Cancelar'),
(1993, 842, 'es', 'Cancelar'),
(1994, 843, 'es', 'Cancelar'),
(1995, 844, 'es', 'Cancelar'),
(1996, 845, 'es', 'Cancelar'),
(1997, 846, 'es', 'Cancelar'),
(1998, 847, 'es', 'Cancelar'),
(1999, 848, 'es', 'Cancelar'),
(2000, 849, 'es', 'Cancelar'),
(2001, 850, 'es', 'Cancelar'),
(2002, 851, 'es', 'Cancelar'),
(2003, 852, 'es', 'Cancelar'),
(2004, 853, 'es', 'Cancelar'),
(2005, 854, 'es', 'Cancelar'),
(2006, 855, 'es', 'Cancelar'),
(2007, 856, 'es', 'Cancelar'),
(2008, 857, 'es', 'Cancelar'),
(2009, 858, 'es', 'Cancelar'),
(2010, 859, 'es', 'Cancelar'),
(2011, 860, 'es', 'Cancelar'),
(2012, 861, 'es', 'Cancelar'),
(2013, 862, 'es', 'Cancelar'),
(2014, 863, 'es', 'Cancelar'),
(2015, 864, 'es', 'Cancelar'),
(2016, 865, 'es', 'Cancelar'),
(2017, 866, 'es', 'Cancelar'),
(2018, 867, 'es', 'Cancelar'),
(2019, 868, 'es', 'Cancelar'),
(2020, 869, 'es', 'Cancelar'),
(2021, 870, 'es', 'Cancelar'),
(2022, 871, 'es', 'Cancelar'),
(2023, 872, 'es', 'Cancelar'),
(2024, 873, 'es', 'Cancelar'),
(2025, 874, 'es', 'Cancelar'),
(2026, 875, 'es', 'Cancelar'),
(2027, 876, 'es', 'Cancelar'),
(2028, 877, 'es', 'Cancelar'),
(2029, 878, 'es', 'Cancelar'),
(2030, 879, 'es', 'Cancelar'),
(2031, 880, 'es', 'Cancelar'),
(2032, 881, 'es', 'Cancelar'),
(2033, 882, 'es', 'Cancelar'),
(2034, 883, 'es', 'Cancelar'),
(2035, 884, 'es', 'Cancelar'),
(2036, 885, 'es', 'Cancelar'),
(2037, 1137, 'es', 'Cancelar'),
(2038, 1138, 'es', 'Cancelar'),
(2039, 886, 'es', 'Cancelar'),
(2040, 887, 'es', 'Cancelar'),
(2041, 888, 'es', 'Cancelar'),
(2042, 889, 'es', 'Cancelar'),
(2043, 890, 'es', 'Cancelar'),
(2044, 891, 'es', 'Cancelar'),
(2045, 892, 'es', 'Cancelar'),
(2046, 893, 'es', 'Cancelar'),
(2047, 894, 'es', 'Cancelar'),
(2048, 895, 'es', 'Cancelar'),
(2049, 896, 'es', 'Cancelar'),
(2050, 897, 'es', 'Cancelar'),
(2051, 898, 'es', 'Cancelar'),
(2052, 899, 'es', 'Cancelar'),
(2053, 900, 'es', 'Cancelar'),
(2054, 901, 'es', 'Cancelar'),
(2055, 902, 'es', 'Cancelar'),
(2056, 903, 'es', 'Cancelar'),
(2057, 904, 'es', 'Cancelar'),
(2058, 905, 'es', 'Cancelar'),
(2059, 906, 'es', 'Cancelar'),
(2060, 907, 'es', 'Cancelar'),
(2061, 908, 'es', 'Cancelar'),
(2062, 909, 'es', 'Cancelar'),
(2063, 910, 'es', 'Cancelar'),
(2064, 911, 'es', 'Cancelar'),
(2065, 912, 'es', 'Cancelar'),
(2066, 913, 'es', 'Cancelar'),
(2067, 914, 'es', 'Cancelar'),
(2068, 915, 'es', 'Cancelar'),
(2069, 916, 'es', 'Cancelar'),
(2070, 917, 'es', 'Cancelar'),
(2071, 918, 'es', 'Cancelar'),
(2072, 919, 'es', 'Cancelar'),
(2073, 920, 'es', 'Cancelar'),
(2074, 921, 'es', 'Cancelar'),
(2075, 922, 'es', 'Cancelar'),
(2076, 923, 'es', 'Cancelar'),
(2077, 924, 'es', 'Cancelar'),
(2078, 925, 'es', 'Cancelar'),
(2079, 926, 'es', 'Cancelar'),
(2080, 927, 'es', 'Cancelar'),
(2081, 928, 'es', 'Cancelar'),
(2082, 929, 'es', 'Cancelar'),
(2083, 930, 'es', 'Cancelar'),
(2084, 932, 'es', 'Cancelar'),
(2085, 933, 'es', 'Cancelar'),
(2086, 934, 'es', 'Cancelar'),
(2087, 935, 'es', 'Cancelar'),
(2088, 936, 'es', 'Cancelar'),
(2089, 937, 'es', 'Cancelar'),
(2090, 1140, 'es', 'Cancelar'),
(2091, 938, 'es', 'Cancelar'),
(2092, 939, 'es', 'Cancelar'),
(2093, 940, 'es', 'Cancelar'),
(2094, 941, 'es', 'Cancelar'),
(2095, 942, 'es', 'Cancelar'),
(2096, 943, 'es', 'Cancelar'),
(2097, 944, 'es', 'Cancelar'),
(2098, 945, 'es', 'Cancelar'),
(2099, 946, 'es', 'Cancelar'),
(2100, 947, 'es', 'Cancelar'),
(2101, 948, 'es', 'Cancelar'),
(2102, 949, 'es', 'Cancelar'),
(2103, 950, 'es', 'Cancelar'),
(2104, 954, 'es', 'Cancelar'),
(2105, 955, 'es', 'Cancelar'),
(2106, 953, 'es', 'Cancelar'),
(2107, 956, 'es', 'Cancelar'),
(2108, 958, 'es', 'Cancelar'),
(2109, 957, 'es', 'Cancelar'),
(2110, 960, 'es', 'Cancelar'),
(2111, 959, 'es', 'Cancelar'),
(2112, 961, 'es', 'Cancelar'),
(2113, 962, 'es', 'Cancelar'),
(2114, 963, 'es', 'Cancelar'),
(2115, 965, 'es', 'Cancelar'),
(2116, 966, 'es', 'Cancelar'),
(2117, 967, 'es', 'Cancelar'),
(2118, 968, 'es', 'Cancelar'),
(2119, 969, 'es', 'Cancelar'),
(2120, 1133, 'es', 'Cancelar'),
(2121, 1134, 'es', 'Cancelar'),
(2122, 1135, 'es', 'Cancelar'),
(2123, 970, 'es', 'Cancelar'),
(2124, 971, 'es', 'Cancelar'),
(2125, 972, 'es', 'Cancelar'),
(2126, 973, 'es', 'Cancelar'),
(2127, 974, 'es', 'Cancelar'),
(2128, 380, 'es', 'Cancelar'),
(2129, 975, 'es', 'Cancelar'),
(2130, 976, 'es', 'Cancelar'),
(2131, 977, 'es', 'Cancelar'),
(2132, 978, 'es', 'Cancelar'),
(2133, 979, 'es', 'Cancelar'),
(2134, 980, 'es', 'Cancelar'),
(2135, 981, 'es', 'Cancelar'),
(2136, 982, 'es', 'Cancelar'),
(2137, 983, 'es', 'Cancelar'),
(2138, 1139, 'es', 'Cancelar'),
(2139, 984, 'es', 'Cancelar'),
(2140, 985, 'es', 'Cancelar'),
(2141, 986, 'es', 'Cancelar'),
(2142, 987, 'es', 'Cancelar'),
(2143, 989, 'es', 'Cancelar'),
(2144, 990, 'es', 'Cancelar'),
(2145, 992, 'es', 'Cancelar'),
(2146, 991, 'es', 'Cancelar'),
(2147, 993, 'es', 'Cancelar'),
(2148, 994, 'es', 'Cancelar'),
(2149, 995, 'es', 'Cancelar'),
(2150, 996, 'es', 'Cancelar'),
(2151, 997, 'es', 'Cancelar'),
(2152, 998, 'es', 'Cancelar'),
(2153, 999, 'es', 'Cancelar'),
(2154, 1000, 'es', 'Cancelar'),
(2155, 1001, 'es', 'Cancelar'),
(2156, 1002, 'es', 'Cancelar'),
(2157, 695, 'es', 'Cancelar'),
(2158, 1003, 'es', 'Cancelar'),
(2159, 1004, 'es', 'Cancelar'),
(2160, 1005, 'es', 'Cancelar'),
(2161, 1006, 'es', 'Cancelar'),
(2162, 1007, 'es', 'Cancelar'),
(2163, 1008, 'es', 'Cancelar'),
(2164, 1009, 'es', 'Cancelar'),
(2165, 1010, 'es', 'Cancelar'),
(2166, 1011, 'es', 'Cancelar'),
(2167, 1012, 'es', 'Cancelar'),
(2168, 1013, 'es', 'Cancelar'),
(2169, 1014, 'es', 'Cancelar'),
(2170, 1015, 'es', 'Cancelar'),
(2171, 1016, 'es', 'Cancelar'),
(2172, 1017, 'es', 'Cancelar'),
(2173, 1018, 'es', 'Cancelar'),
(2174, 1019, 'es', 'Cancelar'),
(2175, 1, 'es', 'Cancelar'),
(2176, 1020, 'es', 'Cancelar'),
(2177, 1021, 'es', 'Cancelar'),
(2178, 1022, 'es', 'Cancelar'),
(2179, 1023, 'es', 'Cancelar'),
(2180, 1024, 'es', 'Cancelar'),
(2181, 1025, 'es', 'Cancelar'),
(2182, 1026, 'es', 'Cancelar'),
(2183, 1027, 'es', 'Cancelar'),
(2184, 1030, 'es', 'Cancelar'),
(2185, 1033, 'es', 'Cancelar'),
(2186, 1034, 'es', 'Cancelar'),
(2187, 1036, 'es', 'Cancelar'),
(2188, 1037, 'es', 'Cancelar'),
(2189, 1040, 'es', 'Cancelar'),
(2190, 1042, 'es', 'Cancelar'),
(2191, 1028, 'es', 'Cancelar'),
(2192, 1043, 'es', 'Cancelar'),
(2193, 1044, 'es', 'Cancelar'),
(2194, 1045, 'es', 'Cancelar'),
(2195, 1031, 'es', 'Cancelar'),
(2196, 1046, 'es', 'Cancelar'),
(2197, 1047, 'es', 'Cancelar'),
(2198, 1048, 'es', 'Cancelar'),
(2199, 1049, 'es', 'Cancelar'),
(2200, 1050, 'es', 'Cancelar'),
(2201, 1038, 'es', 'Cancelar'),
(2202, 1039, 'es', 'Cancelar'),
(2203, 1051, 'es', 'Cancelar'),
(2204, 1052, 'es', 'Cancelar'),
(2205, 1053, 'es', 'Cancelar'),
(2206, 1054, 'es', 'Cancelar'),
(2207, 1055, 'es', 'Cancelar'),
(2208, 1056, 'es', 'Cancelar'),
(2209, 1057, 'es', 'Cancelar'),
(2210, 1058, 'es', 'Cancelar'),
(2211, 1059, 'es', 'Cancelar'),
(2212, 1060, 'es', 'Cancelar'),
(2213, 1061, 'es', 'Cancelar'),
(2214, 1062, 'es', 'Cancelar'),
(2215, 1063, 'es', 'Cancelar'),
(2216, 1064, 'es', 'Cancelar'),
(2217, 1065, 'es', 'Cancelar'),
(2218, 1066, 'es', 'Cancelar'),
(2219, 1067, 'es', 'Cancelar'),
(2220, 1068, 'es', 'Cancelar'),
(2221, 1069, 'es', 'Cancelar'),
(2222, 1070, 'es', 'Cancelar'),
(2223, 1071, 'es', 'Cancelar'),
(2224, 1072, 'es', 'Cancelar'),
(2225, 1073, 'es', 'Cancelar'),
(2226, 1074, 'es', 'Cancelar'),
(2227, 1075, 'es', 'Cancelar'),
(2228, 1076, 'es', 'Cancelar'),
(2229, 1077, 'es', 'Cancelar'),
(2230, 1078, 'es', 'Cancelar'),
(2231, 1079, 'es', 'Cancelar'),
(2232, 1080, 'es', 'Cancelar'),
(2233, 1081, 'es', 'Cancelar'),
(2234, 1082, 'es', 'Cancelar'),
(2235, 1083, 'es', 'Cancelar'),
(2236, 1084, 'es', 'Cancelar'),
(2237, 1085, 'es', 'Cancelar'),
(2238, 1086, 'es', 'Cancelar'),
(2239, 1087, 'es', 'Cancelar'),
(2240, 1088, 'es', 'Cancelar'),
(2241, 1089, 'es', 'Cancelar'),
(2242, 1090, 'es', 'Cancelar'),
(2243, 1091, 'es', 'Cancelar'),
(2244, 1092, 'es', 'Cancelar'),
(2245, 1093, 'es', 'Cancelar'),
(2246, 1094, 'es', 'Cancelar'),
(2247, 1041, 'es', 'Cancelar'),
(2248, 1029, 'es', 'Cancelar'),
(2249, 1095, 'es', 'Cancelar'),
(2250, 1032, 'es', 'Cancelar'),
(2251, 1096, 'es', 'Cancelar'),
(2252, 1097, 'es', 'Cancelar'),
(2253, 1098, 'es', 'Cancelar'),
(2254, 1035, 'es', 'Cancelar'),
(2255, 1099, 'es', 'Cancelar'),
(2256, 1100, 'es', 'Cancelar'),
(2257, 1101, 'es', 'Cancelar'),
(2258, 1102, 'es', 'Cancelar');

-- --------------------------------------------------------

--
-- Estructura de tabla para la tabla `up_sell_products`
--

CREATE TABLE `up_sell_products` (
  `product_id` int(10) UNSIGNED NOT NULL,
  `up_sell_product_id` int(10) UNSIGNED NOT NULL
) ENGINE=InnoDB DEFAULT CHARSET=utf8mb4 COLLATE=utf8mb4_unicode_ci;

--
-- Volcado de datos para la tabla `up_sell_products`
--

INSERT INTO `up_sell_products` (`product_id`, `up_sell_product_id`) VALUES
(1, 4),
(1, 5),
(1, 6),
(4, 6),
(4, 7),
(4, 10),
(5, 8),
(5, 9),
(5, 10),
(6, 8),
(6, 9),
(6, 10),
(7, 1),
(7, 4),
(7, 5),
(8, 7),
(8, 9),
(8, 10),
(9, 7),
(9, 8),
(9, 10),
(10, 7),
(10, 8),
(10, 9),
(11, 1),
(11, 4),
(11, 5),
(11, 7),
(11, 8),
(11, 9),
(11, 10),
(12, 8),
(12, 9),
(12, 10),
(13, 4),
(13, 10),
(14, 7),
(14, 9),
(15, 5),
(15, 6),
(15, 10),
(16, 6),
(16, 7),
(16, 8),
(17, 1),
(17, 7),
(17, 9),
(17, 10),
(18, 8),
(18, 9),
(19, 9),
(19, 10),
(21, 10),
(21, 19),
(21, 20),
(22, 7),
(22, 9),
(22, 10),
(23, 9),
(23, 10),
(23, 19),
(24, 7),
(24, 10),
(24, 19),
(25, 10),
(25, 19),
(25, 20),
(26, 19),
(26, 23),
(26, 24),
(27, 19),
(27, 20),
(27, 24),
(28, 19),
(28, 20),
(28, 23),
(29, 10),
(29, 19),
(29, 20),
(30, 20),
(30, 23),
(30, 24),
(31, 10),
(31, 19),
(31, 20),
(32, 19),
(32, 20),
(32, 21),
(33, 8),
(33, 9),
(33, 10),
(37, 32),
(37, 33),
(37, 34),
(38, 19),
(38, 33),
(38, 34),
(39, 35),
(39, 36),
(39, 37),
(40, 35),
(40, 36),
(40, 37),
(41, 35),
(41, 36),
(41, 37),
(44, 42),
(44, 43),
(45, 42),
(45, 43),
(45, 44),
(46, 43),
(46, 44),
(46, 45),
(47, 42),
(47, 43),
(47, 44),
(48, 44),
(48, 45),
(48, 46),
(50, 47),
(50, 48),
(50, 49),
(51, 45),
(51, 46),
(51, 47),
(52, 49),
(52, 50),
(52, 51),
(54, 50),
(54, 51),
(54, 52),
(55, 49),
(55, 50),
(55, 51),
(56, 50),
(56, 51),
(56, 52),
(57, 35),
(57, 38),
(58, 39),
(58, 40),
(60, 50),
(60, 51),
(60, 52),
(62, 42),
(62, 52),
(62, 54),
(65, 6),
(65, 7),
(65, 10),
(65, 19),
(65, 20),
(65, 68),
(68, 1),
(68, 4),
(68, 5),
(68, 21),
(68, 22),
(69, 1),
(69, 4),
(69, 5),
(69, 21),
(69, 22),
(74, 70),
(74, 71),
(74, 72),
(74, 73),
(81, 76),
(81, 77);

-- --------------------------------------------------------

--
-- Estructura de tabla para la tabla `users`
--

CREATE TABLE `users` (
  `id` int(10) UNSIGNED NOT NULL,
  `first_name` varchar(191) COLLATE utf8mb4_unicode_ci NOT NULL,
  `last_name` varchar(191) COLLATE utf8mb4_unicode_ci NOT NULL,
  `email` varchar(191) COLLATE utf8mb4_unicode_ci NOT NULL,
  `password` varchar(191) COLLATE utf8mb4_unicode_ci NOT NULL,
  `permissions` text COLLATE utf8mb4_unicode_ci DEFAULT NULL,
  `last_login` datetime DEFAULT NULL,
  `created_at` timestamp NULL DEFAULT NULL,
  `updated_at` timestamp NULL DEFAULT NULL
) ENGINE=InnoDB DEFAULT CHARSET=utf8mb4 COLLATE=utf8mb4_unicode_ci;

--
-- Volcado de datos para la tabla `users`
--

INSERT INTO `users` (`id`, `first_name`, `last_name`, `email`, `password`, `permissions`, `last_login`, `created_at`, `updated_at`) VALUES
(1, 'Juan', 'Fernando', 'informacion.smartpc@gmail.com', '$2y$10$zHWnBpJrPfY9/raYhURxLONBK.rlApm3UnVaqq6H2sbgwskDT/ISC', NULL, '2020-11-19 07:42:14', '2019-08-05 00:34:30', '2020-11-19 14:42:14'),
(10, 'Mauricio', 'Terán', 'mauricio@corporacionteran.com.ec', '$2y$10$EJhjSkn37oqe0FsZvluOnOeCMtle3uZtM/47M5Yi0DSgN/TSyVBI.', '[]', '2020-07-15 16:26:13', '2020-04-28 20:32:19', '2020-07-15 22:26:13'),
(11, 'Andrea', 'Villacis', 'andylu_3621@outlook.es', '$2y$10$r77vE/1i4eJ81VWY60wQXegF8WV88tiR30hc2jgtFVKwQ0mPsc2GC', NULL, '2020-05-13 19:20:16', '2020-05-13 19:20:16', '2020-05-13 19:20:16'),
(12, 'Calle de Santa Engracia', 'torres', 'zaidm2541@gmail.com', '$2y$10$FZwx.wUOm7zK2UV1/1y3Be7NvhJfHqh8UpFy0LDqt3EomwIRxe01K', NULL, '2020-06-27 21:17:45', '2020-06-28 03:17:45', '2020-06-28 03:17:45'),
(13, 'Roger', 'Jimenez', 'rogerajr31@gmail.com', '$2y$10$wRbuyOreOoJ6obNbBd8tTurPwVKgcK6BrlP4JUPB.SxZwzIHrvyhS', '[]', '2020-11-18 08:51:56', '2020-07-15 22:20:25', '2020-11-18 15:51:56'),
(14, 'Javier', 'Terán', 'jav.ter@hotmail.com', '$2y$10$Qrlev0M7r7NWVrk41Wv6Ku6ZXCwMgnlzUJ4HfpJQbFaistprWlLuu', NULL, '2020-08-05 22:06:42', '2020-08-06 04:06:42', '2020-08-06 04:06:42'),
(15, 'Lorena', 'Daza Duran', 'lorena_daza@hotmail.com', '$2y$10$NTXHpTJTLndlFhsM72XSbugRqEx5tPXrRGxiphjqAq4vdA0qoT9ya', NULL, '2020-08-11 14:27:51', '2020-08-11 20:27:51', '2020-08-11 20:27:51'),
(16, 'Andres', 'Flores', 'aflores@datafast.com.ec', '$2y$10$et79UetO948jZlGaMVrfoutWcNfN58WaiAaknknH6Zi0NZsDWlKhu', NULL, '2020-08-18 18:02:39', '2020-08-18 23:53:09', '2020-08-19 00:02:39'),
(17, 'Santiago', 'Peña', 'santiago@corporacionteran.com.ec', '$2y$10$oT.AV6T/f60kUfGrRZUoAue0Cbk8pfs9.I1ctL9B8xhcr9920bRgm', '[]', '2020-09-02 09:51:00', '2020-08-19 23:04:25', '2020-09-02 15:51:00'),
(18, 'Doris', 'Batallas', 'dorisbz34@hotmail.com', '$2y$10$39aC2pJIgkUz7LmPeulZi.vImnn4FYuRjXqhqecRCxevE0dSaa7.2', NULL, '2020-09-01 21:09:56', '2020-09-01 02:25:47', '2020-09-02 03:09:56'),
(19, 'Colegio', 'Gutenberg Schule', 'cespinosa@redesecuador.com', '$2y$10$a623zP3ug/nKVdMProZJL.efb/hr74pkk8lvDjqNZpz1w5gJq0Au2', NULL, '2020-11-06 07:14:45', '2020-11-06 14:14:45', '2020-11-06 14:14:45');

-- --------------------------------------------------------

--
-- Estructura de tabla para la tabla `user_roles`
--

CREATE TABLE `user_roles` (
  `user_id` int(10) UNSIGNED NOT NULL,
  `role_id` int(10) UNSIGNED NOT NULL,
  `created_at` timestamp NULL DEFAULT NULL,
  `updated_at` timestamp NULL DEFAULT NULL
) ENGINE=InnoDB DEFAULT CHARSET=utf8mb4 COLLATE=utf8mb4_unicode_ci;

--
-- Volcado de datos para la tabla `user_roles`
--

INSERT INTO `user_roles` (`user_id`, `role_id`, `created_at`, `updated_at`) VALUES
(1, 1, '2019-08-05 00:34:30', '2019-08-05 00:34:30'),
(10, 1, '2020-04-28 20:32:19', '2020-04-28 20:32:19'),
(11, 2, '2020-05-13 19:20:16', '2020-05-13 19:20:16'),
(12, 2, '2020-06-28 03:17:45', '2020-06-28 03:17:45'),
(13, 1, '2020-07-15 22:20:25', '2020-07-15 22:20:25'),
(14, 2, '2020-08-06 04:06:42', '2020-08-06 04:06:42'),
(15, 2, '2020-08-11 20:27:51', '2020-08-11 20:27:51'),
(16, 2, '2020-08-18 23:53:09', '2020-08-18 23:53:09'),
(17, 1, '2020-08-19 23:04:25', '2020-08-19 23:04:25'),
(18, 2, '2020-09-01 02:25:47', '2020-09-01 02:25:47'),
(19, 2, '2020-11-06 14:14:45', '2020-11-06 14:14:45');

-- --------------------------------------------------------

--
-- Estructura de tabla para la tabla `wish_lists`
--

CREATE TABLE `wish_lists` (
  `user_id` int(10) UNSIGNED NOT NULL,
  `product_id` int(10) UNSIGNED NOT NULL,
  `created_at` timestamp NULL DEFAULT NULL,
  `updated_at` timestamp NULL DEFAULT NULL
) ENGINE=InnoDB DEFAULT CHARSET=utf8mb4 COLLATE=utf8mb4_unicode_ci;

--
-- Volcado de datos para la tabla `wish_lists`
--

INSERT INTO `wish_lists` (`user_id`, `product_id`, `created_at`, `updated_at`) VALUES
(1, 18, '2020-08-12 13:52:12', '2020-08-12 13:52:12'),
(1, 78, '2020-10-20 05:08:40', '2020-10-20 05:08:40');

--
-- Índices para tablas volcadas
--

--
-- Indices de la tabla `activations`
--
ALTER TABLE `activations`
  ADD PRIMARY KEY (`id`),
  ADD KEY `activations_user_id_index` (`user_id`);

--
-- Indices de la tabla `attributes`
--
ALTER TABLE `attributes`
  ADD PRIMARY KEY (`id`),
  ADD KEY `attributes_attribute_set_id_index` (`attribute_set_id`);

--
-- Indices de la tabla `attribute_categories`
--
ALTER TABLE `attribute_categories`
  ADD PRIMARY KEY (`attribute_id`,`category_id`),
  ADD KEY `attribute_categories_category_id_foreign` (`category_id`);

--
-- Indices de la tabla `attribute_sets`
--
ALTER TABLE `attribute_sets`
  ADD PRIMARY KEY (`id`);

--
-- Indices de la tabla `attribute_set_translations`
--
ALTER TABLE `attribute_set_translations`
  ADD PRIMARY KEY (`id`),
  ADD UNIQUE KEY `attribute_set_translations_attribute_set_id_locale_unique` (`attribute_set_id`,`locale`);

--
-- Indices de la tabla `attribute_translations`
--
ALTER TABLE `attribute_translations`
  ADD PRIMARY KEY (`id`),
  ADD UNIQUE KEY `attribute_translations_attribute_id_locale_unique` (`attribute_id`,`locale`);

--
-- Indices de la tabla `attribute_values`
--
ALTER TABLE `attribute_values`
  ADD PRIMARY KEY (`id`),
  ADD KEY `attribute_values_attribute_id_index` (`attribute_id`);

--
-- Indices de la tabla `attribute_value_translations`
--
ALTER TABLE `attribute_value_translations`
  ADD PRIMARY KEY (`id`),
  ADD UNIQUE KEY `attribute_value_translations_attribute_value_id_locale_unique` (`attribute_value_id`,`locale`);

--
-- Indices de la tabla `categories`
--
ALTER TABLE `categories`
  ADD PRIMARY KEY (`id`),
  ADD UNIQUE KEY `categories_slug_unique` (`slug`),
  ADD KEY `categories_parent_id_foreign` (`parent_id`);

--
-- Indices de la tabla `category_translations`
--
ALTER TABLE `category_translations`
  ADD PRIMARY KEY (`id`),
  ADD UNIQUE KEY `category_translations_category_id_locale_unique` (`category_id`,`locale`);

--
-- Indices de la tabla `coupons`
--
ALTER TABLE `coupons`
  ADD PRIMARY KEY (`id`),
  ADD KEY `coupons_code_index` (`code`);

--
-- Indices de la tabla `coupon_categories`
--
ALTER TABLE `coupon_categories`
  ADD PRIMARY KEY (`coupon_id`,`category_id`,`exclude`),
  ADD KEY `coupon_categories_category_id_foreign` (`category_id`);

--
-- Indices de la tabla `coupon_products`
--
ALTER TABLE `coupon_products`
  ADD PRIMARY KEY (`coupon_id`,`product_id`),
  ADD KEY `coupon_products_product_id_foreign` (`product_id`);

--
-- Indices de la tabla `coupon_translations`
--
ALTER TABLE `coupon_translations`
  ADD PRIMARY KEY (`id`),
  ADD UNIQUE KEY `coupon_translations_coupon_id_locale_unique` (`coupon_id`,`locale`);

--
-- Indices de la tabla `cross_sell_products`
--
ALTER TABLE `cross_sell_products`
  ADD PRIMARY KEY (`product_id`,`cross_sell_product_id`),
  ADD KEY `cross_sell_products_cross_sell_product_id_foreign` (`cross_sell_product_id`);

--
-- Indices de la tabla `currency_rates`
--
ALTER TABLE `currency_rates`
  ADD PRIMARY KEY (`id`),
  ADD UNIQUE KEY `currency_rates_currency_unique` (`currency`);

--
-- Indices de la tabla `entity_files`
--
ALTER TABLE `entity_files`
  ADD PRIMARY KEY (`id`),
  ADD KEY `entity_files_entity_type_entity_id_index` (`entity_type`,`entity_id`),
  ADD KEY `entity_files_file_id_index` (`file_id`),
  ADD KEY `entity_files_zone_index` (`zone`);

--
-- Indices de la tabla `files`
--
ALTER TABLE `files`
  ADD PRIMARY KEY (`id`),
  ADD KEY `files_user_id_index` (`user_id`),
  ADD KEY `files_filename_index` (`filename`);

--
-- Indices de la tabla `menus`
--
ALTER TABLE `menus`
  ADD PRIMARY KEY (`id`);

--
-- Indices de la tabla `menu_items`
--
ALTER TABLE `menu_items`
  ADD PRIMARY KEY (`id`),
  ADD KEY `menu_items_parent_id_foreign` (`parent_id`),
  ADD KEY `menu_items_category_id_foreign` (`category_id`),
  ADD KEY `menu_items_page_id_foreign` (`page_id`),
  ADD KEY `menu_items_menu_id_index` (`menu_id`);

--
-- Indices de la tabla `menu_item_translations`
--
ALTER TABLE `menu_item_translations`
  ADD PRIMARY KEY (`id`),
  ADD UNIQUE KEY `menu_item_translations_menu_item_id_locale_unique` (`menu_item_id`,`locale`);

--
-- Indices de la tabla `menu_translations`
--
ALTER TABLE `menu_translations`
  ADD PRIMARY KEY (`id`),
  ADD UNIQUE KEY `menu_translations_menu_id_locale_unique` (`menu_id`,`locale`);

--
-- Indices de la tabla `meta_data`
--
ALTER TABLE `meta_data`
  ADD PRIMARY KEY (`id`),
  ADD KEY `meta_data_entity_type_entity_id_index` (`entity_type`,`entity_id`);

--
-- Indices de la tabla `meta_data_translations`
--
ALTER TABLE `meta_data_translations`
  ADD PRIMARY KEY (`id`),
  ADD UNIQUE KEY `meta_data_translations_meta_data_id_locale_unique` (`meta_data_id`,`locale`);

--
-- Indices de la tabla `migrations`
--
ALTER TABLE `migrations`
  ADD PRIMARY KEY (`id`);

--
-- Indices de la tabla `options`
--
ALTER TABLE `options`
  ADD PRIMARY KEY (`id`);

--
-- Indices de la tabla `option_translations`
--
ALTER TABLE `option_translations`
  ADD PRIMARY KEY (`id`),
  ADD UNIQUE KEY `option_translations_option_id_locale_unique` (`option_id`,`locale`);

--
-- Indices de la tabla `option_values`
--
ALTER TABLE `option_values`
  ADD PRIMARY KEY (`id`),
  ADD KEY `option_values_option_id_index` (`option_id`);

--
-- Indices de la tabla `option_value_translations`
--
ALTER TABLE `option_value_translations`
  ADD PRIMARY KEY (`id`),
  ADD UNIQUE KEY `option_value_translations_option_value_id_locale_unique` (`option_value_id`,`locale`);

--
-- Indices de la tabla `orders`
--
ALTER TABLE `orders`
  ADD PRIMARY KEY (`id`),
  ADD KEY `orders_customer_id_index` (`customer_id`),
  ADD KEY `orders_coupon_id_index` (`coupon_id`);

--
-- Indices de la tabla `order_products`
--
ALTER TABLE `order_products`
  ADD PRIMARY KEY (`id`),
  ADD KEY `order_products_order_id_foreign` (`order_id`),
  ADD KEY `order_products_product_id_foreign` (`product_id`);

--
-- Indices de la tabla `order_product_options`
--
ALTER TABLE `order_product_options`
  ADD PRIMARY KEY (`id`),
  ADD UNIQUE KEY `order_product_options_order_product_id_option_id_unique` (`order_product_id`,`option_id`),
  ADD KEY `order_product_options_option_id_foreign` (`option_id`);

--
-- Indices de la tabla `order_product_option_values`
--
ALTER TABLE `order_product_option_values`
  ADD PRIMARY KEY (`order_product_option_id`,`option_value_id`),
  ADD KEY `order_product_option_values_option_value_id_foreign` (`option_value_id`);

--
-- Indices de la tabla `order_taxes`
--
ALTER TABLE `order_taxes`
  ADD PRIMARY KEY (`order_id`,`tax_rate_id`),
  ADD KEY `order_taxes_tax_rate_id_foreign` (`tax_rate_id`);

--
-- Indices de la tabla `pages`
--
ALTER TABLE `pages`
  ADD PRIMARY KEY (`id`),
  ADD UNIQUE KEY `pages_slug_unique` (`slug`);

--
-- Indices de la tabla `page_translations`
--
ALTER TABLE `page_translations`
  ADD PRIMARY KEY (`id`),
  ADD UNIQUE KEY `page_translations_page_id_locale_unique` (`page_id`,`locale`);

--
-- Indices de la tabla `payment_response`
--
ALTER TABLE `payment_response`
  ADD PRIMARY KEY (`id`);

--
-- Indices de la tabla `persistences`
--
ALTER TABLE `persistences`
  ADD PRIMARY KEY (`id`),
  ADD UNIQUE KEY `persistences_code_unique` (`code`),
  ADD KEY `persistences_user_id_foreign` (`user_id`);

--
-- Indices de la tabla `products`
--
ALTER TABLE `products`
  ADD PRIMARY KEY (`id`),
  ADD UNIQUE KEY `products_slug_unique` (`slug`);

--
-- Indices de la tabla `product_attributes`
--
ALTER TABLE `product_attributes`
  ADD PRIMARY KEY (`id`),
  ADD KEY `product_attributes_product_id_index` (`product_id`),
  ADD KEY `product_attributes_attribute_id_index` (`attribute_id`);

--
-- Indices de la tabla `product_attribute_values`
--
ALTER TABLE `product_attribute_values`
  ADD PRIMARY KEY (`product_attribute_id`,`attribute_value_id`),
  ADD KEY `product_attribute_values_attribute_value_id_foreign` (`attribute_value_id`);

--
-- Indices de la tabla `product_categories`
--
ALTER TABLE `product_categories`
  ADD PRIMARY KEY (`product_id`,`category_id`),
  ADD KEY `product_categories_category_id_foreign` (`category_id`);

--
-- Indices de la tabla `product_options`
--
ALTER TABLE `product_options`
  ADD PRIMARY KEY (`product_id`,`option_id`),
  ADD KEY `product_options_option_id_foreign` (`option_id`);

--
-- Indices de la tabla `product_translations`
--
ALTER TABLE `product_translations`
  ADD PRIMARY KEY (`id`),
  ADD UNIQUE KEY `product_translations_product_id_locale_unique` (`product_id`,`locale`);
ALTER TABLE `product_translations` ADD FULLTEXT KEY `name` (`name`);

--
-- Indices de la tabla `related_products`
--
ALTER TABLE `related_products`
  ADD PRIMARY KEY (`product_id`,`related_product_id`),
  ADD KEY `related_products_related_product_id_foreign` (`related_product_id`);

--
-- Indices de la tabla `reminders`
--
ALTER TABLE `reminders`
  ADD PRIMARY KEY (`id`),
  ADD KEY `reminders_user_id_foreign` (`user_id`);

--
-- Indices de la tabla `reviews`
--
ALTER TABLE `reviews`
  ADD PRIMARY KEY (`id`),
  ADD KEY `reviews_reviewer_id_index` (`reviewer_id`),
  ADD KEY `reviews_product_id_index` (`product_id`);

--
-- Indices de la tabla `roles`
--
ALTER TABLE `roles`
  ADD PRIMARY KEY (`id`);

--
-- Indices de la tabla `role_translations`
--
ALTER TABLE `role_translations`
  ADD PRIMARY KEY (`id`),
  ADD UNIQUE KEY `role_translations_role_id_locale_unique` (`role_id`,`locale`);

--
-- Indices de la tabla `search_terms`
--
ALTER TABLE `search_terms`
  ADD PRIMARY KEY (`id`),
  ADD UNIQUE KEY `search_terms_term_unique` (`term`);

--
-- Indices de la tabla `settings`
--
ALTER TABLE `settings`
  ADD PRIMARY KEY (`id`),
  ADD UNIQUE KEY `settings_key_unique` (`key`);

--
-- Indices de la tabla `setting_translations`
--
ALTER TABLE `setting_translations`
  ADD PRIMARY KEY (`id`),
  ADD UNIQUE KEY `setting_translations_setting_id_locale_unique` (`setting_id`,`locale`);

--
-- Indices de la tabla `sliders`
--
ALTER TABLE `sliders`
  ADD PRIMARY KEY (`id`);

--
-- Indices de la tabla `slider_slides`
--
ALTER TABLE `slider_slides`
  ADD PRIMARY KEY (`id`),
  ADD KEY `slider_slides_slider_id_foreign` (`slider_id`);

--
-- Indices de la tabla `slider_slide_translations`
--
ALTER TABLE `slider_slide_translations`
  ADD PRIMARY KEY (`id`),
  ADD UNIQUE KEY `slider_slide_translations_slider_slide_id_locale_unique` (`slider_slide_id`,`locale`);

--
-- Indices de la tabla `slider_translations`
--
ALTER TABLE `slider_translations`
  ADD PRIMARY KEY (`id`),
  ADD UNIQUE KEY `slider_translations_slider_id_locale_unique` (`slider_id`,`locale`);

--
-- Indices de la tabla `tax_classes`
--
ALTER TABLE `tax_classes`
  ADD PRIMARY KEY (`id`);

--
-- Indices de la tabla `tax_class_translations`
--
ALTER TABLE `tax_class_translations`
  ADD PRIMARY KEY (`id`),
  ADD UNIQUE KEY `tax_class_translations_tax_class_id_locale_unique` (`tax_class_id`,`locale`);

--
-- Indices de la tabla `tax_rates`
--
ALTER TABLE `tax_rates`
  ADD PRIMARY KEY (`id`),
  ADD KEY `tax_rates_tax_class_id_index` (`tax_class_id`);

--
-- Indices de la tabla `tax_rate_translations`
--
ALTER TABLE `tax_rate_translations`
  ADD PRIMARY KEY (`id`),
  ADD UNIQUE KEY `tax_rate_translations_tax_rate_id_locale_unique` (`tax_rate_id`,`locale`);

--
-- Indices de la tabla `throttle`
--
ALTER TABLE `throttle`
  ADD PRIMARY KEY (`id`),
  ADD KEY `throttle_user_id_foreign` (`user_id`);

--
-- Indices de la tabla `transactions`
--
ALTER TABLE `transactions`
  ADD PRIMARY KEY (`id`),
  ADD UNIQUE KEY `transactions_order_id_unique` (`order_id`);

--
-- Indices de la tabla `translations`
--
ALTER TABLE `translations`
  ADD PRIMARY KEY (`id`),
  ADD KEY `translations_key_index` (`key`);

--
-- Indices de la tabla `translation_translations`
--
ALTER TABLE `translation_translations`
  ADD PRIMARY KEY (`id`),
  ADD UNIQUE KEY `translation_translations_translation_id_locale_unique` (`translation_id`,`locale`);

--
-- Indices de la tabla `up_sell_products`
--
ALTER TABLE `up_sell_products`
  ADD PRIMARY KEY (`product_id`,`up_sell_product_id`),
  ADD KEY `up_sell_products_up_sell_product_id_foreign` (`up_sell_product_id`);

--
-- Indices de la tabla `users`
--
ALTER TABLE `users`
  ADD PRIMARY KEY (`id`),
  ADD UNIQUE KEY `users_email_unique` (`email`);

--
-- Indices de la tabla `user_roles`
--
ALTER TABLE `user_roles`
  ADD PRIMARY KEY (`user_id`,`role_id`),
  ADD KEY `user_roles_role_id_foreign` (`role_id`);

--
-- Indices de la tabla `wish_lists`
--
ALTER TABLE `wish_lists`
  ADD PRIMARY KEY (`user_id`,`product_id`),
  ADD KEY `wish_lists_product_id_foreign` (`product_id`);

--
-- AUTO_INCREMENT de las tablas volcadas
--

--
-- AUTO_INCREMENT de la tabla `activations`
--
ALTER TABLE `activations`
  MODIFY `id` int(10) UNSIGNED NOT NULL AUTO_INCREMENT, AUTO_INCREMENT=20;

--
-- AUTO_INCREMENT de la tabla `attributes`
--
ALTER TABLE `attributes`
  MODIFY `id` int(10) UNSIGNED NOT NULL AUTO_INCREMENT, AUTO_INCREMENT=40;

--
-- AUTO_INCREMENT de la tabla `attribute_sets`
--
ALTER TABLE `attribute_sets`
  MODIFY `id` int(10) UNSIGNED NOT NULL AUTO_INCREMENT, AUTO_INCREMENT=11;

--
-- AUTO_INCREMENT de la tabla `attribute_set_translations`
--
ALTER TABLE `attribute_set_translations`
  MODIFY `id` int(10) UNSIGNED NOT NULL AUTO_INCREMENT, AUTO_INCREMENT=11;

--
-- AUTO_INCREMENT de la tabla `attribute_translations`
--
ALTER TABLE `attribute_translations`
  MODIFY `id` int(10) UNSIGNED NOT NULL AUTO_INCREMENT, AUTO_INCREMENT=40;

--
-- AUTO_INCREMENT de la tabla `attribute_values`
--
ALTER TABLE `attribute_values`
  MODIFY `id` int(10) UNSIGNED NOT NULL AUTO_INCREMENT, AUTO_INCREMENT=202;

--
-- AUTO_INCREMENT de la tabla `attribute_value_translations`
--
ALTER TABLE `attribute_value_translations`
  MODIFY `id` int(10) UNSIGNED NOT NULL AUTO_INCREMENT, AUTO_INCREMENT=202;

--
-- AUTO_INCREMENT de la tabla `categories`
--
ALTER TABLE `categories`
  MODIFY `id` int(10) UNSIGNED NOT NULL AUTO_INCREMENT, AUTO_INCREMENT=31;

--
-- AUTO_INCREMENT de la tabla `category_translations`
--
ALTER TABLE `category_translations`
  MODIFY `id` int(10) UNSIGNED NOT NULL AUTO_INCREMENT, AUTO_INCREMENT=31;

--
-- AUTO_INCREMENT de la tabla `coupons`
--
ALTER TABLE `coupons`
  MODIFY `id` int(10) UNSIGNED NOT NULL AUTO_INCREMENT, AUTO_INCREMENT=2;

--
-- AUTO_INCREMENT de la tabla `coupon_translations`
--
ALTER TABLE `coupon_translations`
  MODIFY `id` int(10) UNSIGNED NOT NULL AUTO_INCREMENT, AUTO_INCREMENT=2;

--
-- AUTO_INCREMENT de la tabla `currency_rates`
--
ALTER TABLE `currency_rates`
  MODIFY `id` int(10) UNSIGNED NOT NULL AUTO_INCREMENT, AUTO_INCREMENT=3;

--
-- AUTO_INCREMENT de la tabla `entity_files`
--
ALTER TABLE `entity_files`
  MODIFY `id` int(10) UNSIGNED NOT NULL AUTO_INCREMENT, AUTO_INCREMENT=2269;

--
-- AUTO_INCREMENT de la tabla `files`
--
ALTER TABLE `files`
  MODIFY `id` int(10) UNSIGNED NOT NULL AUTO_INCREMENT, AUTO_INCREMENT=358;

--
-- AUTO_INCREMENT de la tabla `menus`
--
ALTER TABLE `menus`
  MODIFY `id` int(10) UNSIGNED NOT NULL AUTO_INCREMENT, AUTO_INCREMENT=4;

--
-- AUTO_INCREMENT de la tabla `menu_items`
--
ALTER TABLE `menu_items`
  MODIFY `id` int(10) UNSIGNED NOT NULL AUTO_INCREMENT, AUTO_INCREMENT=25;

--
-- AUTO_INCREMENT de la tabla `menu_item_translations`
--
ALTER TABLE `menu_item_translations`
  MODIFY `id` int(10) UNSIGNED NOT NULL AUTO_INCREMENT, AUTO_INCREMENT=25;

--
-- AUTO_INCREMENT de la tabla `menu_translations`
--
ALTER TABLE `menu_translations`
  MODIFY `id` int(10) UNSIGNED NOT NULL AUTO_INCREMENT, AUTO_INCREMENT=4;

--
-- AUTO_INCREMENT de la tabla `meta_data`
--
ALTER TABLE `meta_data`
  MODIFY `id` int(10) UNSIGNED NOT NULL AUTO_INCREMENT, AUTO_INCREMENT=117;

--
-- AUTO_INCREMENT de la tabla `meta_data_translations`
--
ALTER TABLE `meta_data_translations`
  MODIFY `id` int(10) UNSIGNED NOT NULL AUTO_INCREMENT, AUTO_INCREMENT=117;

--
-- AUTO_INCREMENT de la tabla `migrations`
--
ALTER TABLE `migrations`
  MODIFY `id` int(10) UNSIGNED NOT NULL AUTO_INCREMENT, AUTO_INCREMENT=63;

--
-- AUTO_INCREMENT de la tabla `options`
--
ALTER TABLE `options`
  MODIFY `id` int(10) UNSIGNED NOT NULL AUTO_INCREMENT, AUTO_INCREMENT=129;

--
-- AUTO_INCREMENT de la tabla `option_translations`
--
ALTER TABLE `option_translations`
  MODIFY `id` int(10) UNSIGNED NOT NULL AUTO_INCREMENT, AUTO_INCREMENT=129;

--
-- AUTO_INCREMENT de la tabla `option_values`
--
ALTER TABLE `option_values`
  MODIFY `id` int(10) UNSIGNED NOT NULL AUTO_INCREMENT, AUTO_INCREMENT=503;

--
-- AUTO_INCREMENT de la tabla `option_value_translations`
--
ALTER TABLE `option_value_translations`
  MODIFY `id` int(10) UNSIGNED NOT NULL AUTO_INCREMENT, AUTO_INCREMENT=503;

--
-- AUTO_INCREMENT de la tabla `orders`
--
ALTER TABLE `orders`
  MODIFY `id` int(10) UNSIGNED NOT NULL AUTO_INCREMENT, AUTO_INCREMENT=290;

--
-- AUTO_INCREMENT de la tabla `order_products`
--
ALTER TABLE `order_products`
  MODIFY `id` int(10) UNSIGNED NOT NULL AUTO_INCREMENT, AUTO_INCREMENT=345;

--
-- AUTO_INCREMENT de la tabla `order_product_options`
--
ALTER TABLE `order_product_options`
  MODIFY `id` int(10) UNSIGNED NOT NULL AUTO_INCREMENT, AUTO_INCREMENT=206;

--
-- AUTO_INCREMENT de la tabla `pages`
--
ALTER TABLE `pages`
  MODIFY `id` int(10) UNSIGNED NOT NULL AUTO_INCREMENT, AUTO_INCREMENT=7;

--
-- AUTO_INCREMENT de la tabla `page_translations`
--
ALTER TABLE `page_translations`
  MODIFY `id` int(10) UNSIGNED NOT NULL AUTO_INCREMENT, AUTO_INCREMENT=7;

--
-- AUTO_INCREMENT de la tabla `payment_response`
--
ALTER TABLE `payment_response`
  MODIFY `id` int(10) UNSIGNED NOT NULL AUTO_INCREMENT, AUTO_INCREMENT=4;

--
-- AUTO_INCREMENT de la tabla `persistences`
--
ALTER TABLE `persistences`
  MODIFY `id` int(10) UNSIGNED NOT NULL AUTO_INCREMENT, AUTO_INCREMENT=257;

--
-- AUTO_INCREMENT de la tabla `products`
--
ALTER TABLE `products`
  MODIFY `id` int(10) UNSIGNED NOT NULL AUTO_INCREMENT, AUTO_INCREMENT=112;

--
-- AUTO_INCREMENT de la tabla `product_attributes`
--
ALTER TABLE `product_attributes`
  MODIFY `id` int(10) UNSIGNED NOT NULL AUTO_INCREMENT, AUTO_INCREMENT=6522;

--
-- AUTO_INCREMENT de la tabla `product_translations`
--
ALTER TABLE `product_translations`
  MODIFY `id` int(10) UNSIGNED NOT NULL AUTO_INCREMENT, AUTO_INCREMENT=111;

--
-- AUTO_INCREMENT de la tabla `reminders`
--
ALTER TABLE `reminders`
  MODIFY `id` int(10) UNSIGNED NOT NULL AUTO_INCREMENT;

--
-- AUTO_INCREMENT de la tabla `reviews`
--
ALTER TABLE `reviews`
  MODIFY `id` int(10) UNSIGNED NOT NULL AUTO_INCREMENT, AUTO_INCREMENT=112;

--
-- AUTO_INCREMENT de la tabla `roles`
--
ALTER TABLE `roles`
  MODIFY `id` int(10) UNSIGNED NOT NULL AUTO_INCREMENT, AUTO_INCREMENT=4;

--
-- AUTO_INCREMENT de la tabla `role_translations`
--
ALTER TABLE `role_translations`
  MODIFY `id` int(10) UNSIGNED NOT NULL AUTO_INCREMENT, AUTO_INCREMENT=6;

--
-- AUTO_INCREMENT de la tabla `search_terms`
--
ALTER TABLE `search_terms`
  MODIFY `id` int(10) UNSIGNED NOT NULL AUTO_INCREMENT, AUTO_INCREMENT=135;

--
-- AUTO_INCREMENT de la tabla `settings`
--
ALTER TABLE `settings`
  MODIFY `id` int(10) UNSIGNED NOT NULL AUTO_INCREMENT, AUTO_INCREMENT=209;

--
-- AUTO_INCREMENT de la tabla `setting_translations`
--
ALTER TABLE `setting_translations`
  MODIFY `id` int(10) UNSIGNED NOT NULL AUTO_INCREMENT, AUTO_INCREMENT=112;

--
-- AUTO_INCREMENT de la tabla `sliders`
--
ALTER TABLE `sliders`
  MODIFY `id` int(10) UNSIGNED NOT NULL AUTO_INCREMENT, AUTO_INCREMENT=3;

--
-- AUTO_INCREMENT de la tabla `slider_slides`
--
ALTER TABLE `slider_slides`
  MODIFY `id` int(10) UNSIGNED NOT NULL AUTO_INCREMENT, AUTO_INCREMENT=12;

--
-- AUTO_INCREMENT de la tabla `slider_slide_translations`
--
ALTER TABLE `slider_slide_translations`
  MODIFY `id` int(10) UNSIGNED NOT NULL AUTO_INCREMENT, AUTO_INCREMENT=12;

--
-- AUTO_INCREMENT de la tabla `slider_translations`
--
ALTER TABLE `slider_translations`
  MODIFY `id` int(10) UNSIGNED NOT NULL AUTO_INCREMENT, AUTO_INCREMENT=3;

--
-- AUTO_INCREMENT de la tabla `tax_classes`
--
ALTER TABLE `tax_classes`
  MODIFY `id` int(10) UNSIGNED NOT NULL AUTO_INCREMENT, AUTO_INCREMENT=4;

--
-- AUTO_INCREMENT de la tabla `tax_class_translations`
--
ALTER TABLE `tax_class_translations`
  MODIFY `id` int(10) UNSIGNED NOT NULL AUTO_INCREMENT, AUTO_INCREMENT=4;

--
-- AUTO_INCREMENT de la tabla `tax_rates`
--
ALTER TABLE `tax_rates`
  MODIFY `id` int(10) UNSIGNED NOT NULL AUTO_INCREMENT, AUTO_INCREMENT=7;

--
-- AUTO_INCREMENT de la tabla `tax_rate_translations`
--
ALTER TABLE `tax_rate_translations`
  MODIFY `id` int(10) UNSIGNED NOT NULL AUTO_INCREMENT, AUTO_INCREMENT=7;

--
-- AUTO_INCREMENT de la tabla `throttle`
--
ALTER TABLE `throttle`
  MODIFY `id` int(10) UNSIGNED NOT NULL AUTO_INCREMENT, AUTO_INCREMENT=91;

--
-- AUTO_INCREMENT de la tabla `transactions`
--
ALTER TABLE `transactions`
  MODIFY `id` int(10) UNSIGNED NOT NULL AUTO_INCREMENT;

--
-- AUTO_INCREMENT de la tabla `translations`
--
ALTER TABLE `translations`
  MODIFY `id` int(10) UNSIGNED NOT NULL AUTO_INCREMENT, AUTO_INCREMENT=1141;

--
-- AUTO_INCREMENT de la tabla `translation_translations`
--
ALTER TABLE `translation_translations`
  MODIFY `id` int(10) UNSIGNED NOT NULL AUTO_INCREMENT, AUTO_INCREMENT=2259;

--
-- AUTO_INCREMENT de la tabla `users`
--
ALTER TABLE `users`
  MODIFY `id` int(10) UNSIGNED NOT NULL AUTO_INCREMENT, AUTO_INCREMENT=20;

--
-- Restricciones para tablas volcadas
--

--
-- Filtros para la tabla `activations`
--
ALTER TABLE `activations`
  ADD CONSTRAINT `activations_user_id_foreign` FOREIGN KEY (`user_id`) REFERENCES `users` (`id`) ON DELETE CASCADE;

--
-- Filtros para la tabla `attributes`
--
ALTER TABLE `attributes`
  ADD CONSTRAINT `attributes_attribute_set_id_foreign` FOREIGN KEY (`attribute_set_id`) REFERENCES `attribute_sets` (`id`) ON DELETE CASCADE;

--
-- Filtros para la tabla `attribute_categories`
--
ALTER TABLE `attribute_categories`
  ADD CONSTRAINT `attribute_categories_attribute_id_foreign` FOREIGN KEY (`attribute_id`) REFERENCES `attributes` (`id`) ON DELETE CASCADE,
  ADD CONSTRAINT `attribute_categories_category_id_foreign` FOREIGN KEY (`category_id`) REFERENCES `categories` (`id`) ON DELETE CASCADE;

--
-- Filtros para la tabla `attribute_set_translations`
--
ALTER TABLE `attribute_set_translations`
  ADD CONSTRAINT `attribute_set_translations_attribute_set_id_foreign` FOREIGN KEY (`attribute_set_id`) REFERENCES `attribute_sets` (`id`) ON DELETE CASCADE;

--
-- Filtros para la tabla `attribute_translations`
--
ALTER TABLE `attribute_translations`
  ADD CONSTRAINT `attribute_translations_attribute_id_foreign` FOREIGN KEY (`attribute_id`) REFERENCES `attributes` (`id`) ON DELETE CASCADE;

--
-- Filtros para la tabla `attribute_values`
--
ALTER TABLE `attribute_values`
  ADD CONSTRAINT `attribute_values_attribute_id_foreign` FOREIGN KEY (`attribute_id`) REFERENCES `attributes` (`id`) ON DELETE CASCADE;

--
-- Filtros para la tabla `attribute_value_translations`
--
ALTER TABLE `attribute_value_translations`
  ADD CONSTRAINT `attribute_value_translations_attribute_value_id_foreign` FOREIGN KEY (`attribute_value_id`) REFERENCES `attribute_values` (`id`) ON DELETE CASCADE;

--
-- Filtros para la tabla `categories`
--
ALTER TABLE `categories`
  ADD CONSTRAINT `categories_parent_id_foreign` FOREIGN KEY (`parent_id`) REFERENCES `categories` (`id`) ON DELETE CASCADE;

--
-- Filtros para la tabla `category_translations`
--
ALTER TABLE `category_translations`
  ADD CONSTRAINT `category_translations_category_id_foreign` FOREIGN KEY (`category_id`) REFERENCES `categories` (`id`) ON DELETE CASCADE;

--
-- Filtros para la tabla `coupon_categories`
--
ALTER TABLE `coupon_categories`
  ADD CONSTRAINT `coupon_categories_category_id_foreign` FOREIGN KEY (`category_id`) REFERENCES `categories` (`id`) ON DELETE CASCADE,
  ADD CONSTRAINT `coupon_categories_coupon_id_foreign` FOREIGN KEY (`coupon_id`) REFERENCES `coupons` (`id`) ON DELETE CASCADE;

--
-- Filtros para la tabla `coupon_products`
--
ALTER TABLE `coupon_products`
  ADD CONSTRAINT `coupon_products_coupon_id_foreign` FOREIGN KEY (`coupon_id`) REFERENCES `coupons` (`id`) ON DELETE CASCADE,
  ADD CONSTRAINT `coupon_products_product_id_foreign` FOREIGN KEY (`product_id`) REFERENCES `products` (`id`) ON DELETE CASCADE;

--
-- Filtros para la tabla `coupon_translations`
--
ALTER TABLE `coupon_translations`
  ADD CONSTRAINT `coupon_translations_coupon_id_foreign` FOREIGN KEY (`coupon_id`) REFERENCES `coupons` (`id`) ON DELETE CASCADE;

--
-- Filtros para la tabla `cross_sell_products`
--
ALTER TABLE `cross_sell_products`
  ADD CONSTRAINT `cross_sell_products_cross_sell_product_id_foreign` FOREIGN KEY (`cross_sell_product_id`) REFERENCES `products` (`id`) ON DELETE CASCADE,
  ADD CONSTRAINT `cross_sell_products_product_id_foreign` FOREIGN KEY (`product_id`) REFERENCES `products` (`id`) ON DELETE CASCADE;

--
-- Filtros para la tabla `entity_files`
--
ALTER TABLE `entity_files`
  ADD CONSTRAINT `entity_files_file_id_foreign` FOREIGN KEY (`file_id`) REFERENCES `files` (`id`) ON DELETE CASCADE;

--
-- Filtros para la tabla `menu_items`
--
ALTER TABLE `menu_items`
  ADD CONSTRAINT `menu_items_category_id_foreign` FOREIGN KEY (`category_id`) REFERENCES `categories` (`id`) ON DELETE CASCADE,
  ADD CONSTRAINT `menu_items_menu_id_foreign` FOREIGN KEY (`menu_id`) REFERENCES `menus` (`id`) ON DELETE CASCADE,
  ADD CONSTRAINT `menu_items_page_id_foreign` FOREIGN KEY (`page_id`) REFERENCES `pages` (`id`) ON DELETE CASCADE,
  ADD CONSTRAINT `menu_items_parent_id_foreign` FOREIGN KEY (`parent_id`) REFERENCES `menu_items` (`id`) ON DELETE CASCADE;

--
-- Filtros para la tabla `menu_item_translations`
--
ALTER TABLE `menu_item_translations`
  ADD CONSTRAINT `menu_item_translations_menu_item_id_foreign` FOREIGN KEY (`menu_item_id`) REFERENCES `menu_items` (`id`) ON DELETE CASCADE;

--
-- Filtros para la tabla `menu_translations`
--
ALTER TABLE `menu_translations`
  ADD CONSTRAINT `menu_translations_menu_id_foreign` FOREIGN KEY (`menu_id`) REFERENCES `menus` (`id`) ON DELETE CASCADE;

--
-- Filtros para la tabla `meta_data_translations`
--
ALTER TABLE `meta_data_translations`
  ADD CONSTRAINT `meta_data_translations_meta_data_id_foreign` FOREIGN KEY (`meta_data_id`) REFERENCES `meta_data` (`id`) ON DELETE CASCADE;

--
-- Filtros para la tabla `option_translations`
--
ALTER TABLE `option_translations`
  ADD CONSTRAINT `option_translations_option_id_foreign` FOREIGN KEY (`option_id`) REFERENCES `options` (`id`) ON DELETE CASCADE;

--
-- Filtros para la tabla `option_values`
--
ALTER TABLE `option_values`
  ADD CONSTRAINT `option_values_option_id_foreign` FOREIGN KEY (`option_id`) REFERENCES `options` (`id`) ON DELETE CASCADE;

--
-- Filtros para la tabla `option_value_translations`
--
ALTER TABLE `option_value_translations`
  ADD CONSTRAINT `option_value_translations_option_value_id_foreign` FOREIGN KEY (`option_value_id`) REFERENCES `option_values` (`id`) ON DELETE CASCADE;

--
-- Filtros para la tabla `order_products`
--
ALTER TABLE `order_products`
  ADD CONSTRAINT `order_products_order_id_foreign` FOREIGN KEY (`order_id`) REFERENCES `orders` (`id`) ON DELETE CASCADE,
  ADD CONSTRAINT `order_products_product_id_foreign` FOREIGN KEY (`product_id`) REFERENCES `products` (`id`) ON DELETE CASCADE;

--
-- Filtros para la tabla `order_product_options`
--
ALTER TABLE `order_product_options`
  ADD CONSTRAINT `order_product_options_option_id_foreign` FOREIGN KEY (`option_id`) REFERENCES `options` (`id`) ON DELETE CASCADE,
  ADD CONSTRAINT `order_product_options_order_product_id_foreign` FOREIGN KEY (`order_product_id`) REFERENCES `order_products` (`id`) ON DELETE CASCADE;

--
-- Filtros para la tabla `order_product_option_values`
--
ALTER TABLE `order_product_option_values`
  ADD CONSTRAINT `order_product_option_values_option_value_id_foreign` FOREIGN KEY (`option_value_id`) REFERENCES `option_values` (`id`) ON DELETE CASCADE,
  ADD CONSTRAINT `order_product_option_values_order_product_option_id_foreign` FOREIGN KEY (`order_product_option_id`) REFERENCES `order_product_options` (`id`) ON DELETE CASCADE;

--
-- Filtros para la tabla `order_taxes`
--
ALTER TABLE `order_taxes`
  ADD CONSTRAINT `order_taxes_order_id_foreign` FOREIGN KEY (`order_id`) REFERENCES `orders` (`id`) ON DELETE CASCADE,
  ADD CONSTRAINT `order_taxes_tax_rate_id_foreign` FOREIGN KEY (`tax_rate_id`) REFERENCES `tax_rates` (`id`) ON DELETE CASCADE;

--
-- Filtros para la tabla `page_translations`
--
ALTER TABLE `page_translations`
  ADD CONSTRAINT `page_translations_page_id_foreign` FOREIGN KEY (`page_id`) REFERENCES `pages` (`id`) ON DELETE CASCADE;

--
-- Filtros para la tabla `persistences`
--
ALTER TABLE `persistences`
  ADD CONSTRAINT `persistences_user_id_foreign` FOREIGN KEY (`user_id`) REFERENCES `users` (`id`) ON DELETE CASCADE;

--
-- Filtros para la tabla `product_attributes`
--
ALTER TABLE `product_attributes`
  ADD CONSTRAINT `product_attributes_attribute_id_foreign` FOREIGN KEY (`attribute_id`) REFERENCES `attributes` (`id`) ON DELETE CASCADE,
  ADD CONSTRAINT `product_attributes_product_id_foreign` FOREIGN KEY (`product_id`) REFERENCES `products` (`id`) ON DELETE CASCADE;

--
-- Filtros para la tabla `product_attribute_values`
--
ALTER TABLE `product_attribute_values`
  ADD CONSTRAINT `product_attribute_values_attribute_value_id_foreign` FOREIGN KEY (`attribute_value_id`) REFERENCES `attribute_values` (`id`) ON DELETE CASCADE,
  ADD CONSTRAINT `product_attribute_values_product_attribute_id_foreign` FOREIGN KEY (`product_attribute_id`) REFERENCES `product_attributes` (`id`) ON DELETE CASCADE;

--
-- Filtros para la tabla `product_categories`
--
ALTER TABLE `product_categories`
  ADD CONSTRAINT `product_categories_category_id_foreign` FOREIGN KEY (`category_id`) REFERENCES `categories` (`id`) ON DELETE CASCADE,
  ADD CONSTRAINT `product_categories_product_id_foreign` FOREIGN KEY (`product_id`) REFERENCES `products` (`id`) ON DELETE CASCADE;

--
-- Filtros para la tabla `product_options`
--
ALTER TABLE `product_options`
  ADD CONSTRAINT `product_options_option_id_foreign` FOREIGN KEY (`option_id`) REFERENCES `options` (`id`) ON DELETE CASCADE,
  ADD CONSTRAINT `product_options_product_id_foreign` FOREIGN KEY (`product_id`) REFERENCES `products` (`id`) ON DELETE CASCADE;

--
-- Filtros para la tabla `product_translations`
--
ALTER TABLE `product_translations`
  ADD CONSTRAINT `product_translations_product_id_foreign` FOREIGN KEY (`product_id`) REFERENCES `products` (`id`) ON DELETE CASCADE;

--
-- Filtros para la tabla `related_products`
--
ALTER TABLE `related_products`
  ADD CONSTRAINT `related_products_product_id_foreign` FOREIGN KEY (`product_id`) REFERENCES `products` (`id`) ON DELETE CASCADE,
  ADD CONSTRAINT `related_products_related_product_id_foreign` FOREIGN KEY (`related_product_id`) REFERENCES `products` (`id`) ON DELETE CASCADE;

--
-- Filtros para la tabla `reminders`
--
ALTER TABLE `reminders`
  ADD CONSTRAINT `reminders_user_id_foreign` FOREIGN KEY (`user_id`) REFERENCES `users` (`id`) ON DELETE CASCADE;

--
-- Filtros para la tabla `reviews`
--
ALTER TABLE `reviews`
  ADD CONSTRAINT `reviews_product_id_foreign` FOREIGN KEY (`product_id`) REFERENCES `products` (`id`) ON DELETE CASCADE;

--
-- Filtros para la tabla `role_translations`
--
ALTER TABLE `role_translations`
  ADD CONSTRAINT `role_translations_role_id_foreign` FOREIGN KEY (`role_id`) REFERENCES `roles` (`id`) ON DELETE CASCADE;

--
-- Filtros para la tabla `setting_translations`
--
ALTER TABLE `setting_translations`
  ADD CONSTRAINT `setting_translations_setting_id_foreign` FOREIGN KEY (`setting_id`) REFERENCES `settings` (`id`) ON DELETE CASCADE;

--
-- Filtros para la tabla `slider_slides`
--
ALTER TABLE `slider_slides`
  ADD CONSTRAINT `slider_slides_slider_id_foreign` FOREIGN KEY (`slider_id`) REFERENCES `sliders` (`id`) ON DELETE CASCADE;

--
-- Filtros para la tabla `slider_slide_translations`
--
ALTER TABLE `slider_slide_translations`
  ADD CONSTRAINT `slider_slide_translations_slider_slide_id_foreign` FOREIGN KEY (`slider_slide_id`) REFERENCES `slider_slides` (`id`) ON DELETE CASCADE;

--
-- Filtros para la tabla `slider_translations`
--
ALTER TABLE `slider_translations`
  ADD CONSTRAINT `slider_translations_slider_id_foreign` FOREIGN KEY (`slider_id`) REFERENCES `sliders` (`id`) ON DELETE CASCADE;

--
-- Filtros para la tabla `tax_class_translations`
--
ALTER TABLE `tax_class_translations`
  ADD CONSTRAINT `tax_class_translations_tax_class_id_foreign` FOREIGN KEY (`tax_class_id`) REFERENCES `tax_classes` (`id`) ON DELETE CASCADE;

--
-- Filtros para la tabla `tax_rates`
--
ALTER TABLE `tax_rates`
  ADD CONSTRAINT `tax_rates_tax_class_id_foreign` FOREIGN KEY (`tax_class_id`) REFERENCES `tax_classes` (`id`) ON DELETE CASCADE;

--
-- Filtros para la tabla `tax_rate_translations`
--
ALTER TABLE `tax_rate_translations`
  ADD CONSTRAINT `tax_rate_translations_tax_rate_id_foreign` FOREIGN KEY (`tax_rate_id`) REFERENCES `tax_rates` (`id`) ON DELETE CASCADE;

--
-- Filtros para la tabla `throttle`
--
ALTER TABLE `throttle`
  ADD CONSTRAINT `throttle_user_id_foreign` FOREIGN KEY (`user_id`) REFERENCES `users` (`id`) ON DELETE CASCADE;

--
-- Filtros para la tabla `transactions`
--
ALTER TABLE `transactions`
  ADD CONSTRAINT `transactions_order_id_foreign` FOREIGN KEY (`order_id`) REFERENCES `orders` (`id`) ON DELETE CASCADE;

--
-- Filtros para la tabla `translation_translations`
--
ALTER TABLE `translation_translations`
  ADD CONSTRAINT `translation_translations_translation_id_foreign` FOREIGN KEY (`translation_id`) REFERENCES `translations` (`id`) ON DELETE CASCADE;

--
-- Filtros para la tabla `up_sell_products`
--
ALTER TABLE `up_sell_products`
  ADD CONSTRAINT `up_sell_products_product_id_foreign` FOREIGN KEY (`product_id`) REFERENCES `products` (`id`) ON DELETE CASCADE,
  ADD CONSTRAINT `up_sell_products_up_sell_product_id_foreign` FOREIGN KEY (`up_sell_product_id`) REFERENCES `products` (`id`) ON DELETE CASCADE;

--
-- Filtros para la tabla `user_roles`
--
ALTER TABLE `user_roles`
  ADD CONSTRAINT `user_roles_role_id_foreign` FOREIGN KEY (`role_id`) REFERENCES `roles` (`id`) ON DELETE CASCADE,
  ADD CONSTRAINT `user_roles_user_id_foreign` FOREIGN KEY (`user_id`) REFERENCES `users` (`id`) ON DELETE CASCADE;

--
-- Filtros para la tabla `wish_lists`
--
ALTER TABLE `wish_lists`
  ADD CONSTRAINT `wish_lists_product_id_foreign` FOREIGN KEY (`product_id`) REFERENCES `products` (`id`) ON DELETE CASCADE,
  ADD CONSTRAINT `wish_lists_user_id_foreign` FOREIGN KEY (`user_id`) REFERENCES `users` (`id`) ON DELETE CASCADE;
COMMIT;

/*!40101 SET CHARACTER_SET_CLIENT=@OLD_CHARACTER_SET_CLIENT */;
/*!40101 SET CHARACTER_SET_RESULTS=@OLD_CHARACTER_SET_RESULTS */;
/*!40101 SET COLLATION_CONNECTION=@OLD_COLLATION_CONNECTION */;
